Year,EducationInternetType,Region,Value
2015,preschool_wired_gt30,Ukraine,
2015,preschool_wired_gt30,autonomous_Republic_of_Crimea,
2015,preschool_wired_gt30,11_reg_Vinnytsya,
2015,preschool_wired_gt30,12_reg_Volyn,
2015,preschool_wired_gt30,13_reg_Dnipropetrovsk,
2015,preschool_wired_gt30,14_reg_Donetsk,
2015,preschool_wired_gt30,15_reg_Zhytomyr,
2015,preschool_wired_gt30,16_reg_Zakarpattya,
2015,preschool_wired_gt30,17_reg_Zaporizhzhya,
2015,preschool_wired_gt30,18_reg_Ivano-Frankivsk,
2015,preschool_wired_gt30,19_reg_Kyiv,
2015,preschool_wired_gt30,20_reg_Kirovohrad,
2015,preschool_wired_gt30,21_reg_Luhansk,
2015,preschool_wired_gt30,22_reg_Lviv,
2015,preschool_wired_gt30,23_reg_Mykolayiv,
2015,preschool_wired_gt30,24_reg_Odesa,
2015,preschool_wired_gt30,25_reg_Poltava,
2015,preschool_wired_gt30,26_reg_Rivne,
2015,preschool_wired_gt30,27_reg_Sumy,
2015,preschool_wired_gt30,28_reg_Ternopil,
2015,preschool_wired_gt30,29_reg_Kharkiv,
2015,preschool_wired_gt30,30_reg_Kherson,
2015,preschool_wired_gt30,31_reg_Khmelnytskiy,
2015,preschool_wired_gt30,32_reg_Cherkasy,
2015,preschool_wired_gt30,33_reg_Chernivtsi,
2015,preschool_wired_gt30,34_reg_Chernihiv,
2015,preschool_wired_gt30,Kyiv_city,
2015,preschool_wired_gt30,city_Sevastopol,
2016,preschool_wired_gt30,Ukraine,
2016,preschool_wired_gt30,autonomous_Republic_of_Crimea,
2016,preschool_wired_gt30,11_reg_Vinnytsya,
2016,preschool_wired_gt30,12_reg_Volyn,
2016,preschool_wired_gt30,13_reg_Dnipropetrovsk,
2016,preschool_wired_gt30,14_reg_Donetsk,
2016,preschool_wired_gt30,15_reg_Zhytomyr,
2016,preschool_wired_gt30,16_reg_Zakarpattya,
2016,preschool_wired_gt30,17_reg_Zaporizhzhya,
2016,preschool_wired_gt30,18_reg_Ivano-Frankivsk,
2016,preschool_wired_gt30,19_reg_Kyiv,
2016,preschool_wired_gt30,20_reg_Kirovohrad,
2016,preschool_wired_gt30,21_reg_Luhansk,
2016,preschool_wired_gt30,22_reg_Lviv,
2016,preschool_wired_gt30,23_reg_Mykolayiv,
2016,preschool_wired_gt30,24_reg_Odesa,
2016,preschool_wired_gt30,25_reg_Poltava,
2016,preschool_wired_gt30,26_reg_Rivne,
2016,preschool_wired_gt30,27_reg_Sumy,
2016,preschool_wired_gt30,28_reg_Ternopil,
2016,preschool_wired_gt30,29_reg_Kharkiv,
2016,preschool_wired_gt30,30_reg_Kherson,
2016,preschool_wired_gt30,31_reg_Khmelnytskiy,
2016,preschool_wired_gt30,32_reg_Cherkasy,
2016,preschool_wired_gt30,33_reg_Chernivtsi,
2016,preschool_wired_gt30,34_reg_Chernihiv,
2016,preschool_wired_gt30,Kyiv_city,
2016,preschool_wired_gt30,city_Sevastopol,
2017,preschool_wired_gt30,Ukraine,
2017,preschool_wired_gt30,autonomous_Republic_of_Crimea,
2017,preschool_wired_gt30,11_reg_Vinnytsya,
2017,preschool_wired_gt30,12_reg_Volyn,
2017,preschool_wired_gt30,13_reg_Dnipropetrovsk,
2017,preschool_wired_gt30,14_reg_Donetsk,
2017,preschool_wired_gt30,15_reg_Zhytomyr,
2017,preschool_wired_gt30,16_reg_Zakarpattya,
2017,preschool_wired_gt30,17_reg_Zaporizhzhya,
2017,preschool_wired_gt30,18_reg_Ivano-Frankivsk,
2017,preschool_wired_gt30,19_reg_Kyiv,
2017,preschool_wired_gt30,20_reg_Kirovohrad,
2017,preschool_wired_gt30,21_reg_Luhansk,
2017,preschool_wired_gt30,22_reg_Lviv,
2017,preschool_wired_gt30,23_reg_Mykolayiv,
2017,preschool_wired_gt30,24_reg_Odesa,
2017,preschool_wired_gt30,25_reg_Poltava,
2017,preschool_wired_gt30,26_reg_Rivne,
2017,preschool_wired_gt30,27_reg_Sumy,
2017,preschool_wired_gt30,28_reg_Ternopil,
2017,preschool_wired_gt30,29_reg_Kharkiv,
2017,preschool_wired_gt30,30_reg_Kherson,
2017,preschool_wired_gt30,31_reg_Khmelnytskiy,
2017,preschool_wired_gt30,32_reg_Cherkasy,
2017,preschool_wired_gt30,33_reg_Chernivtsi,
2017,preschool_wired_gt30,34_reg_Chernihiv,
2017,preschool_wired_gt30,Kyiv_city,
2017,preschool_wired_gt30,city_Sevastopol,
2018,preschool_wired_gt30,Ukraine,
2018,preschool_wired_gt30,autonomous_Republic_of_Crimea,
2018,preschool_wired_gt30,11_reg_Vinnytsya,
2018,preschool_wired_gt30,12_reg_Volyn,
2018,preschool_wired_gt30,13_reg_Dnipropetrovsk,
2018,preschool_wired_gt30,14_reg_Donetsk,
2018,preschool_wired_gt30,15_reg_Zhytomyr,
2018,preschool_wired_gt30,16_reg_Zakarpattya,
2018,preschool_wired_gt30,17_reg_Zaporizhzhya,
2018,preschool_wired_gt30,18_reg_Ivano-Frankivsk,
2018,preschool_wired_gt30,19_reg_Kyiv,
2018,preschool_wired_gt30,20_reg_Kirovohrad,
2018,preschool_wired_gt30,21_reg_Luhansk,
2018,preschool_wired_gt30,22_reg_Lviv,
2018,preschool_wired_gt30,23_reg_Mykolayiv,
2018,preschool_wired_gt30,24_reg_Odesa,
2018,preschool_wired_gt30,25_reg_Poltava,
2018,preschool_wired_gt30,26_reg_Rivne,
2018,preschool_wired_gt30,27_reg_Sumy,
2018,preschool_wired_gt30,28_reg_Ternopil,
2018,preschool_wired_gt30,29_reg_Kharkiv,
2018,preschool_wired_gt30,30_reg_Kherson,
2018,preschool_wired_gt30,31_reg_Khmelnytskiy,
2018,preschool_wired_gt30,32_reg_Cherkasy,
2018,preschool_wired_gt30,33_reg_Chernivtsi,
2018,preschool_wired_gt30,34_reg_Chernihiv,
2018,preschool_wired_gt30,Kyiv_city,
2018,preschool_wired_gt30,city_Sevastopol,
2019,preschool_wired_gt30,Ukraine,
2019,preschool_wired_gt30,autonomous_Republic_of_Crimea,
2019,preschool_wired_gt30,11_reg_Vinnytsya,
2019,preschool_wired_gt30,12_reg_Volyn,
2019,preschool_wired_gt30,13_reg_Dnipropetrovsk,
2019,preschool_wired_gt30,14_reg_Donetsk,
2019,preschool_wired_gt30,15_reg_Zhytomyr,
2019,preschool_wired_gt30,16_reg_Zakarpattya,
2019,preschool_wired_gt30,17_reg_Zaporizhzhya,
2019,preschool_wired_gt30,18_reg_Ivano-Frankivsk,
2019,preschool_wired_gt30,19_reg_Kyiv,
2019,preschool_wired_gt30,20_reg_Kirovohrad,
2019,preschool_wired_gt30,21_reg_Luhansk,
2019,preschool_wired_gt30,22_reg_Lviv,
2019,preschool_wired_gt30,23_reg_Mykolayiv,
2019,preschool_wired_gt30,24_reg_Odesa,
2019,preschool_wired_gt30,25_reg_Poltava,
2019,preschool_wired_gt30,26_reg_Rivne,
2019,preschool_wired_gt30,27_reg_Sumy,
2019,preschool_wired_gt30,28_reg_Ternopil,
2019,preschool_wired_gt30,29_reg_Kharkiv,
2019,preschool_wired_gt30,30_reg_Kherson,
2019,preschool_wired_gt30,31_reg_Khmelnytskiy,
2019,preschool_wired_gt30,32_reg_Cherkasy,
2019,preschool_wired_gt30,33_reg_Chernivtsi,
2019,preschool_wired_gt30,34_reg_Chernihiv,
2019,preschool_wired_gt30,Kyiv_city,
2019,preschool_wired_gt30,city_Sevastopol,
2020,preschool_wired_gt30,Ukraine,
2020,preschool_wired_gt30,autonomous_Republic_of_Crimea,
2020,preschool_wired_gt30,11_reg_Vinnytsya,
2020,preschool_wired_gt30,12_reg_Volyn,
2020,preschool_wired_gt30,13_reg_Dnipropetrovsk,
2020,preschool_wired_gt30,14_reg_Donetsk,
2020,preschool_wired_gt30,15_reg_Zhytomyr,
2020,preschool_wired_gt30,16_reg_Zakarpattya,
2020,preschool_wired_gt30,17_reg_Zaporizhzhya,
2020,preschool_wired_gt30,18_reg_Ivano-Frankivsk,
2020,preschool_wired_gt30,19_reg_Kyiv,
2020,preschool_wired_gt30,20_reg_Kirovohrad,
2020,preschool_wired_gt30,21_reg_Luhansk,
2020,preschool_wired_gt30,22_reg_Lviv,
2020,preschool_wired_gt30,23_reg_Mykolayiv,
2020,preschool_wired_gt30,24_reg_Odesa,
2020,preschool_wired_gt30,25_reg_Poltava,
2020,preschool_wired_gt30,26_reg_Rivne,
2020,preschool_wired_gt30,27_reg_Sumy,
2020,preschool_wired_gt30,28_reg_Ternopil,
2020,preschool_wired_gt30,29_reg_Kharkiv,
2020,preschool_wired_gt30,30_reg_Kherson,
2020,preschool_wired_gt30,31_reg_Khmelnytskiy,
2020,preschool_wired_gt30,32_reg_Cherkasy,
2020,preschool_wired_gt30,33_reg_Chernivtsi,
2020,preschool_wired_gt30,34_reg_Chernihiv,
2020,preschool_wired_gt30,Kyiv_city,
2020,preschool_wired_gt30,city_Sevastopol,
2021,preschool_wired_gt30,Ukraine,
2021,preschool_wired_gt30,autonomous_Republic_of_Crimea,
2021,preschool_wired_gt30,11_reg_Vinnytsya,
2021,preschool_wired_gt30,12_reg_Volyn,
2021,preschool_wired_gt30,13_reg_Dnipropetrovsk,
2021,preschool_wired_gt30,14_reg_Donetsk,
2021,preschool_wired_gt30,15_reg_Zhytomyr,
2021,preschool_wired_gt30,16_reg_Zakarpattya,
2021,preschool_wired_gt30,17_reg_Zaporizhzhya,
2021,preschool_wired_gt30,18_reg_Ivano-Frankivsk,
2021,preschool_wired_gt30,19_reg_Kyiv,
2021,preschool_wired_gt30,20_reg_Kirovohrad,
2021,preschool_wired_gt30,21_reg_Luhansk,
2021,preschool_wired_gt30,22_reg_Lviv,
2021,preschool_wired_gt30,23_reg_Mykolayiv,
2021,preschool_wired_gt30,24_reg_Odesa,
2021,preschool_wired_gt30,25_reg_Poltava,
2021,preschool_wired_gt30,26_reg_Rivne,
2021,preschool_wired_gt30,27_reg_Sumy,
2021,preschool_wired_gt30,28_reg_Ternopil,
2021,preschool_wired_gt30,29_reg_Kharkiv,
2021,preschool_wired_gt30,30_reg_Kherson,
2021,preschool_wired_gt30,31_reg_Khmelnytskiy,
2021,preschool_wired_gt30,32_reg_Cherkasy,
2021,preschool_wired_gt30,33_reg_Chernivtsi,
2021,preschool_wired_gt30,34_reg_Chernihiv,
2021,preschool_wired_gt30,Kyiv_city,
2021,preschool_wired_gt30,city_Sevastopol,
2022,preschool_wired_gt30,Ukraine,58.66
2022,preschool_wired_gt30,autonomous_Republic_of_Crimea,
2022,preschool_wired_gt30,11_reg_Vinnytsya,51.54
2022,preschool_wired_gt30,12_reg_Volyn,50.52
2022,preschool_wired_gt30,13_reg_Dnipropetrovsk,54.72
2022,preschool_wired_gt30,14_reg_Donetsk,51.25
2022,preschool_wired_gt30,15_reg_Zhytomyr,65.18
2022,preschool_wired_gt30,16_reg_Zakarpattya,52.08
2022,preschool_wired_gt30,17_reg_Zaporizhzhya,45.43
2022,preschool_wired_gt30,18_reg_Ivano-Frankivsk,55.36
2022,preschool_wired_gt30,19_reg_Kyiv,66.96
2022,preschool_wired_gt30,20_reg_Kirovohrad,43.64
2022,preschool_wired_gt30,21_reg_Luhansk,0.0
2022,preschool_wired_gt30,22_reg_Lviv,55.11
2022,preschool_wired_gt30,23_reg_Mykolayiv,51.18
2022,preschool_wired_gt30,24_reg_Odesa,71.9
2022,preschool_wired_gt30,25_reg_Poltava,56.09
2022,preschool_wired_gt30,26_reg_Rivne,49.03
2022,preschool_wired_gt30,27_reg_Sumy,73.28
2022,preschool_wired_gt30,28_reg_Ternopil,50.75
2022,preschool_wired_gt30,29_reg_Kharkiv,62.64
2022,preschool_wired_gt30,30_reg_Kherson,27.32
2022,preschool_wired_gt30,31_reg_Khmelnytskiy,61.88
2022,preschool_wired_gt30,32_reg_Cherkasy,64.58
2022,preschool_wired_gt30,33_reg_Chernivtsi,87.95
2022,preschool_wired_gt30,34_reg_Chernihiv,43.53
2022,preschool_wired_gt30,Kyiv_city,80.91
2022,preschool_wired_gt30,city_Sevastopol,
2023,preschool_wired_gt30,Ukraine,62.15
2023,preschool_wired_gt30,autonomous_Republic_of_Crimea,
2023,preschool_wired_gt30,11_reg_Vinnytsya,58.78
2023,preschool_wired_gt30,12_reg_Volyn,54.05
2023,preschool_wired_gt30,13_reg_Dnipropetrovsk,54.86
2023,preschool_wired_gt30,14_reg_Donetsk,48.81
2023,preschool_wired_gt30,15_reg_Zhytomyr,66.83
2023,preschool_wired_gt30,16_reg_Zakarpattya,56.09
2023,preschool_wired_gt30,17_reg_Zaporizhzhya,50.47
2023,preschool_wired_gt30,18_reg_Ivano-Frankivsk,58.11
2023,preschool_wired_gt30,19_reg_Kyiv,71.71
2023,preschool_wired_gt30,20_reg_Kirovohrad,50.35
2023,preschool_wired_gt30,21_reg_Luhansk,0.0
2023,preschool_wired_gt30,22_reg_Lviv,57.8
2023,preschool_wired_gt30,23_reg_Mykolayiv,57.02
2023,preschool_wired_gt30,24_reg_Odesa,76.56
2023,preschool_wired_gt30,25_reg_Poltava,61.47
2023,preschool_wired_gt30,26_reg_Rivne,55.11
2023,preschool_wired_gt30,27_reg_Sumy,76.35
2023,preschool_wired_gt30,28_reg_Ternopil,58.14
2023,preschool_wired_gt30,29_reg_Kharkiv,63.89
2023,preschool_wired_gt30,30_reg_Kherson,19.83
2023,preschool_wired_gt30,31_reg_Khmelnytskiy,65.13
2023,preschool_wired_gt30,32_reg_Cherkasy,71.48
2023,preschool_wired_gt30,33_reg_Chernivtsi,86.7
2023,preschool_wired_gt30,34_reg_Chernihiv,45.95
2023,preschool_wired_gt30,Kyiv_city,78.73
2023,preschool_wired_gt30,city_Sevastopol,
2024,preschool_wired_gt30,Ukraine,65.1
2024,preschool_wired_gt30,autonomous_Republic_of_Crimea,
2024,preschool_wired_gt30,11_reg_Vinnytsya,60.52
2024,preschool_wired_gt30,12_reg_Volyn,56.5
2024,preschool_wired_gt30,13_reg_Dnipropetrovsk,54.4
2024,preschool_wired_gt30,14_reg_Donetsk,50.21
2024,preschool_wired_gt30,15_reg_Zhytomyr,68.36
2024,preschool_wired_gt30,16_reg_Zakarpattya,57.43
2024,preschool_wired_gt30,17_reg_Zaporizhzhya,77.08
2024,preschool_wired_gt30,18_reg_Ivano-Frankivsk,59.55
2024,preschool_wired_gt30,19_reg_Kyiv,74.26
2024,preschool_wired_gt30,20_reg_Kirovohrad,57.28
2024,preschool_wired_gt30,21_reg_Luhansk,14.29
2024,preschool_wired_gt30,22_reg_Lviv,61.52
2024,preschool_wired_gt30,23_reg_Mykolayiv,58.5
2024,preschool_wired_gt30,24_reg_Odesa,77.29
2024,preschool_wired_gt30,25_reg_Poltava,62.32
2024,preschool_wired_gt30,26_reg_Rivne,57.09
2024,preschool_wired_gt30,27_reg_Sumy,74.43
2024,preschool_wired_gt30,28_reg_Ternopil,64.52
2024,preschool_wired_gt30,29_reg_Kharkiv,63.53
2024,preschool_wired_gt30,30_reg_Kherson,14.68
2024,preschool_wired_gt30,31_reg_Khmelnytskiy,67.72
2024,preschool_wired_gt30,32_reg_Cherkasy,75.66
2024,preschool_wired_gt30,33_reg_Chernivtsi,88.24
2024,preschool_wired_gt30,34_reg_Chernihiv,50.27
2024,preschool_wired_gt30,Kyiv_city,81.16
2024,preschool_wired_gt30,city_Sevastopol,
2025,preschool_wired_gt30,Ukraine,67.48
2025,preschool_wired_gt30,autonomous_Republic_of_Crimea,
2025,preschool_wired_gt30,11_reg_Vinnytsya,61.39
2025,preschool_wired_gt30,12_reg_Volyn,62.05
2025,preschool_wired_gt30,13_reg_Dnipropetrovsk,64.31
2025,preschool_wired_gt30,14_reg_Donetsk,0.2
2025,preschool_wired_gt30,15_reg_Zhytomyr,68.36
2025,preschool_wired_gt30,16_reg_Zakarpattya,63.49
2025,preschool_wired_gt30,17_reg_Zaporizhzhya,75.39
2025,preschool_wired_gt30,18_reg_Ivano-Frankivsk,59.46
2025,preschool_wired_gt30,19_reg_Kyiv,75.36
2025,preschool_wired_gt30,20_reg_Kirovohrad,61.41
2025,preschool_wired_gt30,21_reg_Luhansk,35.71
2025,preschool_wired_gt30,22_reg_Lviv,65.63
2025,preschool_wired_gt30,23_reg_Mykolayiv,62.0
2025,preschool_wired_gt30,24_reg_Odesa,77.72
2025,preschool_wired_gt30,25_reg_Poltava,65.28
2025,preschool_wired_gt30,26_reg_Rivne,67.87
2025,preschool_wired_gt30,27_reg_Sumy,80.72
2025,preschool_wired_gt30,28_reg_Ternopil,65.04
2025,preschool_wired_gt30,29_reg_Kharkiv,71.9
2025,preschool_wired_gt30,30_reg_Kherson,13.04
2025,preschool_wired_gt30,31_reg_Khmelnytskiy,74.61
2025,preschool_wired_gt30,32_reg_Cherkasy,76.53
2025,preschool_wired_gt30,33_reg_Chernivtsi,84.92
2025,preschool_wired_gt30,34_reg_Chernihiv,54.26
2025,preschool_wired_gt30,Kyiv_city,83.84
2025,preschool_wired_gt30,city_Sevastopol,
2015,preschool_wireless_gt30,Ukraine,
2015,preschool_wireless_gt30,autonomous_Republic_of_Crimea,
2015,preschool_wireless_gt30,11_reg_Vinnytsya,
2015,preschool_wireless_gt30,12_reg_Volyn,
2015,preschool_wireless_gt30,13_reg_Dnipropetrovsk,
2015,preschool_wireless_gt30,14_reg_Donetsk,
2015,preschool_wireless_gt30,15_reg_Zhytomyr,
2015,preschool_wireless_gt30,16_reg_Zakarpattya,
2015,preschool_wireless_gt30,17_reg_Zaporizhzhya,
2015,preschool_wireless_gt30,18_reg_Ivano-Frankivsk,
2015,preschool_wireless_gt30,19_reg_Kyiv,
2015,preschool_wireless_gt30,20_reg_Kirovohrad,
2015,preschool_wireless_gt30,21_reg_Luhansk,
2015,preschool_wireless_gt30,22_reg_Lviv,
2015,preschool_wireless_gt30,23_reg_Mykolayiv,
2015,preschool_wireless_gt30,24_reg_Odesa,
2015,preschool_wireless_gt30,25_reg_Poltava,
2015,preschool_wireless_gt30,26_reg_Rivne,
2015,preschool_wireless_gt30,27_reg_Sumy,
2015,preschool_wireless_gt30,28_reg_Ternopil,
2015,preschool_wireless_gt30,29_reg_Kharkiv,
2015,preschool_wireless_gt30,30_reg_Kherson,
2015,preschool_wireless_gt30,31_reg_Khmelnytskiy,
2015,preschool_wireless_gt30,32_reg_Cherkasy,
2015,preschool_wireless_gt30,33_reg_Chernivtsi,
2015,preschool_wireless_gt30,34_reg_Chernihiv,
2015,preschool_wireless_gt30,Kyiv_city,
2015,preschool_wireless_gt30,city_Sevastopol,
2016,preschool_wireless_gt30,Ukraine,
2016,preschool_wireless_gt30,autonomous_Republic_of_Crimea,
2016,preschool_wireless_gt30,11_reg_Vinnytsya,
2016,preschool_wireless_gt30,12_reg_Volyn,
2016,preschool_wireless_gt30,13_reg_Dnipropetrovsk,
2016,preschool_wireless_gt30,14_reg_Donetsk,
2016,preschool_wireless_gt30,15_reg_Zhytomyr,
2016,preschool_wireless_gt30,16_reg_Zakarpattya,
2016,preschool_wireless_gt30,17_reg_Zaporizhzhya,
2016,preschool_wireless_gt30,18_reg_Ivano-Frankivsk,
2016,preschool_wireless_gt30,19_reg_Kyiv,
2016,preschool_wireless_gt30,20_reg_Kirovohrad,
2016,preschool_wireless_gt30,21_reg_Luhansk,
2016,preschool_wireless_gt30,22_reg_Lviv,
2016,preschool_wireless_gt30,23_reg_Mykolayiv,
2016,preschool_wireless_gt30,24_reg_Odesa,
2016,preschool_wireless_gt30,25_reg_Poltava,
2016,preschool_wireless_gt30,26_reg_Rivne,
2016,preschool_wireless_gt30,27_reg_Sumy,
2016,preschool_wireless_gt30,28_reg_Ternopil,
2016,preschool_wireless_gt30,29_reg_Kharkiv,
2016,preschool_wireless_gt30,30_reg_Kherson,
2016,preschool_wireless_gt30,31_reg_Khmelnytskiy,
2016,preschool_wireless_gt30,32_reg_Cherkasy,
2016,preschool_wireless_gt30,33_reg_Chernivtsi,
2016,preschool_wireless_gt30,34_reg_Chernihiv,
2016,preschool_wireless_gt30,Kyiv_city,
2016,preschool_wireless_gt30,city_Sevastopol,
2017,preschool_wireless_gt30,Ukraine,
2017,preschool_wireless_gt30,autonomous_Republic_of_Crimea,
2017,preschool_wireless_gt30,11_reg_Vinnytsya,
2017,preschool_wireless_gt30,12_reg_Volyn,
2017,preschool_wireless_gt30,13_reg_Dnipropetrovsk,
2017,preschool_wireless_gt30,14_reg_Donetsk,
2017,preschool_wireless_gt30,15_reg_Zhytomyr,
2017,preschool_wireless_gt30,16_reg_Zakarpattya,
2017,preschool_wireless_gt30,17_reg_Zaporizhzhya,
2017,preschool_wireless_gt30,18_reg_Ivano-Frankivsk,
2017,preschool_wireless_gt30,19_reg_Kyiv,
2017,preschool_wireless_gt30,20_reg_Kirovohrad,
2017,preschool_wireless_gt30,21_reg_Luhansk,
2017,preschool_wireless_gt30,22_reg_Lviv,
2017,preschool_wireless_gt30,23_reg_Mykolayiv,
2017,preschool_wireless_gt30,24_reg_Odesa,
2017,preschool_wireless_gt30,25_reg_Poltava,
2017,preschool_wireless_gt30,26_reg_Rivne,
2017,preschool_wireless_gt30,27_reg_Sumy,
2017,preschool_wireless_gt30,28_reg_Ternopil,
2017,preschool_wireless_gt30,29_reg_Kharkiv,
2017,preschool_wireless_gt30,30_reg_Kherson,
2017,preschool_wireless_gt30,31_reg_Khmelnytskiy,
2017,preschool_wireless_gt30,32_reg_Cherkasy,
2017,preschool_wireless_gt30,33_reg_Chernivtsi,
2017,preschool_wireless_gt30,34_reg_Chernihiv,
2017,preschool_wireless_gt30,Kyiv_city,
2017,preschool_wireless_gt30,city_Sevastopol,
2018,preschool_wireless_gt30,Ukraine,
2018,preschool_wireless_gt30,autonomous_Republic_of_Crimea,
2018,preschool_wireless_gt30,11_reg_Vinnytsya,
2018,preschool_wireless_gt30,12_reg_Volyn,
2018,preschool_wireless_gt30,13_reg_Dnipropetrovsk,
2018,preschool_wireless_gt30,14_reg_Donetsk,
2018,preschool_wireless_gt30,15_reg_Zhytomyr,
2018,preschool_wireless_gt30,16_reg_Zakarpattya,
2018,preschool_wireless_gt30,17_reg_Zaporizhzhya,
2018,preschool_wireless_gt30,18_reg_Ivano-Frankivsk,
2018,preschool_wireless_gt30,19_reg_Kyiv,
2018,preschool_wireless_gt30,20_reg_Kirovohrad,
2018,preschool_wireless_gt30,21_reg_Luhansk,
2018,preschool_wireless_gt30,22_reg_Lviv,
2018,preschool_wireless_gt30,23_reg_Mykolayiv,
2018,preschool_wireless_gt30,24_reg_Odesa,
2018,preschool_wireless_gt30,25_reg_Poltava,
2018,preschool_wireless_gt30,26_reg_Rivne,
2018,preschool_wireless_gt30,27_reg_Sumy,
2018,preschool_wireless_gt30,28_reg_Ternopil,
2018,preschool_wireless_gt30,29_reg_Kharkiv,
2018,preschool_wireless_gt30,30_reg_Kherson,
2018,preschool_wireless_gt30,31_reg_Khmelnytskiy,
2018,preschool_wireless_gt30,32_reg_Cherkasy,
2018,preschool_wireless_gt30,33_reg_Chernivtsi,
2018,preschool_wireless_gt30,34_reg_Chernihiv,
2018,preschool_wireless_gt30,Kyiv_city,
2018,preschool_wireless_gt30,city_Sevastopol,
2019,preschool_wireless_gt30,Ukraine,
2019,preschool_wireless_gt30,autonomous_Republic_of_Crimea,
2019,preschool_wireless_gt30,11_reg_Vinnytsya,
2019,preschool_wireless_gt30,12_reg_Volyn,
2019,preschool_wireless_gt30,13_reg_Dnipropetrovsk,
2019,preschool_wireless_gt30,14_reg_Donetsk,
2019,preschool_wireless_gt30,15_reg_Zhytomyr,
2019,preschool_wireless_gt30,16_reg_Zakarpattya,
2019,preschool_wireless_gt30,17_reg_Zaporizhzhya,
2019,preschool_wireless_gt30,18_reg_Ivano-Frankivsk,
2019,preschool_wireless_gt30,19_reg_Kyiv,
2019,preschool_wireless_gt30,20_reg_Kirovohrad,
2019,preschool_wireless_gt30,21_reg_Luhansk,
2019,preschool_wireless_gt30,22_reg_Lviv,
2019,preschool_wireless_gt30,23_reg_Mykolayiv,
2019,preschool_wireless_gt30,24_reg_Odesa,
2019,preschool_wireless_gt30,25_reg_Poltava,
2019,preschool_wireless_gt30,26_reg_Rivne,
2019,preschool_wireless_gt30,27_reg_Sumy,
2019,preschool_wireless_gt30,28_reg_Ternopil,
2019,preschool_wireless_gt30,29_reg_Kharkiv,
2019,preschool_wireless_gt30,30_reg_Kherson,
2019,preschool_wireless_gt30,31_reg_Khmelnytskiy,
2019,preschool_wireless_gt30,32_reg_Cherkasy,
2019,preschool_wireless_gt30,33_reg_Chernivtsi,
2019,preschool_wireless_gt30,34_reg_Chernihiv,
2019,preschool_wireless_gt30,Kyiv_city,
2019,preschool_wireless_gt30,city_Sevastopol,
2020,preschool_wireless_gt30,Ukraine,
2020,preschool_wireless_gt30,autonomous_Republic_of_Crimea,
2020,preschool_wireless_gt30,11_reg_Vinnytsya,
2020,preschool_wireless_gt30,12_reg_Volyn,
2020,preschool_wireless_gt30,13_reg_Dnipropetrovsk,
2020,preschool_wireless_gt30,14_reg_Donetsk,
2020,preschool_wireless_gt30,15_reg_Zhytomyr,
2020,preschool_wireless_gt30,16_reg_Zakarpattya,
2020,preschool_wireless_gt30,17_reg_Zaporizhzhya,
2020,preschool_wireless_gt30,18_reg_Ivano-Frankivsk,
2020,preschool_wireless_gt30,19_reg_Kyiv,
2020,preschool_wireless_gt30,20_reg_Kirovohrad,
2020,preschool_wireless_gt30,21_reg_Luhansk,
2020,preschool_wireless_gt30,22_reg_Lviv,
2020,preschool_wireless_gt30,23_reg_Mykolayiv,
2020,preschool_wireless_gt30,24_reg_Odesa,
2020,preschool_wireless_gt30,25_reg_Poltava,
2020,preschool_wireless_gt30,26_reg_Rivne,
2020,preschool_wireless_gt30,27_reg_Sumy,
2020,preschool_wireless_gt30,28_reg_Ternopil,
2020,preschool_wireless_gt30,29_reg_Kharkiv,
2020,preschool_wireless_gt30,30_reg_Kherson,
2020,preschool_wireless_gt30,31_reg_Khmelnytskiy,
2020,preschool_wireless_gt30,32_reg_Cherkasy,
2020,preschool_wireless_gt30,33_reg_Chernivtsi,
2020,preschool_wireless_gt30,34_reg_Chernihiv,
2020,preschool_wireless_gt30,Kyiv_city,
2020,preschool_wireless_gt30,city_Sevastopol,
2021,preschool_wireless_gt30,Ukraine,
2021,preschool_wireless_gt30,autonomous_Republic_of_Crimea,
2021,preschool_wireless_gt30,11_reg_Vinnytsya,
2021,preschool_wireless_gt30,12_reg_Volyn,
2021,preschool_wireless_gt30,13_reg_Dnipropetrovsk,
2021,preschool_wireless_gt30,14_reg_Donetsk,
2021,preschool_wireless_gt30,15_reg_Zhytomyr,
2021,preschool_wireless_gt30,16_reg_Zakarpattya,
2021,preschool_wireless_gt30,17_reg_Zaporizhzhya,
2021,preschool_wireless_gt30,18_reg_Ivano-Frankivsk,
2021,preschool_wireless_gt30,19_reg_Kyiv,
2021,preschool_wireless_gt30,20_reg_Kirovohrad,
2021,preschool_wireless_gt30,21_reg_Luhansk,
2021,preschool_wireless_gt30,22_reg_Lviv,
2021,preschool_wireless_gt30,23_reg_Mykolayiv,
2021,preschool_wireless_gt30,24_reg_Odesa,
2021,preschool_wireless_gt30,25_reg_Poltava,
2021,preschool_wireless_gt30,26_reg_Rivne,
2021,preschool_wireless_gt30,27_reg_Sumy,
2021,preschool_wireless_gt30,28_reg_Ternopil,
2021,preschool_wireless_gt30,29_reg_Kharkiv,
2021,preschool_wireless_gt30,30_reg_Kherson,
2021,preschool_wireless_gt30,31_reg_Khmelnytskiy,
2021,preschool_wireless_gt30,32_reg_Cherkasy,
2021,preschool_wireless_gt30,33_reg_Chernivtsi,
2021,preschool_wireless_gt30,34_reg_Chernihiv,
2021,preschool_wireless_gt30,Kyiv_city,
2021,preschool_wireless_gt30,city_Sevastopol,
2022,preschool_wireless_gt30,Ukraine,30.75
2022,preschool_wireless_gt30,autonomous_Republic_of_Crimea,
2022,preschool_wireless_gt30,11_reg_Vinnytsya,30.34
2022,preschool_wireless_gt30,12_reg_Volyn,29.07
2022,preschool_wireless_gt30,13_reg_Dnipropetrovsk,33.26
2022,preschool_wireless_gt30,14_reg_Donetsk,35.1
2022,preschool_wireless_gt30,15_reg_Zhytomyr,39.94
2022,preschool_wireless_gt30,16_reg_Zakarpattya,42.26
2022,preschool_wireless_gt30,17_reg_Zaporizhzhya,17.2
2022,preschool_wireless_gt30,18_reg_Ivano-Frankivsk,30.9
2022,preschool_wireless_gt30,19_reg_Kyiv,41.58
2022,preschool_wireless_gt30,20_reg_Kirovohrad,28.41
2022,preschool_wireless_gt30,21_reg_Luhansk,0.0
2022,preschool_wireless_gt30,22_reg_Lviv,35.52
2022,preschool_wireless_gt30,23_reg_Mykolayiv,17.25
2022,preschool_wireless_gt30,24_reg_Odesa,13.38
2022,preschool_wireless_gt30,25_reg_Poltava,37.4
2022,preschool_wireless_gt30,26_reg_Rivne,26.45
2022,preschool_wireless_gt30,27_reg_Sumy,12.5
2022,preschool_wireless_gt30,28_reg_Ternopil,18.97
2022,preschool_wireless_gt30,29_reg_Kharkiv,27.2
2022,preschool_wireless_gt30,30_reg_Kherson,18.54
2022,preschool_wireless_gt30,31_reg_Khmelnytskiy,33.72
2022,preschool_wireless_gt30,32_reg_Cherkasy,31.69
2022,preschool_wireless_gt30,33_reg_Chernivtsi,7.69
2022,preschool_wireless_gt30,34_reg_Chernihiv,19.15
2022,preschool_wireless_gt30,Kyiv_city,69.02
2022,preschool_wireless_gt30,city_Sevastopol,
2023,preschool_wireless_gt30,Ukraine,36.09
2023,preschool_wireless_gt30,autonomous_Republic_of_Crimea,
2023,preschool_wireless_gt30,11_reg_Vinnytsya,39.73
2023,preschool_wireless_gt30,12_reg_Volyn,32.43
2023,preschool_wireless_gt30,13_reg_Dnipropetrovsk,40.39
2023,preschool_wireless_gt30,14_reg_Donetsk,35.71
2023,preschool_wireless_gt30,15_reg_Zhytomyr,41.13
2023,preschool_wireless_gt30,16_reg_Zakarpattya,45.24
2023,preschool_wireless_gt30,17_reg_Zaporizhzhya,17.24
2023,preschool_wireless_gt30,18_reg_Ivano-Frankivsk,35.96
2023,preschool_wireless_gt30,19_reg_Kyiv,45.66
2023,preschool_wireless_gt30,20_reg_Kirovohrad,37.41
2023,preschool_wireless_gt30,21_reg_Luhansk,0.0
2023,preschool_wireless_gt30,22_reg_Lviv,41.45
2023,preschool_wireless_gt30,23_reg_Mykolayiv,18.79
2023,preschool_wireless_gt30,24_reg_Odesa,26.68
2023,preschool_wireless_gt30,25_reg_Poltava,42.47
2023,preschool_wireless_gt30,26_reg_Rivne,30.25
2023,preschool_wireless_gt30,27_reg_Sumy,19.28
2023,preschool_wireless_gt30,28_reg_Ternopil,23.79
2023,preschool_wireless_gt30,29_reg_Kharkiv,30.61
2023,preschool_wireless_gt30,30_reg_Kherson,18.18
2023,preschool_wireless_gt30,31_reg_Khmelnytskiy,38.1
2023,preschool_wireless_gt30,32_reg_Cherkasy,41.88
2023,preschool_wireless_gt30,33_reg_Chernivtsi,7.42
2023,preschool_wireless_gt30,34_reg_Chernihiv,24.8
2023,preschool_wireless_gt30,Kyiv_city,71.2
2023,preschool_wireless_gt30,city_Sevastopol,
2024,preschool_wireless_gt30,Ukraine,39.89
2024,preschool_wireless_gt30,autonomous_Republic_of_Crimea,
2024,preschool_wireless_gt30,11_reg_Vinnytsya,40.55
2024,preschool_wireless_gt30,12_reg_Volyn,34.52
2024,preschool_wireless_gt30,13_reg_Dnipropetrovsk,37.81
2024,preschool_wireless_gt30,14_reg_Donetsk,42.49
2024,preschool_wireless_gt30,15_reg_Zhytomyr,44.06
2024,preschool_wireless_gt30,16_reg_Zakarpattya,51.38
2024,preschool_wireless_gt30,17_reg_Zaporizhzhya,29.17
2024,preschool_wireless_gt30,18_reg_Ivano-Frankivsk,37.36
2024,preschool_wireless_gt30,19_reg_Kyiv,50.94
2024,preschool_wireless_gt30,20_reg_Kirovohrad,40.14
2024,preschool_wireless_gt30,21_reg_Luhansk,14.29
2024,preschool_wireless_gt30,22_reg_Lviv,44.05
2024,preschool_wireless_gt30,23_reg_Mykolayiv,22.3
2024,preschool_wireless_gt30,24_reg_Odesa,31.99
2024,preschool_wireless_gt30,25_reg_Poltava,46.07
2024,preschool_wireless_gt30,26_reg_Rivne,34.73
2024,preschool_wireless_gt30,27_reg_Sumy,28.63
2024,preschool_wireless_gt30,28_reg_Ternopil,24.48
2024,preschool_wireless_gt30,29_reg_Kharkiv,31.69
2024,preschool_wireless_gt30,30_reg_Kherson,11.93
2024,preschool_wireless_gt30,31_reg_Khmelnytskiy,38.98
2024,preschool_wireless_gt30,32_reg_Cherkasy,49.43
2024,preschool_wireless_gt30,33_reg_Chernivtsi,10.74
2024,preschool_wireless_gt30,34_reg_Chernihiv,26.49
2024,preschool_wireless_gt30,Kyiv_city,76.89
2024,preschool_wireless_gt30,city_Sevastopol,
2025,preschool_wireless_gt30,Ukraine,44.64
2025,preschool_wireless_gt30,autonomous_Republic_of_Crimea,
2025,preschool_wireless_gt30,11_reg_Vinnytsya,37.97
2025,preschool_wireless_gt30,12_reg_Volyn,40.3
2025,preschool_wireless_gt30,13_reg_Dnipropetrovsk,53.31
2025,preschool_wireless_gt30,14_reg_Donetsk,22.82
2025,preschool_wireless_gt30,15_reg_Zhytomyr,50.18
2025,preschool_wireless_gt30,16_reg_Zakarpattya,53.72
2025,preschool_wireless_gt30,17_reg_Zaporizhzhya,29.32
2025,preschool_wireless_gt30,18_reg_Ivano-Frankivsk,44.82
2025,preschool_wireless_gt30,19_reg_Kyiv,54.27
2025,preschool_wireless_gt30,20_reg_Kirovohrad,41.5
2025,preschool_wireless_gt30,21_reg_Luhansk,14.29
2025,preschool_wireless_gt30,22_reg_Lviv,55.43
2025,preschool_wireless_gt30,23_reg_Mykolayiv,20.05
2025,preschool_wireless_gt30,24_reg_Odesa,41.33
2025,preschool_wireless_gt30,25_reg_Poltava,52.44
2025,preschool_wireless_gt30,26_reg_Rivne,33.53
2025,preschool_wireless_gt30,27_reg_Sumy,51.51
2025,preschool_wireless_gt30,28_reg_Ternopil,30.66
2025,preschool_wireless_gt30,29_reg_Kharkiv,36.82
2025,preschool_wireless_gt30,30_reg_Kherson,12.17
2025,preschool_wireless_gt30,31_reg_Khmelnytskiy,45.45
2025,preschool_wireless_gt30,32_reg_Cherkasy,57.2
2025,preschool_wireless_gt30,33_reg_Chernivtsi,23.81
2025,preschool_wireless_gt30,34_reg_Chernihiv,36.28
2025,preschool_wireless_gt30,Kyiv_city,79.86
2025,preschool_wireless_gt30,city_Sevastopol,
2015,preschool_wired_or_wireless_gt30,Ukraine,
2015,preschool_wired_or_wireless_gt30,autonomous_Republic_of_Crimea,
2015,preschool_wired_or_wireless_gt30,11_reg_Vinnytsya,
2015,preschool_wired_or_wireless_gt30,12_reg_Volyn,
2015,preschool_wired_or_wireless_gt30,13_reg_Dnipropetrovsk,
2015,preschool_wired_or_wireless_gt30,14_reg_Donetsk,
2015,preschool_wired_or_wireless_gt30,15_reg_Zhytomyr,
2015,preschool_wired_or_wireless_gt30,16_reg_Zakarpattya,
2015,preschool_wired_or_wireless_gt30,17_reg_Zaporizhzhya,
2015,preschool_wired_or_wireless_gt30,18_reg_Ivano-Frankivsk,
2015,preschool_wired_or_wireless_gt30,19_reg_Kyiv,
2015,preschool_wired_or_wireless_gt30,20_reg_Kirovohrad,
2015,preschool_wired_or_wireless_gt30,21_reg_Luhansk,
2015,preschool_wired_or_wireless_gt30,22_reg_Lviv,
2015,preschool_wired_or_wireless_gt30,23_reg_Mykolayiv,
2015,preschool_wired_or_wireless_gt30,24_reg_Odesa,
2015,preschool_wired_or_wireless_gt30,25_reg_Poltava,
2015,preschool_wired_or_wireless_gt30,26_reg_Rivne,
2015,preschool_wired_or_wireless_gt30,27_reg_Sumy,
2015,preschool_wired_or_wireless_gt30,28_reg_Ternopil,
2015,preschool_wired_or_wireless_gt30,29_reg_Kharkiv,
2015,preschool_wired_or_wireless_gt30,30_reg_Kherson,
2015,preschool_wired_or_wireless_gt30,31_reg_Khmelnytskiy,
2015,preschool_wired_or_wireless_gt30,32_reg_Cherkasy,
2015,preschool_wired_or_wireless_gt30,33_reg_Chernivtsi,
2015,preschool_wired_or_wireless_gt30,34_reg_Chernihiv,
2015,preschool_wired_or_wireless_gt30,Kyiv_city,
2015,preschool_wired_or_wireless_gt30,city_Sevastopol,
2016,preschool_wired_or_wireless_gt30,Ukraine,
2016,preschool_wired_or_wireless_gt30,autonomous_Republic_of_Crimea,
2016,preschool_wired_or_wireless_gt30,11_reg_Vinnytsya,
2016,preschool_wired_or_wireless_gt30,12_reg_Volyn,
2016,preschool_wired_or_wireless_gt30,13_reg_Dnipropetrovsk,
2016,preschool_wired_or_wireless_gt30,14_reg_Donetsk,
2016,preschool_wired_or_wireless_gt30,15_reg_Zhytomyr,
2016,preschool_wired_or_wireless_gt30,16_reg_Zakarpattya,
2016,preschool_wired_or_wireless_gt30,17_reg_Zaporizhzhya,
2016,preschool_wired_or_wireless_gt30,18_reg_Ivano-Frankivsk,
2016,preschool_wired_or_wireless_gt30,19_reg_Kyiv,
2016,preschool_wired_or_wireless_gt30,20_reg_Kirovohrad,
2016,preschool_wired_or_wireless_gt30,21_reg_Luhansk,
2016,preschool_wired_or_wireless_gt30,22_reg_Lviv,
2016,preschool_wired_or_wireless_gt30,23_reg_Mykolayiv,
2016,preschool_wired_or_wireless_gt30,24_reg_Odesa,
2016,preschool_wired_or_wireless_gt30,25_reg_Poltava,
2016,preschool_wired_or_wireless_gt30,26_reg_Rivne,
2016,preschool_wired_or_wireless_gt30,27_reg_Sumy,
2016,preschool_wired_or_wireless_gt30,28_reg_Ternopil,
2016,preschool_wired_or_wireless_gt30,29_reg_Kharkiv,
2016,preschool_wired_or_wireless_gt30,30_reg_Kherson,
2016,preschool_wired_or_wireless_gt30,31_reg_Khmelnytskiy,
2016,preschool_wired_or_wireless_gt30,32_reg_Cherkasy,
2016,preschool_wired_or_wireless_gt30,33_reg_Chernivtsi,
2016,preschool_wired_or_wireless_gt30,34_reg_Chernihiv,
2016,preschool_wired_or_wireless_gt30,Kyiv_city,
2016,preschool_wired_or_wireless_gt30,city_Sevastopol,
2017,preschool_wired_or_wireless_gt30,Ukraine,
2017,preschool_wired_or_wireless_gt30,autonomous_Republic_of_Crimea,
2017,preschool_wired_or_wireless_gt30,11_reg_Vinnytsya,
2017,preschool_wired_or_wireless_gt30,12_reg_Volyn,
2017,preschool_wired_or_wireless_gt30,13_reg_Dnipropetrovsk,
2017,preschool_wired_or_wireless_gt30,14_reg_Donetsk,
2017,preschool_wired_or_wireless_gt30,15_reg_Zhytomyr,
2017,preschool_wired_or_wireless_gt30,16_reg_Zakarpattya,
2017,preschool_wired_or_wireless_gt30,17_reg_Zaporizhzhya,
2017,preschool_wired_or_wireless_gt30,18_reg_Ivano-Frankivsk,
2017,preschool_wired_or_wireless_gt30,19_reg_Kyiv,
2017,preschool_wired_or_wireless_gt30,20_reg_Kirovohrad,
2017,preschool_wired_or_wireless_gt30,21_reg_Luhansk,
2017,preschool_wired_or_wireless_gt30,22_reg_Lviv,
2017,preschool_wired_or_wireless_gt30,23_reg_Mykolayiv,
2017,preschool_wired_or_wireless_gt30,24_reg_Odesa,
2017,preschool_wired_or_wireless_gt30,25_reg_Poltava,
2017,preschool_wired_or_wireless_gt30,26_reg_Rivne,
2017,preschool_wired_or_wireless_gt30,27_reg_Sumy,
2017,preschool_wired_or_wireless_gt30,28_reg_Ternopil,
2017,preschool_wired_or_wireless_gt30,29_reg_Kharkiv,
2017,preschool_wired_or_wireless_gt30,30_reg_Kherson,
2017,preschool_wired_or_wireless_gt30,31_reg_Khmelnytskiy,
2017,preschool_wired_or_wireless_gt30,32_reg_Cherkasy,
2017,preschool_wired_or_wireless_gt30,33_reg_Chernivtsi,
2017,preschool_wired_or_wireless_gt30,34_reg_Chernihiv,
2017,preschool_wired_or_wireless_gt30,Kyiv_city,
2017,preschool_wired_or_wireless_gt30,city_Sevastopol,
2018,preschool_wired_or_wireless_gt30,Ukraine,
2018,preschool_wired_or_wireless_gt30,autonomous_Republic_of_Crimea,
2018,preschool_wired_or_wireless_gt30,11_reg_Vinnytsya,
2018,preschool_wired_or_wireless_gt30,12_reg_Volyn,
2018,preschool_wired_or_wireless_gt30,13_reg_Dnipropetrovsk,
2018,preschool_wired_or_wireless_gt30,14_reg_Donetsk,
2018,preschool_wired_or_wireless_gt30,15_reg_Zhytomyr,
2018,preschool_wired_or_wireless_gt30,16_reg_Zakarpattya,
2018,preschool_wired_or_wireless_gt30,17_reg_Zaporizhzhya,
2018,preschool_wired_or_wireless_gt30,18_reg_Ivano-Frankivsk,
2018,preschool_wired_or_wireless_gt30,19_reg_Kyiv,
2018,preschool_wired_or_wireless_gt30,20_reg_Kirovohrad,
2018,preschool_wired_or_wireless_gt30,21_reg_Luhansk,
2018,preschool_wired_or_wireless_gt30,22_reg_Lviv,
2018,preschool_wired_or_wireless_gt30,23_reg_Mykolayiv,
2018,preschool_wired_or_wireless_gt30,24_reg_Odesa,
2018,preschool_wired_or_wireless_gt30,25_reg_Poltava,
2018,preschool_wired_or_wireless_gt30,26_reg_Rivne,
2018,preschool_wired_or_wireless_gt30,27_reg_Sumy,
2018,preschool_wired_or_wireless_gt30,28_reg_Ternopil,
2018,preschool_wired_or_wireless_gt30,29_reg_Kharkiv,
2018,preschool_wired_or_wireless_gt30,30_reg_Kherson,
2018,preschool_wired_or_wireless_gt30,31_reg_Khmelnytskiy,
2018,preschool_wired_or_wireless_gt30,32_reg_Cherkasy,
2018,preschool_wired_or_wireless_gt30,33_reg_Chernivtsi,
2018,preschool_wired_or_wireless_gt30,34_reg_Chernihiv,
2018,preschool_wired_or_wireless_gt30,Kyiv_city,
2018,preschool_wired_or_wireless_gt30,city_Sevastopol,
2019,preschool_wired_or_wireless_gt30,Ukraine,
2019,preschool_wired_or_wireless_gt30,autonomous_Republic_of_Crimea,
2019,preschool_wired_or_wireless_gt30,11_reg_Vinnytsya,
2019,preschool_wired_or_wireless_gt30,12_reg_Volyn,
2019,preschool_wired_or_wireless_gt30,13_reg_Dnipropetrovsk,
2019,preschool_wired_or_wireless_gt30,14_reg_Donetsk,
2019,preschool_wired_or_wireless_gt30,15_reg_Zhytomyr,
2019,preschool_wired_or_wireless_gt30,16_reg_Zakarpattya,
2019,preschool_wired_or_wireless_gt30,17_reg_Zaporizhzhya,
2019,preschool_wired_or_wireless_gt30,18_reg_Ivano-Frankivsk,
2019,preschool_wired_or_wireless_gt30,19_reg_Kyiv,
2019,preschool_wired_or_wireless_gt30,20_reg_Kirovohrad,
2019,preschool_wired_or_wireless_gt30,21_reg_Luhansk,
2019,preschool_wired_or_wireless_gt30,22_reg_Lviv,
2019,preschool_wired_or_wireless_gt30,23_reg_Mykolayiv,
2019,preschool_wired_or_wireless_gt30,24_reg_Odesa,
2019,preschool_wired_or_wireless_gt30,25_reg_Poltava,
2019,preschool_wired_or_wireless_gt30,26_reg_Rivne,
2019,preschool_wired_or_wireless_gt30,27_reg_Sumy,
2019,preschool_wired_or_wireless_gt30,28_reg_Ternopil,
2019,preschool_wired_or_wireless_gt30,29_reg_Kharkiv,
2019,preschool_wired_or_wireless_gt30,30_reg_Kherson,
2019,preschool_wired_or_wireless_gt30,31_reg_Khmelnytskiy,
2019,preschool_wired_or_wireless_gt30,32_reg_Cherkasy,
2019,preschool_wired_or_wireless_gt30,33_reg_Chernivtsi,
2019,preschool_wired_or_wireless_gt30,34_reg_Chernihiv,
2019,preschool_wired_or_wireless_gt30,Kyiv_city,
2019,preschool_wired_or_wireless_gt30,city_Sevastopol,
2020,preschool_wired_or_wireless_gt30,Ukraine,
2020,preschool_wired_or_wireless_gt30,autonomous_Republic_of_Crimea,
2020,preschool_wired_or_wireless_gt30,11_reg_Vinnytsya,
2020,preschool_wired_or_wireless_gt30,12_reg_Volyn,
2020,preschool_wired_or_wireless_gt30,13_reg_Dnipropetrovsk,
2020,preschool_wired_or_wireless_gt30,14_reg_Donetsk,
2020,preschool_wired_or_wireless_gt30,15_reg_Zhytomyr,
2020,preschool_wired_or_wireless_gt30,16_reg_Zakarpattya,
2020,preschool_wired_or_wireless_gt30,17_reg_Zaporizhzhya,
2020,preschool_wired_or_wireless_gt30,18_reg_Ivano-Frankivsk,
2020,preschool_wired_or_wireless_gt30,19_reg_Kyiv,
2020,preschool_wired_or_wireless_gt30,20_reg_Kirovohrad,
2020,preschool_wired_or_wireless_gt30,21_reg_Luhansk,
2020,preschool_wired_or_wireless_gt30,22_reg_Lviv,
2020,preschool_wired_or_wireless_gt30,23_reg_Mykolayiv,
2020,preschool_wired_or_wireless_gt30,24_reg_Odesa,
2020,preschool_wired_or_wireless_gt30,25_reg_Poltava,
2020,preschool_wired_or_wireless_gt30,26_reg_Rivne,
2020,preschool_wired_or_wireless_gt30,27_reg_Sumy,
2020,preschool_wired_or_wireless_gt30,28_reg_Ternopil,
2020,preschool_wired_or_wireless_gt30,29_reg_Kharkiv,
2020,preschool_wired_or_wireless_gt30,30_reg_Kherson,
2020,preschool_wired_or_wireless_gt30,31_reg_Khmelnytskiy,
2020,preschool_wired_or_wireless_gt30,32_reg_Cherkasy,
2020,preschool_wired_or_wireless_gt30,33_reg_Chernivtsi,
2020,preschool_wired_or_wireless_gt30,34_reg_Chernihiv,
2020,preschool_wired_or_wireless_gt30,Kyiv_city,
2020,preschool_wired_or_wireless_gt30,city_Sevastopol,
2021,preschool_wired_or_wireless_gt30,Ukraine,
2021,preschool_wired_or_wireless_gt30,autonomous_Republic_of_Crimea,
2021,preschool_wired_or_wireless_gt30,11_reg_Vinnytsya,
2021,preschool_wired_or_wireless_gt30,12_reg_Volyn,
2021,preschool_wired_or_wireless_gt30,13_reg_Dnipropetrovsk,
2021,preschool_wired_or_wireless_gt30,14_reg_Donetsk,
2021,preschool_wired_or_wireless_gt30,15_reg_Zhytomyr,
2021,preschool_wired_or_wireless_gt30,16_reg_Zakarpattya,
2021,preschool_wired_or_wireless_gt30,17_reg_Zaporizhzhya,
2021,preschool_wired_or_wireless_gt30,18_reg_Ivano-Frankivsk,
2021,preschool_wired_or_wireless_gt30,19_reg_Kyiv,
2021,preschool_wired_or_wireless_gt30,20_reg_Kirovohrad,
2021,preschool_wired_or_wireless_gt30,21_reg_Luhansk,
2021,preschool_wired_or_wireless_gt30,22_reg_Lviv,
2021,preschool_wired_or_wireless_gt30,23_reg_Mykolayiv,
2021,preschool_wired_or_wireless_gt30,24_reg_Odesa,
2021,preschool_wired_or_wireless_gt30,25_reg_Poltava,
2021,preschool_wired_or_wireless_gt30,26_reg_Rivne,
2021,preschool_wired_or_wireless_gt30,27_reg_Sumy,
2021,preschool_wired_or_wireless_gt30,28_reg_Ternopil,
2021,preschool_wired_or_wireless_gt30,29_reg_Kharkiv,
2021,preschool_wired_or_wireless_gt30,30_reg_Kherson,
2021,preschool_wired_or_wireless_gt30,31_reg_Khmelnytskiy,
2021,preschool_wired_or_wireless_gt30,32_reg_Cherkasy,
2021,preschool_wired_or_wireless_gt30,33_reg_Chernivtsi,
2021,preschool_wired_or_wireless_gt30,34_reg_Chernihiv,
2021,preschool_wired_or_wireless_gt30,Kyiv_city,
2021,preschool_wired_or_wireless_gt30,city_Sevastopol,
2022,preschool_wired_or_wireless_gt30,Ukraine,64.44
2022,preschool_wired_or_wireless_gt30,autonomous_Republic_of_Crimea,
2022,preschool_wired_or_wireless_gt30,11_reg_Vinnytsya,58.99
2022,preschool_wired_or_wireless_gt30,12_reg_Volyn,59.79
2022,preschool_wired_or_wireless_gt30,13_reg_Dnipropetrovsk,58.62
2022,preschool_wired_or_wireless_gt30,14_reg_Donetsk,54.87
2022,preschool_wired_or_wireless_gt30,15_reg_Zhytomyr,71.57
2022,preschool_wired_or_wireless_gt30,16_reg_Zakarpattya,56.24
2022,preschool_wired_or_wireless_gt30,17_reg_Zaporizhzhya,48.39
2022,preschool_wired_or_wireless_gt30,18_reg_Ivano-Frankivsk,60.52
2022,preschool_wired_or_wireless_gt30,19_reg_Kyiv,75.64
2022,preschool_wired_or_wireless_gt30,20_reg_Kirovohrad,47.73
2022,preschool_wired_or_wireless_gt30,21_reg_Luhansk,0.0
2022,preschool_wired_or_wireless_gt30,22_reg_Lviv,61.36
2022,preschool_wired_or_wireless_gt30,23_reg_Mykolayiv,56.86
2022,preschool_wired_or_wireless_gt30,24_reg_Odesa,79.32
2022,preschool_wired_or_wireless_gt30,25_reg_Poltava,64.61
2022,preschool_wired_or_wireless_gt30,26_reg_Rivne,57.34
2022,preschool_wired_or_wireless_gt30,27_reg_Sumy,76.72
2022,preschool_wired_or_wireless_gt30,28_reg_Ternopil,57.07
2022,preschool_wired_or_wireless_gt30,29_reg_Kharkiv,66.35
2022,preschool_wired_or_wireless_gt30,30_reg_Kherson,28.78
2022,preschool_wired_or_wireless_gt30,31_reg_Khmelnytskiy,68.18
2022,preschool_wired_or_wireless_gt30,32_reg_Cherkasy,72.88
2022,preschool_wired_or_wireless_gt30,33_reg_Chernivtsi,88.72
2022,preschool_wired_or_wireless_gt30,34_reg_Chernihiv,50.25
2022,preschool_wired_or_wireless_gt30,Kyiv_city,84.23
2022,preschool_wired_or_wireless_gt30,city_Sevastopol,
2023,preschool_wired_or_wireless_gt30,Ukraine,68.18
2023,preschool_wired_or_wireless_gt30,autonomous_Republic_of_Crimea,
2023,preschool_wired_or_wireless_gt30,11_reg_Vinnytsya,65.92
2023,preschool_wired_or_wireless_gt30,12_reg_Volyn,62.16
2023,preschool_wired_or_wireless_gt30,13_reg_Dnipropetrovsk,60.85
2023,preschool_wired_or_wireless_gt30,14_reg_Donetsk,51.49
2023,preschool_wired_or_wireless_gt30,15_reg_Zhytomyr,73.13
2023,preschool_wired_or_wireless_gt30,16_reg_Zakarpattya,59.93
2023,preschool_wired_or_wireless_gt30,17_reg_Zaporizhzhya,52.35
2023,preschool_wired_or_wireless_gt30,18_reg_Ivano-Frankivsk,65.79
2023,preschool_wired_or_wireless_gt30,19_reg_Kyiv,79.08
2023,preschool_wired_or_wireless_gt30,20_reg_Kirovohrad,58.66
2023,preschool_wired_or_wireless_gt30,21_reg_Luhansk,0.0
2023,preschool_wired_or_wireless_gt30,22_reg_Lviv,65.38
2023,preschool_wired_or_wireless_gt30,23_reg_Mykolayiv,61.77
2023,preschool_wired_or_wireless_gt30,24_reg_Odesa,84.54
2023,preschool_wired_or_wireless_gt30,25_reg_Poltava,70.03
2023,preschool_wired_or_wireless_gt30,26_reg_Rivne,62.43
2023,preschool_wired_or_wireless_gt30,27_reg_Sumy,80.21
2023,preschool_wired_or_wireless_gt30,28_reg_Ternopil,63.86
2023,preschool_wired_or_wireless_gt30,29_reg_Kharkiv,67.56
2023,preschool_wired_or_wireless_gt30,30_reg_Kherson,23.14
2023,preschool_wired_or_wireless_gt30,31_reg_Khmelnytskiy,71.27
2023,preschool_wired_or_wireless_gt30,32_reg_Cherkasy,78.7
2023,preschool_wired_or_wireless_gt30,33_reg_Chernivtsi,87.98
2023,preschool_wired_or_wireless_gt30,34_reg_Chernihiv,54.05
2023,preschool_wired_or_wireless_gt30,Kyiv_city,82.1
2023,preschool_wired_or_wireless_gt30,city_Sevastopol,
2024,preschool_wired_or_wireless_gt30,Ukraine,71.16
2024,preschool_wired_or_wireless_gt30,autonomous_Republic_of_Crimea,
2024,preschool_wired_or_wireless_gt30,11_reg_Vinnytsya,67.59
2024,preschool_wired_or_wireless_gt30,12_reg_Volyn,65.48
2024,preschool_wired_or_wireless_gt30,13_reg_Dnipropetrovsk,59.42
2024,preschool_wired_or_wireless_gt30,14_reg_Donetsk,55.36
2024,preschool_wired_or_wireless_gt30,15_reg_Zhytomyr,73.6
2024,preschool_wired_or_wireless_gt30,16_reg_Zakarpattya,62.57
2024,preschool_wired_or_wireless_gt30,17_reg_Zaporizhzhya,78.65
2024,preschool_wired_or_wireless_gt30,18_reg_Ivano-Frankivsk,65.45
2024,preschool_wired_or_wireless_gt30,19_reg_Kyiv,81.94
2024,preschool_wired_or_wireless_gt30,20_reg_Kirovohrad,64.79
2024,preschool_wired_or_wireless_gt30,21_reg_Luhansk,14.29
2024,preschool_wired_or_wireless_gt30,22_reg_Lviv,69.67
2024,preschool_wired_or_wireless_gt30,23_reg_Mykolayiv,63.8
2024,preschool_wired_or_wireless_gt30,24_reg_Odesa,86.29
2024,preschool_wired_or_wireless_gt30,25_reg_Poltava,71.07
2024,preschool_wired_or_wireless_gt30,26_reg_Rivne,65.67
2024,preschool_wired_or_wireless_gt30,27_reg_Sumy,79.39
2024,preschool_wired_or_wireless_gt30,28_reg_Ternopil,69.83
2024,preschool_wired_or_wireless_gt30,29_reg_Kharkiv,66.82
2024,preschool_wired_or_wireless_gt30,30_reg_Kherson,16.51
2024,preschool_wired_or_wireless_gt30,31_reg_Khmelnytskiy,72.66
2024,preschool_wired_or_wireless_gt30,32_reg_Cherkasy,82.26
2024,preschool_wired_or_wireless_gt30,33_reg_Chernivtsi,89.0
2024,preschool_wired_or_wireless_gt30,34_reg_Chernihiv,54.59
2024,preschool_wired_or_wireless_gt30,Kyiv_city,85.01
2024,preschool_wired_or_wireless_gt30,city_Sevastopol,
2025,preschool_wired_or_wireless_gt30,Ukraine,74.98
2025,preschool_wired_or_wireless_gt30,autonomous_Republic_of_Crimea,
2025,preschool_wired_or_wireless_gt30,11_reg_Vinnytsya,70.25
2025,preschool_wired_or_wireless_gt30,12_reg_Volyn,71.43
2025,preschool_wired_or_wireless_gt30,13_reg_Dnipropetrovsk,70.03
2025,preschool_wired_or_wireless_gt30,14_reg_Donetsk,25.24
2025,preschool_wired_or_wireless_gt30,15_reg_Zhytomyr,75.82
2025,preschool_wired_or_wireless_gt30,16_reg_Zakarpattya,70.7
2025,preschool_wired_or_wireless_gt30,17_reg_Zaporizhzhya,79.06
2025,preschool_wired_or_wireless_gt30,18_reg_Ivano-Frankivsk,68.24
2025,preschool_wired_or_wireless_gt30,19_reg_Kyiv,86.32
2025,preschool_wired_or_wireless_gt30,20_reg_Kirovohrad,67.96
2025,preschool_wired_or_wireless_gt30,21_reg_Luhansk,35.71
2025,preschool_wired_or_wireless_gt30,22_reg_Lviv,72.84
2025,preschool_wired_or_wireless_gt30,23_reg_Mykolayiv,67.83
2025,preschool_wired_or_wireless_gt30,24_reg_Odesa,88.15
2025,preschool_wired_or_wireless_gt30,25_reg_Poltava,77.22
2025,preschool_wired_or_wireless_gt30,26_reg_Rivne,75.5
2025,preschool_wired_or_wireless_gt30,27_reg_Sumy,87.95
2025,preschool_wired_or_wireless_gt30,28_reg_Ternopil,73.24
2025,preschool_wired_or_wireless_gt30,29_reg_Kharkiv,75.57
2025,preschool_wired_or_wireless_gt30,30_reg_Kherson,16.52
2025,preschool_wired_or_wireless_gt30,31_reg_Khmelnytskiy,81.48
2025,preschool_wired_or_wireless_gt30,32_reg_Cherkasy,86.19
2025,preschool_wired_or_wireless_gt30,33_reg_Chernivtsi,87.83
2025,preschool_wired_or_wireless_gt30,34_reg_Chernihiv,61.2
2025,preschool_wired_or_wireless_gt30,Kyiv_city,88.06
2025,preschool_wired_or_wireless_gt30,city_Sevastopol,
2015,secondary_internet_any_speed,Ukraine,86.74
2015,secondary_internet_any_speed,autonomous_Republic_of_Crimea,
2015,secondary_internet_any_speed,11_reg_Vinnytsya,83.91
2015,secondary_internet_any_speed,12_reg_Volyn,74.86
2015,secondary_internet_any_speed,13_reg_Dnipropetrovsk,97.71
2015,secondary_internet_any_speed,14_reg_Donetsk,90.98
2015,secondary_internet_any_speed,15_reg_Zhytomyr,63.21
2015,secondary_internet_any_speed,16_reg_Zakarpattya,76.75
2015,secondary_internet_any_speed,17_reg_Zaporizhzhya,100.0
2015,secondary_internet_any_speed,18_reg_Ivano-Frankivsk,81.78
2015,secondary_internet_any_speed,19_reg_Kyiv,100.0
2015,secondary_internet_any_speed,20_reg_Kirovohrad,96.53
2015,secondary_internet_any_speed,21_reg_Luhansk,94.39
2015,secondary_internet_any_speed,22_reg_Lviv,60.41
2015,secondary_internet_any_speed,23_reg_Mykolayiv,94.76
2015,secondary_internet_any_speed,24_reg_Odesa,80.38
2015,secondary_internet_any_speed,25_reg_Poltava,86.61
2015,secondary_internet_any_speed,26_reg_Rivne,92.72
2015,secondary_internet_any_speed,27_reg_Sumy,92.35
2015,secondary_internet_any_speed,28_reg_Ternopil,75.39
2015,secondary_internet_any_speed,29_reg_Kharkiv,99.75
2015,secondary_internet_any_speed,30_reg_Kherson,94.52
2015,secondary_internet_any_speed,31_reg_Khmelnytskiy,99.22
2015,secondary_internet_any_speed,32_reg_Cherkasy,98.21
2015,secondary_internet_any_speed,33_reg_Chernivtsi,92.22
2015,secondary_internet_any_speed,34_reg_Chernihiv,93.44
2015,secondary_internet_any_speed,Kyiv_city,95.7
2015,secondary_internet_any_speed,city_Sevastopol,
2016,secondary_internet_any_speed,Ukraine,89.71
2016,secondary_internet_any_speed,autonomous_Republic_of_Crimea,
2016,secondary_internet_any_speed,11_reg_Vinnytsya,85.48
2016,secondary_internet_any_speed,12_reg_Volyn,78.56
2016,secondary_internet_any_speed,13_reg_Dnipropetrovsk,94.28
2016,secondary_internet_any_speed,14_reg_Donetsk,93.33
2016,secondary_internet_any_speed,15_reg_Zhytomyr,90.25
2016,secondary_internet_any_speed,16_reg_Zakarpattya,78.81
2016,secondary_internet_any_speed,17_reg_Zaporizhzhya,99.29
2016,secondary_internet_any_speed,18_reg_Ivano-Frankivsk,85.11
2016,secondary_internet_any_speed,19_reg_Kyiv,99.86
2016,secondary_internet_any_speed,20_reg_Kirovohrad,98.65
2016,secondary_internet_any_speed,21_reg_Luhansk,94.24
2016,secondary_internet_any_speed,22_reg_Lviv,70.35
2016,secondary_internet_any_speed,23_reg_Mykolayiv,95.4
2016,secondary_internet_any_speed,24_reg_Odesa,84.98
2016,secondary_internet_any_speed,25_reg_Poltava,91.13
2016,secondary_internet_any_speed,26_reg_Rivne,93.92
2016,secondary_internet_any_speed,27_reg_Sumy,92.9
2016,secondary_internet_any_speed,28_reg_Ternopil,77.56
2016,secondary_internet_any_speed,29_reg_Kharkiv,100.0
2016,secondary_internet_any_speed,30_reg_Kherson,100.0
2016,secondary_internet_any_speed,31_reg_Khmelnytskiy,93.11
2016,secondary_internet_any_speed,32_reg_Cherkasy,96.55
2016,secondary_internet_any_speed,33_reg_Chernivtsi,99.05
2016,secondary_internet_any_speed,34_reg_Chernihiv,94.88
2016,secondary_internet_any_speed,Kyiv_city,96.54
2016,secondary_internet_any_speed,city_Sevastopol,
2017,secondary_internet_any_speed,Ukraine,92.02
2017,secondary_internet_any_speed,autonomous_Republic_of_Crimea,
2017,secondary_internet_any_speed,11_reg_Vinnytsya,86.46
2017,secondary_internet_any_speed,12_reg_Volyn,81.65
2017,secondary_internet_any_speed,13_reg_Dnipropetrovsk,95.87
2017,secondary_internet_any_speed,14_reg_Donetsk,96.98
2017,secondary_internet_any_speed,15_reg_Zhytomyr,73.59
2017,secondary_internet_any_speed,16_reg_Zakarpattya,81.74
2017,secondary_internet_any_speed,17_reg_Zaporizhzhya,98.9
2017,secondary_internet_any_speed,18_reg_Ivano-Frankivsk,89.24
2017,secondary_internet_any_speed,19_reg_Kyiv,99.57
2017,secondary_internet_any_speed,20_reg_Kirovohrad,100.0
2017,secondary_internet_any_speed,21_reg_Luhansk,96.53
2017,secondary_internet_any_speed,22_reg_Lviv,87.09
2017,secondary_internet_any_speed,23_reg_Mykolayiv,96.84
2017,secondary_internet_any_speed,24_reg_Odesa,88.92
2017,secondary_internet_any_speed,25_reg_Poltava,95.18
2017,secondary_internet_any_speed,26_reg_Rivne,95.51
2017,secondary_internet_any_speed,27_reg_Sumy,94.52
2017,secondary_internet_any_speed,28_reg_Ternopil,82.36
2017,secondary_internet_any_speed,29_reg_Kharkiv,100.0
2017,secondary_internet_any_speed,30_reg_Kherson,100.0
2017,secondary_internet_any_speed,31_reg_Khmelnytskiy,93.29
2017,secondary_internet_any_speed,32_reg_Cherkasy,98.82
2017,secondary_internet_any_speed,33_reg_Chernivtsi,99.52
2017,secondary_internet_any_speed,34_reg_Chernihiv,95.01
2017,secondary_internet_any_speed,Kyiv_city,98.49
2017,secondary_internet_any_speed,city_Sevastopol,
2018,secondary_internet_any_speed,Ukraine,
2018,secondary_internet_any_speed,autonomous_Republic_of_Crimea,
2018,secondary_internet_any_speed,11_reg_Vinnytsya,
2018,secondary_internet_any_speed,12_reg_Volyn,
2018,secondary_internet_any_speed,13_reg_Dnipropetrovsk,
2018,secondary_internet_any_speed,14_reg_Donetsk,
2018,secondary_internet_any_speed,15_reg_Zhytomyr,
2018,secondary_internet_any_speed,16_reg_Zakarpattya,
2018,secondary_internet_any_speed,17_reg_Zaporizhzhya,
2018,secondary_internet_any_speed,18_reg_Ivano-Frankivsk,
2018,secondary_internet_any_speed,19_reg_Kyiv,
2018,secondary_internet_any_speed,20_reg_Kirovohrad,
2018,secondary_internet_any_speed,21_reg_Luhansk,
2018,secondary_internet_any_speed,22_reg_Lviv,
2018,secondary_internet_any_speed,23_reg_Mykolayiv,
2018,secondary_internet_any_speed,24_reg_Odesa,
2018,secondary_internet_any_speed,25_reg_Poltava,
2018,secondary_internet_any_speed,26_reg_Rivne,
2018,secondary_internet_any_speed,27_reg_Sumy,
2018,secondary_internet_any_speed,28_reg_Ternopil,
2018,secondary_internet_any_speed,29_reg_Kharkiv,
2018,secondary_internet_any_speed,30_reg_Kherson,
2018,secondary_internet_any_speed,31_reg_Khmelnytskiy,
2018,secondary_internet_any_speed,32_reg_Cherkasy,
2018,secondary_internet_any_speed,33_reg_Chernivtsi,
2018,secondary_internet_any_speed,34_reg_Chernihiv,
2018,secondary_internet_any_speed,Kyiv_city,
2018,secondary_internet_any_speed,city_Sevastopol,
2019,secondary_internet_any_speed,Ukraine,
2019,secondary_internet_any_speed,autonomous_Republic_of_Crimea,
2019,secondary_internet_any_speed,11_reg_Vinnytsya,
2019,secondary_internet_any_speed,12_reg_Volyn,
2019,secondary_internet_any_speed,13_reg_Dnipropetrovsk,
2019,secondary_internet_any_speed,14_reg_Donetsk,
2019,secondary_internet_any_speed,15_reg_Zhytomyr,
2019,secondary_internet_any_speed,16_reg_Zakarpattya,
2019,secondary_internet_any_speed,17_reg_Zaporizhzhya,
2019,secondary_internet_any_speed,18_reg_Ivano-Frankivsk,
2019,secondary_internet_any_speed,19_reg_Kyiv,
2019,secondary_internet_any_speed,20_reg_Kirovohrad,
2019,secondary_internet_any_speed,21_reg_Luhansk,
2019,secondary_internet_any_speed,22_reg_Lviv,
2019,secondary_internet_any_speed,23_reg_Mykolayiv,
2019,secondary_internet_any_speed,24_reg_Odesa,
2019,secondary_internet_any_speed,25_reg_Poltava,
2019,secondary_internet_any_speed,26_reg_Rivne,
2019,secondary_internet_any_speed,27_reg_Sumy,
2019,secondary_internet_any_speed,28_reg_Ternopil,
2019,secondary_internet_any_speed,29_reg_Kharkiv,
2019,secondary_internet_any_speed,30_reg_Kherson,
2019,secondary_internet_any_speed,31_reg_Khmelnytskiy,
2019,secondary_internet_any_speed,32_reg_Cherkasy,
2019,secondary_internet_any_speed,33_reg_Chernivtsi,
2019,secondary_internet_any_speed,34_reg_Chernihiv,
2019,secondary_internet_any_speed,Kyiv_city,
2019,secondary_internet_any_speed,city_Sevastopol,
2020,secondary_internet_any_speed,Ukraine,
2020,secondary_internet_any_speed,autonomous_Republic_of_Crimea,
2020,secondary_internet_any_speed,11_reg_Vinnytsya,
2020,secondary_internet_any_speed,12_reg_Volyn,
2020,secondary_internet_any_speed,13_reg_Dnipropetrovsk,
2020,secondary_internet_any_speed,14_reg_Donetsk,
2020,secondary_internet_any_speed,15_reg_Zhytomyr,
2020,secondary_internet_any_speed,16_reg_Zakarpattya,
2020,secondary_internet_any_speed,17_reg_Zaporizhzhya,
2020,secondary_internet_any_speed,18_reg_Ivano-Frankivsk,
2020,secondary_internet_any_speed,19_reg_Kyiv,
2020,secondary_internet_any_speed,20_reg_Kirovohrad,
2020,secondary_internet_any_speed,21_reg_Luhansk,
2020,secondary_internet_any_speed,22_reg_Lviv,
2020,secondary_internet_any_speed,23_reg_Mykolayiv,
2020,secondary_internet_any_speed,24_reg_Odesa,
2020,secondary_internet_any_speed,25_reg_Poltava,
2020,secondary_internet_any_speed,26_reg_Rivne,
2020,secondary_internet_any_speed,27_reg_Sumy,
2020,secondary_internet_any_speed,28_reg_Ternopil,
2020,secondary_internet_any_speed,29_reg_Kharkiv,
2020,secondary_internet_any_speed,30_reg_Kherson,
2020,secondary_internet_any_speed,31_reg_Khmelnytskiy,
2020,secondary_internet_any_speed,32_reg_Cherkasy,
2020,secondary_internet_any_speed,33_reg_Chernivtsi,
2020,secondary_internet_any_speed,34_reg_Chernihiv,
2020,secondary_internet_any_speed,Kyiv_city,
2020,secondary_internet_any_speed,city_Sevastopol,
2021,secondary_internet_any_speed,Ukraine,
2021,secondary_internet_any_speed,autonomous_Republic_of_Crimea,
2021,secondary_internet_any_speed,11_reg_Vinnytsya,
2021,secondary_internet_any_speed,12_reg_Volyn,
2021,secondary_internet_any_speed,13_reg_Dnipropetrovsk,
2021,secondary_internet_any_speed,14_reg_Donetsk,
2021,secondary_internet_any_speed,15_reg_Zhytomyr,
2021,secondary_internet_any_speed,16_reg_Zakarpattya,
2021,secondary_internet_any_speed,17_reg_Zaporizhzhya,
2021,secondary_internet_any_speed,18_reg_Ivano-Frankivsk,
2021,secondary_internet_any_speed,19_reg_Kyiv,
2021,secondary_internet_any_speed,20_reg_Kirovohrad,
2021,secondary_internet_any_speed,21_reg_Luhansk,
2021,secondary_internet_any_speed,22_reg_Lviv,
2021,secondary_internet_any_speed,23_reg_Mykolayiv,
2021,secondary_internet_any_speed,24_reg_Odesa,
2021,secondary_internet_any_speed,25_reg_Poltava,
2021,secondary_internet_any_speed,26_reg_Rivne,
2021,secondary_internet_any_speed,27_reg_Sumy,
2021,secondary_internet_any_speed,28_reg_Ternopil,
2021,secondary_internet_any_speed,29_reg_Kharkiv,
2021,secondary_internet_any_speed,30_reg_Kherson,
2021,secondary_internet_any_speed,31_reg_Khmelnytskiy,
2021,secondary_internet_any_speed,32_reg_Cherkasy,
2021,secondary_internet_any_speed,33_reg_Chernivtsi,
2021,secondary_internet_any_speed,34_reg_Chernihiv,
2021,secondary_internet_any_speed,Kyiv_city,
2021,secondary_internet_any_speed,city_Sevastopol,
2022,secondary_internet_any_speed,Ukraine,
2022,secondary_internet_any_speed,autonomous_Republic_of_Crimea,
2022,secondary_internet_any_speed,11_reg_Vinnytsya,
2022,secondary_internet_any_speed,12_reg_Volyn,
2022,secondary_internet_any_speed,13_reg_Dnipropetrovsk,
2022,secondary_internet_any_speed,14_reg_Donetsk,
2022,secondary_internet_any_speed,15_reg_Zhytomyr,
2022,secondary_internet_any_speed,16_reg_Zakarpattya,
2022,secondary_internet_any_speed,17_reg_Zaporizhzhya,
2022,secondary_internet_any_speed,18_reg_Ivano-Frankivsk,
2022,secondary_internet_any_speed,19_reg_Kyiv,
2022,secondary_internet_any_speed,20_reg_Kirovohrad,
2022,secondary_internet_any_speed,21_reg_Luhansk,
2022,secondary_internet_any_speed,22_reg_Lviv,
2022,secondary_internet_any_speed,23_reg_Mykolayiv,
2022,secondary_internet_any_speed,24_reg_Odesa,
2022,secondary_internet_any_speed,25_reg_Poltava,
2022,secondary_internet_any_speed,26_reg_Rivne,
2022,secondary_internet_any_speed,27_reg_Sumy,
2022,secondary_internet_any_speed,28_reg_Ternopil,
2022,secondary_internet_any_speed,29_reg_Kharkiv,
2022,secondary_internet_any_speed,30_reg_Kherson,
2022,secondary_internet_any_speed,31_reg_Khmelnytskiy,
2022,secondary_internet_any_speed,32_reg_Cherkasy,
2022,secondary_internet_any_speed,33_reg_Chernivtsi,
2022,secondary_internet_any_speed,34_reg_Chernihiv,
2022,secondary_internet_any_speed,Kyiv_city,
2022,secondary_internet_any_speed,city_Sevastopol,
2023,secondary_internet_any_speed,Ukraine,
2023,secondary_internet_any_speed,autonomous_Republic_of_Crimea,
2023,secondary_internet_any_speed,11_reg_Vinnytsya,
2023,secondary_internet_any_speed,12_reg_Volyn,
2023,secondary_internet_any_speed,13_reg_Dnipropetrovsk,
2023,secondary_internet_any_speed,14_reg_Donetsk,
2023,secondary_internet_any_speed,15_reg_Zhytomyr,
2023,secondary_internet_any_speed,16_reg_Zakarpattya,
2023,secondary_internet_any_speed,17_reg_Zaporizhzhya,
2023,secondary_internet_any_speed,18_reg_Ivano-Frankivsk,
2023,secondary_internet_any_speed,19_reg_Kyiv,
2023,secondary_internet_any_speed,20_reg_Kirovohrad,
2023,secondary_internet_any_speed,21_reg_Luhansk,
2023,secondary_internet_any_speed,22_reg_Lviv,
2023,secondary_internet_any_speed,23_reg_Mykolayiv,
2023,secondary_internet_any_speed,24_reg_Odesa,
2023,secondary_internet_any_speed,25_reg_Poltava,
2023,secondary_internet_any_speed,26_reg_Rivne,
2023,secondary_internet_any_speed,27_reg_Sumy,
2023,secondary_internet_any_speed,28_reg_Ternopil,
2023,secondary_internet_any_speed,29_reg_Kharkiv,
2023,secondary_internet_any_speed,30_reg_Kherson,
2023,secondary_internet_any_speed,31_reg_Khmelnytskiy,
2023,secondary_internet_any_speed,32_reg_Cherkasy,
2023,secondary_internet_any_speed,33_reg_Chernivtsi,
2023,secondary_internet_any_speed,34_reg_Chernihiv,
2023,secondary_internet_any_speed,Kyiv_city,
2023,secondary_internet_any_speed,city_Sevastopol,
2024,secondary_internet_any_speed,Ukraine,
2024,secondary_internet_any_speed,autonomous_Republic_of_Crimea,
2024,secondary_internet_any_speed,11_reg_Vinnytsya,
2024,secondary_internet_any_speed,12_reg_Volyn,
2024,secondary_internet_any_speed,13_reg_Dnipropetrovsk,
2024,secondary_internet_any_speed,14_reg_Donetsk,
2024,secondary_internet_any_speed,15_reg_Zhytomyr,
2024,secondary_internet_any_speed,16_reg_Zakarpattya,
2024,secondary_internet_any_speed,17_reg_Zaporizhzhya,
2024,secondary_internet_any_speed,18_reg_Ivano-Frankivsk,
2024,secondary_internet_any_speed,19_reg_Kyiv,
2024,secondary_internet_any_speed,20_reg_Kirovohrad,
2024,secondary_internet_any_speed,21_reg_Luhansk,
2024,secondary_internet_any_speed,22_reg_Lviv,
2024,secondary_internet_any_speed,23_reg_Mykolayiv,
2024,secondary_internet_any_speed,24_reg_Odesa,
2024,secondary_internet_any_speed,25_reg_Poltava,
2024,secondary_internet_any_speed,26_reg_Rivne,
2024,secondary_internet_any_speed,27_reg_Sumy,
2024,secondary_internet_any_speed,28_reg_Ternopil,
2024,secondary_internet_any_speed,29_reg_Kharkiv,
2024,secondary_internet_any_speed,30_reg_Kherson,
2024,secondary_internet_any_speed,31_reg_Khmelnytskiy,
2024,secondary_internet_any_speed,32_reg_Cherkasy,
2024,secondary_internet_any_speed,33_reg_Chernivtsi,
2024,secondary_internet_any_speed,34_reg_Chernihiv,
2024,secondary_internet_any_speed,Kyiv_city,
2024,secondary_internet_any_speed,city_Sevastopol,
2025,secondary_internet_any_speed,Ukraine,
2025,secondary_internet_any_speed,autonomous_Republic_of_Crimea,
2025,secondary_internet_any_speed,11_reg_Vinnytsya,
2025,secondary_internet_any_speed,12_reg_Volyn,
2025,secondary_internet_any_speed,13_reg_Dnipropetrovsk,
2025,secondary_internet_any_speed,14_reg_Donetsk,
2025,secondary_internet_any_speed,15_reg_Zhytomyr,
2025,secondary_internet_any_speed,16_reg_Zakarpattya,
2025,secondary_internet_any_speed,17_reg_Zaporizhzhya,
2025,secondary_internet_any_speed,18_reg_Ivano-Frankivsk,
2025,secondary_internet_any_speed,19_reg_Kyiv,
2025,secondary_internet_any_speed,20_reg_Kirovohrad,
2025,secondary_internet_any_speed,21_reg_Luhansk,
2025,secondary_internet_any_speed,22_reg_Lviv,
2025,secondary_internet_any_speed,23_reg_Mykolayiv,
2025,secondary_internet_any_speed,24_reg_Odesa,
2025,secondary_internet_any_speed,25_reg_Poltava,
2025,secondary_internet_any_speed,26_reg_Rivne,
2025,secondary_internet_any_speed,27_reg_Sumy,
2025,secondary_internet_any_speed,28_reg_Ternopil,
2025,secondary_internet_any_speed,29_reg_Kharkiv,
2025,secondary_internet_any_speed,30_reg_Kherson,
2025,secondary_internet_any_speed,31_reg_Khmelnytskiy,
2025,secondary_internet_any_speed,32_reg_Cherkasy,
2025,secondary_internet_any_speed,33_reg_Chernivtsi,
2025,secondary_internet_any_speed,34_reg_Chernihiv,
2025,secondary_internet_any_speed,Kyiv_city,
2025,secondary_internet_any_speed,city_Sevastopol,
2015,secondary_wired_gt30,Ukraine,
2015,secondary_wired_gt30,autonomous_Republic_of_Crimea,
2015,secondary_wired_gt30,11_reg_Vinnytsya,
2015,secondary_wired_gt30,12_reg_Volyn,
2015,secondary_wired_gt30,13_reg_Dnipropetrovsk,
2015,secondary_wired_gt30,14_reg_Donetsk,
2015,secondary_wired_gt30,15_reg_Zhytomyr,
2015,secondary_wired_gt30,16_reg_Zakarpattya,
2015,secondary_wired_gt30,17_reg_Zaporizhzhya,
2015,secondary_wired_gt30,18_reg_Ivano-Frankivsk,
2015,secondary_wired_gt30,19_reg_Kyiv,
2015,secondary_wired_gt30,20_reg_Kirovohrad,
2015,secondary_wired_gt30,21_reg_Luhansk,
2015,secondary_wired_gt30,22_reg_Lviv,
2015,secondary_wired_gt30,23_reg_Mykolayiv,
2015,secondary_wired_gt30,24_reg_Odesa,
2015,secondary_wired_gt30,25_reg_Poltava,
2015,secondary_wired_gt30,26_reg_Rivne,
2015,secondary_wired_gt30,27_reg_Sumy,
2015,secondary_wired_gt30,28_reg_Ternopil,
2015,secondary_wired_gt30,29_reg_Kharkiv,
2015,secondary_wired_gt30,30_reg_Kherson,
2015,secondary_wired_gt30,31_reg_Khmelnytskiy,
2015,secondary_wired_gt30,32_reg_Cherkasy,
2015,secondary_wired_gt30,33_reg_Chernivtsi,
2015,secondary_wired_gt30,34_reg_Chernihiv,
2015,secondary_wired_gt30,Kyiv_city,
2015,secondary_wired_gt30,city_Sevastopol,
2016,secondary_wired_gt30,Ukraine,
2016,secondary_wired_gt30,autonomous_Republic_of_Crimea,
2016,secondary_wired_gt30,11_reg_Vinnytsya,
2016,secondary_wired_gt30,12_reg_Volyn,
2016,secondary_wired_gt30,13_reg_Dnipropetrovsk,
2016,secondary_wired_gt30,14_reg_Donetsk,
2016,secondary_wired_gt30,15_reg_Zhytomyr,
2016,secondary_wired_gt30,16_reg_Zakarpattya,
2016,secondary_wired_gt30,17_reg_Zaporizhzhya,
2016,secondary_wired_gt30,18_reg_Ivano-Frankivsk,
2016,secondary_wired_gt30,19_reg_Kyiv,
2016,secondary_wired_gt30,20_reg_Kirovohrad,
2016,secondary_wired_gt30,21_reg_Luhansk,
2016,secondary_wired_gt30,22_reg_Lviv,
2016,secondary_wired_gt30,23_reg_Mykolayiv,
2016,secondary_wired_gt30,24_reg_Odesa,
2016,secondary_wired_gt30,25_reg_Poltava,
2016,secondary_wired_gt30,26_reg_Rivne,
2016,secondary_wired_gt30,27_reg_Sumy,
2016,secondary_wired_gt30,28_reg_Ternopil,
2016,secondary_wired_gt30,29_reg_Kharkiv,
2016,secondary_wired_gt30,30_reg_Kherson,
2016,secondary_wired_gt30,31_reg_Khmelnytskiy,
2016,secondary_wired_gt30,32_reg_Cherkasy,
2016,secondary_wired_gt30,33_reg_Chernivtsi,
2016,secondary_wired_gt30,34_reg_Chernihiv,
2016,secondary_wired_gt30,Kyiv_city,
2016,secondary_wired_gt30,city_Sevastopol,
2017,secondary_wired_gt30,Ukraine,
2017,secondary_wired_gt30,autonomous_Republic_of_Crimea,
2017,secondary_wired_gt30,11_reg_Vinnytsya,
2017,secondary_wired_gt30,12_reg_Volyn,
2017,secondary_wired_gt30,13_reg_Dnipropetrovsk,
2017,secondary_wired_gt30,14_reg_Donetsk,
2017,secondary_wired_gt30,15_reg_Zhytomyr,
2017,secondary_wired_gt30,16_reg_Zakarpattya,
2017,secondary_wired_gt30,17_reg_Zaporizhzhya,
2017,secondary_wired_gt30,18_reg_Ivano-Frankivsk,
2017,secondary_wired_gt30,19_reg_Kyiv,
2017,secondary_wired_gt30,20_reg_Kirovohrad,
2017,secondary_wired_gt30,21_reg_Luhansk,
2017,secondary_wired_gt30,22_reg_Lviv,
2017,secondary_wired_gt30,23_reg_Mykolayiv,
2017,secondary_wired_gt30,24_reg_Odesa,
2017,secondary_wired_gt30,25_reg_Poltava,
2017,secondary_wired_gt30,26_reg_Rivne,
2017,secondary_wired_gt30,27_reg_Sumy,
2017,secondary_wired_gt30,28_reg_Ternopil,
2017,secondary_wired_gt30,29_reg_Kharkiv,
2017,secondary_wired_gt30,30_reg_Kherson,
2017,secondary_wired_gt30,31_reg_Khmelnytskiy,
2017,secondary_wired_gt30,32_reg_Cherkasy,
2017,secondary_wired_gt30,33_reg_Chernivtsi,
2017,secondary_wired_gt30,34_reg_Chernihiv,
2017,secondary_wired_gt30,Kyiv_city,
2017,secondary_wired_gt30,city_Sevastopol,
2018,secondary_wired_gt30,Ukraine,31.29
2018,secondary_wired_gt30,autonomous_Republic_of_Crimea,
2018,secondary_wired_gt30,11_reg_Vinnytsya,14.67
2018,secondary_wired_gt30,12_reg_Volyn,21.75
2018,secondary_wired_gt30,13_reg_Dnipropetrovsk,48.62
2018,secondary_wired_gt30,14_reg_Donetsk,42.29
2018,secondary_wired_gt30,15_reg_Zhytomyr,18.83
2018,secondary_wired_gt30,16_reg_Zakarpattya,22.63
2018,secondary_wired_gt30,17_reg_Zaporizhzhya,41.15
2018,secondary_wired_gt30,18_reg_Ivano-Frankivsk,31.15
2018,secondary_wired_gt30,19_reg_Kyiv,47.17
2018,secondary_wired_gt30,20_reg_Kirovohrad,23.96
2018,secondary_wired_gt30,21_reg_Luhansk,25.82
2018,secondary_wired_gt30,22_reg_Lviv,21.92
2018,secondary_wired_gt30,23_reg_Mykolayiv,27.39
2018,secondary_wired_gt30,24_reg_Odesa,39.9
2018,secondary_wired_gt30,25_reg_Poltava,25.33
2018,secondary_wired_gt30,26_reg_Rivne,23.86
2018,secondary_wired_gt30,27_reg_Sumy,32.0
2018,secondary_wired_gt30,28_reg_Ternopil,27.86
2018,secondary_wired_gt30,29_reg_Kharkiv,41.46
2018,secondary_wired_gt30,30_reg_Kherson,19.81
2018,secondary_wired_gt30,31_reg_Khmelnytskiy,26.01
2018,secondary_wired_gt30,32_reg_Cherkasy,23.89
2018,secondary_wired_gt30,33_reg_Chernivtsi,44.72
2018,secondary_wired_gt30,34_reg_Chernihiv,16.47
2018,secondary_wired_gt30,Kyiv_city,79.87
2018,secondary_wired_gt30,city_Sevastopol,
2019,secondary_wired_gt30,Ukraine,41.06
2019,secondary_wired_gt30,autonomous_Republic_of_Crimea,
2019,secondary_wired_gt30,11_reg_Vinnytsya,21.22
2019,secondary_wired_gt30,12_reg_Volyn,34.05
2019,secondary_wired_gt30,13_reg_Dnipropetrovsk,52.8
2019,secondary_wired_gt30,14_reg_Donetsk,58.72
2019,secondary_wired_gt30,15_reg_Zhytomyr,28.59
2019,secondary_wired_gt30,16_reg_Zakarpattya,26.26
2019,secondary_wired_gt30,17_reg_Zaporizhzhya,50.39
2019,secondary_wired_gt30,18_reg_Ivano-Frankivsk,40.95
2019,secondary_wired_gt30,19_reg_Kyiv,66.28
2019,secondary_wired_gt30,20_reg_Kirovohrad,36.04
2019,secondary_wired_gt30,21_reg_Luhansk,32.1
2019,secondary_wired_gt30,22_reg_Lviv,31.6
2019,secondary_wired_gt30,23_reg_Mykolayiv,32.12
2019,secondary_wired_gt30,24_reg_Odesa,46.43
2019,secondary_wired_gt30,25_reg_Poltava,32.65
2019,secondary_wired_gt30,26_reg_Rivne,40.31
2019,secondary_wired_gt30,27_reg_Sumy,44.06
2019,secondary_wired_gt30,28_reg_Ternopil,48.2
2019,secondary_wired_gt30,29_reg_Kharkiv,51.04
2019,secondary_wired_gt30,30_reg_Kherson,22.66
2019,secondary_wired_gt30,31_reg_Khmelnytskiy,34.38
2019,secondary_wired_gt30,32_reg_Cherkasy,35.66
2019,secondary_wired_gt30,33_reg_Chernivtsi,63.54
2019,secondary_wired_gt30,34_reg_Chernihiv,19.92
2019,secondary_wired_gt30,Kyiv_city,78.3
2019,secondary_wired_gt30,city_Sevastopol,
2020,secondary_wired_gt30,Ukraine,60.49
2020,secondary_wired_gt30,autonomous_Republic_of_Crimea,
2020,secondary_wired_gt30,11_reg_Vinnytsya,42.8
2020,secondary_wired_gt30,12_reg_Volyn,76.58
2020,secondary_wired_gt30,13_reg_Dnipropetrovsk,68.81
2020,secondary_wired_gt30,14_reg_Donetsk,73.58
2020,secondary_wired_gt30,15_reg_Zhytomyr,36.82
2020,secondary_wired_gt30,16_reg_Zakarpattya,50.08
2020,secondary_wired_gt30,17_reg_Zaporizhzhya,64.34
2020,secondary_wired_gt30,18_reg_Ivano-Frankivsk,57.98
2020,secondary_wired_gt30,19_reg_Kyiv,79.22
2020,secondary_wired_gt30,20_reg_Kirovohrad,67.79
2020,secondary_wired_gt30,21_reg_Luhansk,43.87
2020,secondary_wired_gt30,22_reg_Lviv,65.23
2020,secondary_wired_gt30,23_reg_Mykolayiv,44.47
2020,secondary_wired_gt30,24_reg_Odesa,56.24
2020,secondary_wired_gt30,25_reg_Poltava,56.61
2020,secondary_wired_gt30,26_reg_Rivne,78.67
2020,secondary_wired_gt30,27_reg_Sumy,69.92
2020,secondary_wired_gt30,28_reg_Ternopil,76.21
2020,secondary_wired_gt30,29_reg_Kharkiv,65.73
2020,secondary_wired_gt30,30_reg_Kherson,53.65
2020,secondary_wired_gt30,31_reg_Khmelnytskiy,47.05
2020,secondary_wired_gt30,32_reg_Cherkasy,61.42
2020,secondary_wired_gt30,33_reg_Chernivtsi,95.88
2020,secondary_wired_gt30,34_reg_Chernihiv,38.15
2020,secondary_wired_gt30,Kyiv_city,34.26
2020,secondary_wired_gt30,city_Sevastopol,
2021,secondary_wired_gt30,Ukraine,74.34
2021,secondary_wired_gt30,autonomous_Republic_of_Crimea,
2021,secondary_wired_gt30,11_reg_Vinnytsya,63.21
2021,secondary_wired_gt30,12_reg_Volyn,85.71
2021,secondary_wired_gt30,13_reg_Dnipropetrovsk,75.43
2021,secondary_wired_gt30,14_reg_Donetsk,88.03
2021,secondary_wired_gt30,15_reg_Zhytomyr,56.36
2021,secondary_wired_gt30,16_reg_Zakarpattya,63.75
2021,secondary_wired_gt30,17_reg_Zaporizhzhya,75.63
2021,secondary_wired_gt30,18_reg_Ivano-Frankivsk,71.12
2021,secondary_wired_gt30,19_reg_Kyiv,87.13
2021,secondary_wired_gt30,20_reg_Kirovohrad,75.17
2021,secondary_wired_gt30,21_reg_Luhansk,46.8
2021,secondary_wired_gt30,22_reg_Lviv,76.51
2021,secondary_wired_gt30,23_reg_Mykolayiv,53.17
2021,secondary_wired_gt30,24_reg_Odesa,75.6
2021,secondary_wired_gt30,25_reg_Poltava,69.87
2021,secondary_wired_gt30,26_reg_Rivne,87.76
2021,secondary_wired_gt30,27_reg_Sumy,81.27
2021,secondary_wired_gt30,28_reg_Ternopil,85.47
2021,secondary_wired_gt30,29_reg_Kharkiv,74.0
2021,secondary_wired_gt30,30_reg_Kherson,64.63
2021,secondary_wired_gt30,31_reg_Khmelnytskiy,66.55
2021,secondary_wired_gt30,32_reg_Cherkasy,78.42
2021,secondary_wired_gt30,33_reg_Chernivtsi,99.13
2021,secondary_wired_gt30,34_reg_Chernihiv,53.11
2021,secondary_wired_gt30,Kyiv_city,88.01
2021,secondary_wired_gt30,city_Sevastopol,
2022,secondary_wired_gt30,Ukraine,77.8
2022,secondary_wired_gt30,autonomous_Republic_of_Crimea,
2022,secondary_wired_gt30,11_reg_Vinnytsya,75.51
2022,secondary_wired_gt30,12_reg_Volyn,85.84
2022,secondary_wired_gt30,13_reg_Dnipropetrovsk,80.17
2022,secondary_wired_gt30,14_reg_Donetsk,78.86
2022,secondary_wired_gt30,15_reg_Zhytomyr,65.94
2022,secondary_wired_gt30,16_reg_Zakarpattya,69.23
2022,secondary_wired_gt30,17_reg_Zaporizhzhya,63.23
2022,secondary_wired_gt30,18_reg_Ivano-Frankivsk,72.06
2022,secondary_wired_gt30,19_reg_Kyiv,88.46
2022,secondary_wired_gt30,20_reg_Kirovohrad,78.69
2022,secondary_wired_gt30,21_reg_Luhansk,0.0
2022,secondary_wired_gt30,22_reg_Lviv,79.66
2022,secondary_wired_gt30,23_reg_Mykolayiv,62.87
2022,secondary_wired_gt30,24_reg_Odesa,83.81
2022,secondary_wired_gt30,25_reg_Poltava,78.52
2022,secondary_wired_gt30,26_reg_Rivne,92.55
2022,secondary_wired_gt30,27_reg_Sumy,91.51
2022,secondary_wired_gt30,28_reg_Ternopil,86.82
2022,secondary_wired_gt30,29_reg_Kharkiv,71.11
2022,secondary_wired_gt30,30_reg_Kherson,0.6
2022,secondary_wired_gt30,31_reg_Khmelnytskiy,76.29
2022,secondary_wired_gt30,32_reg_Cherkasy,86.53
2022,secondary_wired_gt30,33_reg_Chernivtsi,97.68
2022,secondary_wired_gt30,34_reg_Chernihiv,75.12
2022,secondary_wired_gt30,Kyiv_city,86.18
2022,secondary_wired_gt30,city_Sevastopol,
2023,secondary_wired_gt30,Ukraine,80.01
2023,secondary_wired_gt30,autonomous_Republic_of_Crimea,
2023,secondary_wired_gt30,11_reg_Vinnytsya,77.51
2023,secondary_wired_gt30,12_reg_Volyn,89.51
2023,secondary_wired_gt30,13_reg_Dnipropetrovsk,80.07
2023,secondary_wired_gt30,14_reg_Donetsk,87.64
2023,secondary_wired_gt30,15_reg_Zhytomyr,68.88
2023,secondary_wired_gt30,16_reg_Zakarpattya,72.0
2023,secondary_wired_gt30,17_reg_Zaporizhzhya,46.8
2023,secondary_wired_gt30,18_reg_Ivano-Frankivsk,75.54
2023,secondary_wired_gt30,19_reg_Kyiv,90.68
2023,secondary_wired_gt30,20_reg_Kirovohrad,84.81
2023,secondary_wired_gt30,21_reg_Luhansk,0.0
2023,secondary_wired_gt30,22_reg_Lviv,81.45
2023,secondary_wired_gt30,23_reg_Mykolayiv,68.91
2023,secondary_wired_gt30,24_reg_Odesa,86.03
2023,secondary_wired_gt30,25_reg_Poltava,83.83
2023,secondary_wired_gt30,26_reg_Rivne,92.24
2023,secondary_wired_gt30,27_reg_Sumy,90.03
2023,secondary_wired_gt30,28_reg_Ternopil,88.25
2023,secondary_wired_gt30,29_reg_Kharkiv,71.0
2023,secondary_wired_gt30,30_reg_Kherson,21.39
2023,secondary_wired_gt30,31_reg_Khmelnytskiy,80.79
2023,secondary_wired_gt30,32_reg_Cherkasy,93.0
2023,secondary_wired_gt30,33_reg_Chernivtsi,98.82
2023,secondary_wired_gt30,34_reg_Chernihiv,80.66
2023,secondary_wired_gt30,Kyiv_city,87.78
2023,secondary_wired_gt30,city_Sevastopol,
2024,secondary_wired_gt30,Ukraine,80.45
2024,secondary_wired_gt30,autonomous_Republic_of_Crimea,
2024,secondary_wired_gt30,11_reg_Vinnytsya,81.73
2024,secondary_wired_gt30,12_reg_Volyn,87.26
2024,secondary_wired_gt30,13_reg_Dnipropetrovsk,82.22
2024,secondary_wired_gt30,14_reg_Donetsk,89.88
2024,secondary_wired_gt30,15_reg_Zhytomyr,70.25
2024,secondary_wired_gt30,16_reg_Zakarpattya,71.73
2024,secondary_wired_gt30,17_reg_Zaporizhzhya,42.33
2024,secondary_wired_gt30,18_reg_Ivano-Frankivsk,73.09
2024,secondary_wired_gt30,19_reg_Kyiv,90.16
2024,secondary_wired_gt30,20_reg_Kirovohrad,84.56
2024,secondary_wired_gt30,21_reg_Luhansk,1.2
2024,secondary_wired_gt30,22_reg_Lviv,80.89
2024,secondary_wired_gt30,23_reg_Mykolayiv,71.88
2024,secondary_wired_gt30,24_reg_Odesa,88.31
2024,secondary_wired_gt30,25_reg_Poltava,85.0
2024,secondary_wired_gt30,26_reg_Rivne,92.74
2024,secondary_wired_gt30,27_reg_Sumy,86.56
2024,secondary_wired_gt30,28_reg_Ternopil,87.73
2024,secondary_wired_gt30,29_reg_Kharkiv,70.58
2024,secondary_wired_gt30,30_reg_Kherson,21.26
2024,secondary_wired_gt30,31_reg_Khmelnytskiy,81.68
2024,secondary_wired_gt30,32_reg_Cherkasy,95.61
2024,secondary_wired_gt30,33_reg_Chernivtsi,97.91
2024,secondary_wired_gt30,34_reg_Chernihiv,84.04
2024,secondary_wired_gt30,Kyiv_city,87.87
2024,secondary_wired_gt30,city_Sevastopol,
2025,secondary_wired_gt30,Ukraine,81.03
2025,secondary_wired_gt30,autonomous_Republic_of_Crimea,
2025,secondary_wired_gt30,11_reg_Vinnytsya,83.0
2025,secondary_wired_gt30,12_reg_Volyn,87.94
2025,secondary_wired_gt30,13_reg_Dnipropetrovsk,78.18
2025,secondary_wired_gt30,14_reg_Donetsk,89.77
2025,secondary_wired_gt30,15_reg_Zhytomyr,69.51
2025,secondary_wired_gt30,16_reg_Zakarpattya,73.81
2025,secondary_wired_gt30,17_reg_Zaporizhzhya,46.67
2025,secondary_wired_gt30,18_reg_Ivano-Frankivsk,76.1
2025,secondary_wired_gt30,19_reg_Kyiv,91.99
2025,secondary_wired_gt30,20_reg_Kirovohrad,81.88
2025,secondary_wired_gt30,21_reg_Luhansk,0.0
2025,secondary_wired_gt30,22_reg_Lviv,79.6
2025,secondary_wired_gt30,23_reg_Mykolayiv,75.57
2025,secondary_wired_gt30,24_reg_Odesa,87.87
2025,secondary_wired_gt30,25_reg_Poltava,88.21
2025,secondary_wired_gt30,26_reg_Rivne,93.75
2025,secondary_wired_gt30,27_reg_Sumy,86.01
2025,secondary_wired_gt30,28_reg_Ternopil,86.46
2025,secondary_wired_gt30,29_reg_Kharkiv,72.87
2025,secondary_wired_gt30,30_reg_Kherson,19.88
2025,secondary_wired_gt30,31_reg_Khmelnytskiy,81.61
2025,secondary_wired_gt30,32_reg_Cherkasy,95.66
2025,secondary_wired_gt30,33_reg_Chernivtsi,98.49
2025,secondary_wired_gt30,34_reg_Chernihiv,88.58
2025,secondary_wired_gt30,Kyiv_city,86.6
2025,secondary_wired_gt30,city_Sevastopol,
2015,secondary_wireless_gt30,Ukraine,
2015,secondary_wireless_gt30,autonomous_Republic_of_Crimea,
2015,secondary_wireless_gt30,11_reg_Vinnytsya,
2015,secondary_wireless_gt30,12_reg_Volyn,
2015,secondary_wireless_gt30,13_reg_Dnipropetrovsk,
2015,secondary_wireless_gt30,14_reg_Donetsk,
2015,secondary_wireless_gt30,15_reg_Zhytomyr,
2015,secondary_wireless_gt30,16_reg_Zakarpattya,
2015,secondary_wireless_gt30,17_reg_Zaporizhzhya,
2015,secondary_wireless_gt30,18_reg_Ivano-Frankivsk,
2015,secondary_wireless_gt30,19_reg_Kyiv,
2015,secondary_wireless_gt30,20_reg_Kirovohrad,
2015,secondary_wireless_gt30,21_reg_Luhansk,
2015,secondary_wireless_gt30,22_reg_Lviv,
2015,secondary_wireless_gt30,23_reg_Mykolayiv,
2015,secondary_wireless_gt30,24_reg_Odesa,
2015,secondary_wireless_gt30,25_reg_Poltava,
2015,secondary_wireless_gt30,26_reg_Rivne,
2015,secondary_wireless_gt30,27_reg_Sumy,
2015,secondary_wireless_gt30,28_reg_Ternopil,
2015,secondary_wireless_gt30,29_reg_Kharkiv,
2015,secondary_wireless_gt30,30_reg_Kherson,
2015,secondary_wireless_gt30,31_reg_Khmelnytskiy,
2015,secondary_wireless_gt30,32_reg_Cherkasy,
2015,secondary_wireless_gt30,33_reg_Chernivtsi,
2015,secondary_wireless_gt30,34_reg_Chernihiv,
2015,secondary_wireless_gt30,Kyiv_city,
2015,secondary_wireless_gt30,city_Sevastopol,
2016,secondary_wireless_gt30,Ukraine,
2016,secondary_wireless_gt30,autonomous_Republic_of_Crimea,
2016,secondary_wireless_gt30,11_reg_Vinnytsya,
2016,secondary_wireless_gt30,12_reg_Volyn,
2016,secondary_wireless_gt30,13_reg_Dnipropetrovsk,
2016,secondary_wireless_gt30,14_reg_Donetsk,
2016,secondary_wireless_gt30,15_reg_Zhytomyr,
2016,secondary_wireless_gt30,16_reg_Zakarpattya,
2016,secondary_wireless_gt30,17_reg_Zaporizhzhya,
2016,secondary_wireless_gt30,18_reg_Ivano-Frankivsk,
2016,secondary_wireless_gt30,19_reg_Kyiv,
2016,secondary_wireless_gt30,20_reg_Kirovohrad,
2016,secondary_wireless_gt30,21_reg_Luhansk,
2016,secondary_wireless_gt30,22_reg_Lviv,
2016,secondary_wireless_gt30,23_reg_Mykolayiv,
2016,secondary_wireless_gt30,24_reg_Odesa,
2016,secondary_wireless_gt30,25_reg_Poltava,
2016,secondary_wireless_gt30,26_reg_Rivne,
2016,secondary_wireless_gt30,27_reg_Sumy,
2016,secondary_wireless_gt30,28_reg_Ternopil,
2016,secondary_wireless_gt30,29_reg_Kharkiv,
2016,secondary_wireless_gt30,30_reg_Kherson,
2016,secondary_wireless_gt30,31_reg_Khmelnytskiy,
2016,secondary_wireless_gt30,32_reg_Cherkasy,
2016,secondary_wireless_gt30,33_reg_Chernivtsi,
2016,secondary_wireless_gt30,34_reg_Chernihiv,
2016,secondary_wireless_gt30,Kyiv_city,
2016,secondary_wireless_gt30,city_Sevastopol,
2017,secondary_wireless_gt30,Ukraine,
2017,secondary_wireless_gt30,autonomous_Republic_of_Crimea,
2017,secondary_wireless_gt30,11_reg_Vinnytsya,
2017,secondary_wireless_gt30,12_reg_Volyn,
2017,secondary_wireless_gt30,13_reg_Dnipropetrovsk,
2017,secondary_wireless_gt30,14_reg_Donetsk,
2017,secondary_wireless_gt30,15_reg_Zhytomyr,
2017,secondary_wireless_gt30,16_reg_Zakarpattya,
2017,secondary_wireless_gt30,17_reg_Zaporizhzhya,
2017,secondary_wireless_gt30,18_reg_Ivano-Frankivsk,
2017,secondary_wireless_gt30,19_reg_Kyiv,
2017,secondary_wireless_gt30,20_reg_Kirovohrad,
2017,secondary_wireless_gt30,21_reg_Luhansk,
2017,secondary_wireless_gt30,22_reg_Lviv,
2017,secondary_wireless_gt30,23_reg_Mykolayiv,
2017,secondary_wireless_gt30,24_reg_Odesa,
2017,secondary_wireless_gt30,25_reg_Poltava,
2017,secondary_wireless_gt30,26_reg_Rivne,
2017,secondary_wireless_gt30,27_reg_Sumy,
2017,secondary_wireless_gt30,28_reg_Ternopil,
2017,secondary_wireless_gt30,29_reg_Kharkiv,
2017,secondary_wireless_gt30,30_reg_Kherson,
2017,secondary_wireless_gt30,31_reg_Khmelnytskiy,
2017,secondary_wireless_gt30,32_reg_Cherkasy,
2017,secondary_wireless_gt30,33_reg_Chernivtsi,
2017,secondary_wireless_gt30,34_reg_Chernihiv,
2017,secondary_wireless_gt30,Kyiv_city,
2017,secondary_wireless_gt30,city_Sevastopol,
2018,secondary_wireless_gt30,Ukraine,14.43
2018,secondary_wireless_gt30,autonomous_Republic_of_Crimea,
2018,secondary_wireless_gt30,11_reg_Vinnytsya,6.82
2018,secondary_wireless_gt30,12_reg_Volyn,8.77
2018,secondary_wireless_gt30,13_reg_Dnipropetrovsk,24.88
2018,secondary_wireless_gt30,14_reg_Donetsk,19.17
2018,secondary_wireless_gt30,15_reg_Zhytomyr,8.02
2018,secondary_wireless_gt30,16_reg_Zakarpattya,10.4
2018,secondary_wireless_gt30,17_reg_Zaporizhzhya,22.53
2018,secondary_wireless_gt30,18_reg_Ivano-Frankivsk,10.63
2018,secondary_wireless_gt30,19_reg_Kyiv,22.06
2018,secondary_wireless_gt30,20_reg_Kirovohrad,14.7
2018,secondary_wireless_gt30,21_reg_Luhansk,12.0
2018,secondary_wireless_gt30,22_reg_Lviv,9.78
2018,secondary_wireless_gt30,23_reg_Mykolayiv,15.77
2018,secondary_wireless_gt30,24_reg_Odesa,13.9
2018,secondary_wireless_gt30,25_reg_Poltava,13.17
2018,secondary_wireless_gt30,26_reg_Rivne,10.66
2018,secondary_wireless_gt30,27_reg_Sumy,18.12
2018,secondary_wireless_gt30,28_reg_Ternopil,11.56
2018,secondary_wireless_gt30,29_reg_Kharkiv,18.18
2018,secondary_wireless_gt30,30_reg_Kherson,12.32
2018,secondary_wireless_gt30,31_reg_Khmelnytskiy,13.9
2018,secondary_wireless_gt30,32_reg_Cherkasy,9.38
2018,secondary_wireless_gt30,33_reg_Chernivtsi,23.87
2018,secondary_wireless_gt30,34_reg_Chernihiv,6.83
2018,secondary_wireless_gt30,Kyiv_city,32.08
2018,secondary_wireless_gt30,city_Sevastopol,
2019,secondary_wireless_gt30,Ukraine,19.32
2019,secondary_wireless_gt30,autonomous_Republic_of_Crimea,
2019,secondary_wireless_gt30,11_reg_Vinnytsya,8.09
2019,secondary_wireless_gt30,12_reg_Volyn,14.95
2019,secondary_wireless_gt30,13_reg_Dnipropetrovsk,35.76
2019,secondary_wireless_gt30,14_reg_Donetsk,23.45
2019,secondary_wireless_gt30,15_reg_Zhytomyr,11.95
2019,secondary_wireless_gt30,16_reg_Zakarpattya,14.2
2019,secondary_wireless_gt30,17_reg_Zaporizhzhya,26.64
2019,secondary_wireless_gt30,18_reg_Ivano-Frankivsk,13.95
2019,secondary_wireless_gt30,19_reg_Kyiv,38.1
2019,secondary_wireless_gt30,20_reg_Kirovohrad,25.0
2019,secondary_wireless_gt30,21_reg_Luhansk,15.13
2019,secondary_wireless_gt30,22_reg_Lviv,10.56
2019,secondary_wireless_gt30,23_reg_Mykolayiv,18.63
2019,secondary_wireless_gt30,24_reg_Odesa,18.55
2019,secondary_wireless_gt30,25_reg_Poltava,19.73
2019,secondary_wireless_gt30,26_reg_Rivne,10.99
2019,secondary_wireless_gt30,27_reg_Sumy,10.89
2019,secondary_wireless_gt30,28_reg_Ternopil,19.91
2019,secondary_wireless_gt30,29_reg_Kharkiv,29.68
2019,secondary_wireless_gt30,30_reg_Kherson,13.79
2019,secondary_wireless_gt30,31_reg_Khmelnytskiy,17.27
2019,secondary_wireless_gt30,32_reg_Cherkasy,15.26
2019,secondary_wireless_gt30,33_reg_Chernivtsi,30.13
2019,secondary_wireless_gt30,34_reg_Chernihiv,8.6
2019,secondary_wireless_gt30,Kyiv_city,33.93
2019,secondary_wireless_gt30,city_Sevastopol,
2020,secondary_wireless_gt30,Ukraine,28.75
2020,secondary_wireless_gt30,autonomous_Republic_of_Crimea,
2020,secondary_wireless_gt30,11_reg_Vinnytsya,17.56
2020,secondary_wireless_gt30,12_reg_Volyn,21.37
2020,secondary_wireless_gt30,13_reg_Dnipropetrovsk,50.97
2020,secondary_wireless_gt30,14_reg_Donetsk,38.21
2020,secondary_wireless_gt30,15_reg_Zhytomyr,18.08
2020,secondary_wireless_gt30,16_reg_Zakarpattya,32.64
2020,secondary_wireless_gt30,17_reg_Zaporizhzhya,37.4
2020,secondary_wireless_gt30,18_reg_Ivano-Frankivsk,0.31
2020,secondary_wireless_gt30,19_reg_Kyiv,48.4
2020,secondary_wireless_gt30,20_reg_Kirovohrad,40.6
2020,secondary_wireless_gt30,21_reg_Luhansk,21.19
2020,secondary_wireless_gt30,22_reg_Lviv,26.76
2020,secondary_wireless_gt30,23_reg_Mykolayiv,25.38
2020,secondary_wireless_gt30,24_reg_Odesa,29.17
2020,secondary_wireless_gt30,25_reg_Poltava,46.56
2020,secondary_wireless_gt30,26_reg_Rivne,12.59
2020,secondary_wireless_gt30,27_reg_Sumy,17.22
2020,secondary_wireless_gt30,28_reg_Ternopil,21.59
2020,secondary_wireless_gt30,29_reg_Kharkiv,35.24
2020,secondary_wireless_gt30,30_reg_Kherson,36.72
2020,secondary_wireless_gt30,31_reg_Khmelnytskiy,22.62
2020,secondary_wireless_gt30,32_reg_Cherkasy,29.17
2020,secondary_wireless_gt30,33_reg_Chernivtsi,52.58
2020,secondary_wireless_gt30,34_reg_Chernihiv,20.47
2020,secondary_wireless_gt30,Kyiv_city,19.44
2020,secondary_wireless_gt30,city_Sevastopol,
2021,secondary_wireless_gt30,Ukraine,39.87
2021,secondary_wireless_gt30,autonomous_Republic_of_Crimea,
2021,secondary_wireless_gt30,11_reg_Vinnytsya,26.1
2021,secondary_wireless_gt30,12_reg_Volyn,18.63
2021,secondary_wireless_gt30,13_reg_Dnipropetrovsk,56.97
2021,secondary_wireless_gt30,14_reg_Donetsk,76.26
2021,secondary_wireless_gt30,15_reg_Zhytomyr,33.57
2021,secondary_wireless_gt30,16_reg_Zakarpattya,45.88
2021,secondary_wireless_gt30,17_reg_Zaporizhzhya,50.0
2021,secondary_wireless_gt30,18_reg_Ivano-Frankivsk,0.17
2021,secondary_wireless_gt30,19_reg_Kyiv,53.8
2021,secondary_wireless_gt30,20_reg_Kirovohrad,61.56
2021,secondary_wireless_gt30,21_reg_Luhansk,14.0
2021,secondary_wireless_gt30,22_reg_Lviv,46.26
2021,secondary_wireless_gt30,23_reg_Mykolayiv,29.41
2021,secondary_wireless_gt30,24_reg_Odesa,41.94
2021,secondary_wireless_gt30,25_reg_Poltava,56.05
2021,secondary_wireless_gt30,26_reg_Rivne,0.93
2021,secondary_wireless_gt30,27_reg_Sumy,35.54
2021,secondary_wireless_gt30,28_reg_Ternopil,9.27
2021,secondary_wireless_gt30,29_reg_Kharkiv,38.29
2021,secondary_wireless_gt30,30_reg_Kherson,53.19
2021,secondary_wireless_gt30,31_reg_Khmelnytskiy,33.45
2021,secondary_wireless_gt30,32_reg_Cherkasy,48.13
2021,secondary_wireless_gt30,33_reg_Chernivtsi,57.73
2021,secondary_wireless_gt30,34_reg_Chernihiv,23.68
2021,secondary_wireless_gt30,Kyiv_city,61.36
2021,secondary_wireless_gt30,city_Sevastopol,
2022,secondary_wireless_gt30,Ukraine,38.87
2022,secondary_wireless_gt30,autonomous_Republic_of_Crimea,
2022,secondary_wireless_gt30,11_reg_Vinnytsya,34.28
2022,secondary_wireless_gt30,12_reg_Volyn,25.77
2022,secondary_wireless_gt30,13_reg_Dnipropetrovsk,61.17
2022,secondary_wireless_gt30,14_reg_Donetsk,48.32
2022,secondary_wireless_gt30,15_reg_Zhytomyr,39.53
2022,secondary_wireless_gt30,16_reg_Zakarpattya,47.86
2022,secondary_wireless_gt30,17_reg_Zaporizhzhya,42.83
2022,secondary_wireless_gt30,18_reg_Ivano-Frankivsk,8.01
2022,secondary_wireless_gt30,19_reg_Kyiv,53.2
2022,secondary_wireless_gt30,20_reg_Kirovohrad,59.45
2022,secondary_wireless_gt30,21_reg_Luhansk,0.0
2022,secondary_wireless_gt30,22_reg_Lviv,48.3
2022,secondary_wireless_gt30,23_reg_Mykolayiv,30.98
2022,secondary_wireless_gt30,24_reg_Odesa,47.05
2022,secondary_wireless_gt30,25_reg_Poltava,58.37
2022,secondary_wireless_gt30,26_reg_Rivne,3.09
2022,secondary_wireless_gt30,27_reg_Sumy,15.62
2022,secondary_wireless_gt30,28_reg_Ternopil,5.95
2022,secondary_wireless_gt30,29_reg_Kharkiv,38.25
2022,secondary_wireless_gt30,30_reg_Kherson,0.6
2022,secondary_wireless_gt30,31_reg_Khmelnytskiy,36.72
2022,secondary_wireless_gt30,32_reg_Cherkasy,47.79
2022,secondary_wireless_gt30,33_reg_Chernivtsi,58.84
2022,secondary_wireless_gt30,34_reg_Chernihiv,22.89
2022,secondary_wireless_gt30,Kyiv_city,66.72
2022,secondary_wireless_gt30,city_Sevastopol,
2023,secondary_wireless_gt30,Ukraine,41.74
2023,secondary_wireless_gt30,autonomous_Republic_of_Crimea,
2023,secondary_wireless_gt30,11_reg_Vinnytsya,39.0
2023,secondary_wireless_gt30,12_reg_Volyn,21.72
2023,secondary_wireless_gt30,13_reg_Dnipropetrovsk,63.91
2023,secondary_wireless_gt30,14_reg_Donetsk,52.73
2023,secondary_wireless_gt30,15_reg_Zhytomyr,43.26
2023,secondary_wireless_gt30,16_reg_Zakarpattya,48.7
2023,secondary_wireless_gt30,17_reg_Zaporizhzhya,36.32
2023,secondary_wireless_gt30,18_reg_Ivano-Frankivsk,10.54
2023,secondary_wireless_gt30,19_reg_Kyiv,55.77
2023,secondary_wireless_gt30,20_reg_Kirovohrad,66.78
2023,secondary_wireless_gt30,21_reg_Luhansk,0.0
2023,secondary_wireless_gt30,22_reg_Lviv,51.18
2023,secondary_wireless_gt30,23_reg_Mykolayiv,34.11
2023,secondary_wireless_gt30,24_reg_Odesa,48.74
2023,secondary_wireless_gt30,25_reg_Poltava,64.1
2023,secondary_wireless_gt30,26_reg_Rivne,5.36
2023,secondary_wireless_gt30,27_reg_Sumy,19.09
2023,secondary_wireless_gt30,28_reg_Ternopil,11.07
2023,secondary_wireless_gt30,29_reg_Kharkiv,36.61
2023,secondary_wireless_gt30,30_reg_Kherson,15.51
2023,secondary_wireless_gt30,31_reg_Khmelnytskiy,36.91
2023,secondary_wireless_gt30,32_reg_Cherkasy,59.52
2023,secondary_wireless_gt30,33_reg_Chernivtsi,58.24
2023,secondary_wireless_gt30,34_reg_Chernihiv,24.43
2023,secondary_wireless_gt30,Kyiv_city,74.7
2023,secondary_wireless_gt30,city_Sevastopol,
2024,secondary_wireless_gt30,Ukraine,44.43
2024,secondary_wireless_gt30,autonomous_Republic_of_Crimea,
2024,secondary_wireless_gt30,11_reg_Vinnytsya,39.04
2024,secondary_wireless_gt30,12_reg_Volyn,27.03
2024,secondary_wireless_gt30,13_reg_Dnipropetrovsk,63.7
2024,secondary_wireless_gt30,14_reg_Donetsk,62.26
2024,secondary_wireless_gt30,15_reg_Zhytomyr,45.79
2024,secondary_wireless_gt30,16_reg_Zakarpattya,48.76
2024,secondary_wireless_gt30,17_reg_Zaporizhzhya,33.33
2024,secondary_wireless_gt30,18_reg_Ivano-Frankivsk,12.73
2024,secondary_wireless_gt30,19_reg_Kyiv,59.05
2024,secondary_wireless_gt30,20_reg_Kirovohrad,60.0
2024,secondary_wireless_gt30,21_reg_Luhansk,1.2
2024,secondary_wireless_gt30,22_reg_Lviv,55.01
2024,secondary_wireless_gt30,23_reg_Mykolayiv,36.06
2024,secondary_wireless_gt30,24_reg_Odesa,48.17
2024,secondary_wireless_gt30,25_reg_Poltava,70.2
2024,secondary_wireless_gt30,26_reg_Rivne,4.1
2024,secondary_wireless_gt30,27_reg_Sumy,31.88
2024,secondary_wireless_gt30,28_reg_Ternopil,13.9
2024,secondary_wireless_gt30,29_reg_Kharkiv,42.93
2024,secondary_wireless_gt30,30_reg_Kherson,12.64
2024,secondary_wireless_gt30,31_reg_Khmelnytskiy,38.6
2024,secondary_wireless_gt30,32_reg_Cherkasy,66.97
2024,secondary_wireless_gt30,33_reg_Chernivtsi,64.18
2024,secondary_wireless_gt30,34_reg_Chernihiv,26.33
2024,secondary_wireless_gt30,Kyiv_city,76.41
2024,secondary_wireless_gt30,city_Sevastopol,
2025,secondary_wireless_gt30,Ukraine,48.07
2025,secondary_wireless_gt30,autonomous_Republic_of_Crimea,
2025,secondary_wireless_gt30,11_reg_Vinnytsya,44.12
2025,secondary_wireless_gt30,12_reg_Volyn,31.03
2025,secondary_wireless_gt30,13_reg_Dnipropetrovsk,64.44
2025,secondary_wireless_gt30,14_reg_Donetsk,58.6
2025,secondary_wireless_gt30,15_reg_Zhytomyr,46.54
2025,secondary_wireless_gt30,16_reg_Zakarpattya,52.74
2025,secondary_wireless_gt30,17_reg_Zaporizhzhya,38.41
2025,secondary_wireless_gt30,18_reg_Ivano-Frankivsk,22.61
2025,secondary_wireless_gt30,19_reg_Kyiv,65.78
2025,secondary_wireless_gt30,20_reg_Kirovohrad,61.59
2025,secondary_wireless_gt30,21_reg_Luhansk,0.0
2025,secondary_wireless_gt30,22_reg_Lviv,56.7
2025,secondary_wireless_gt30,23_reg_Mykolayiv,38.42
2025,secondary_wireless_gt30,24_reg_Odesa,47.67
2025,secondary_wireless_gt30,25_reg_Poltava,71.16
2025,secondary_wireless_gt30,26_reg_Rivne,4.69
2025,secondary_wireless_gt30,27_reg_Sumy,37.88
2025,secondary_wireless_gt30,28_reg_Ternopil,22.05
2025,secondary_wireless_gt30,29_reg_Kharkiv,47.78
2025,secondary_wireless_gt30,30_reg_Kherson,11.11
2025,secondary_wireless_gt30,31_reg_Khmelnytskiy,42.56
2025,secondary_wireless_gt30,32_reg_Cherkasy,68.43
2025,secondary_wireless_gt30,33_reg_Chernivtsi,71.9
2025,secondary_wireless_gt30,34_reg_Chernihiv,37.96
2025,secondary_wireless_gt30,Kyiv_city,77.61
2025,secondary_wireless_gt30,city_Sevastopol,
2015,secondary_wired_or_wireless_gt30,Ukraine,
2015,secondary_wired_or_wireless_gt30,autonomous_Republic_of_Crimea,
2015,secondary_wired_or_wireless_gt30,11_reg_Vinnytsya,
2015,secondary_wired_or_wireless_gt30,12_reg_Volyn,
2015,secondary_wired_or_wireless_gt30,13_reg_Dnipropetrovsk,
2015,secondary_wired_or_wireless_gt30,14_reg_Donetsk,
2015,secondary_wired_or_wireless_gt30,15_reg_Zhytomyr,
2015,secondary_wired_or_wireless_gt30,16_reg_Zakarpattya,
2015,secondary_wired_or_wireless_gt30,17_reg_Zaporizhzhya,
2015,secondary_wired_or_wireless_gt30,18_reg_Ivano-Frankivsk,
2015,secondary_wired_or_wireless_gt30,19_reg_Kyiv,
2015,secondary_wired_or_wireless_gt30,20_reg_Kirovohrad,
2015,secondary_wired_or_wireless_gt30,21_reg_Luhansk,
2015,secondary_wired_or_wireless_gt30,22_reg_Lviv,
2015,secondary_wired_or_wireless_gt30,23_reg_Mykolayiv,
2015,secondary_wired_or_wireless_gt30,24_reg_Odesa,
2015,secondary_wired_or_wireless_gt30,25_reg_Poltava,
2015,secondary_wired_or_wireless_gt30,26_reg_Rivne,
2015,secondary_wired_or_wireless_gt30,27_reg_Sumy,
2015,secondary_wired_or_wireless_gt30,28_reg_Ternopil,
2015,secondary_wired_or_wireless_gt30,29_reg_Kharkiv,
2015,secondary_wired_or_wireless_gt30,30_reg_Kherson,
2015,secondary_wired_or_wireless_gt30,31_reg_Khmelnytskiy,
2015,secondary_wired_or_wireless_gt30,32_reg_Cherkasy,
2015,secondary_wired_or_wireless_gt30,33_reg_Chernivtsi,
2015,secondary_wired_or_wireless_gt30,34_reg_Chernihiv,
2015,secondary_wired_or_wireless_gt30,Kyiv_city,
2015,secondary_wired_or_wireless_gt30,city_Sevastopol,
2016,secondary_wired_or_wireless_gt30,Ukraine,
2016,secondary_wired_or_wireless_gt30,autonomous_Republic_of_Crimea,
2016,secondary_wired_or_wireless_gt30,11_reg_Vinnytsya,
2016,secondary_wired_or_wireless_gt30,12_reg_Volyn,
2016,secondary_wired_or_wireless_gt30,13_reg_Dnipropetrovsk,
2016,secondary_wired_or_wireless_gt30,14_reg_Donetsk,
2016,secondary_wired_or_wireless_gt30,15_reg_Zhytomyr,
2016,secondary_wired_or_wireless_gt30,16_reg_Zakarpattya,
2016,secondary_wired_or_wireless_gt30,17_reg_Zaporizhzhya,
2016,secondary_wired_or_wireless_gt30,18_reg_Ivano-Frankivsk,
2016,secondary_wired_or_wireless_gt30,19_reg_Kyiv,
2016,secondary_wired_or_wireless_gt30,20_reg_Kirovohrad,
2016,secondary_wired_or_wireless_gt30,21_reg_Luhansk,
2016,secondary_wired_or_wireless_gt30,22_reg_Lviv,
2016,secondary_wired_or_wireless_gt30,23_reg_Mykolayiv,
2016,secondary_wired_or_wireless_gt30,24_reg_Odesa,
2016,secondary_wired_or_wireless_gt30,25_reg_Poltava,
2016,secondary_wired_or_wireless_gt30,26_reg_Rivne,
2016,secondary_wired_or_wireless_gt30,27_reg_Sumy,
2016,secondary_wired_or_wireless_gt30,28_reg_Ternopil,
2016,secondary_wired_or_wireless_gt30,29_reg_Kharkiv,
2016,secondary_wired_or_wireless_gt30,30_reg_Kherson,
2016,secondary_wired_or_wireless_gt30,31_reg_Khmelnytskiy,
2016,secondary_wired_or_wireless_gt30,32_reg_Cherkasy,
2016,secondary_wired_or_wireless_gt30,33_reg_Chernivtsi,
2016,secondary_wired_or_wireless_gt30,34_reg_Chernihiv,
2016,secondary_wired_or_wireless_gt30,Kyiv_city,
2016,secondary_wired_or_wireless_gt30,city_Sevastopol,
2017,secondary_wired_or_wireless_gt30,Ukraine,
2017,secondary_wired_or_wireless_gt30,autonomous_Republic_of_Crimea,
2017,secondary_wired_or_wireless_gt30,11_reg_Vinnytsya,
2017,secondary_wired_or_wireless_gt30,12_reg_Volyn,
2017,secondary_wired_or_wireless_gt30,13_reg_Dnipropetrovsk,
2017,secondary_wired_or_wireless_gt30,14_reg_Donetsk,
2017,secondary_wired_or_wireless_gt30,15_reg_Zhytomyr,
2017,secondary_wired_or_wireless_gt30,16_reg_Zakarpattya,
2017,secondary_wired_or_wireless_gt30,17_reg_Zaporizhzhya,
2017,secondary_wired_or_wireless_gt30,18_reg_Ivano-Frankivsk,
2017,secondary_wired_or_wireless_gt30,19_reg_Kyiv,
2017,secondary_wired_or_wireless_gt30,20_reg_Kirovohrad,
2017,secondary_wired_or_wireless_gt30,21_reg_Luhansk,
2017,secondary_wired_or_wireless_gt30,22_reg_Lviv,
2017,secondary_wired_or_wireless_gt30,23_reg_Mykolayiv,
2017,secondary_wired_or_wireless_gt30,24_reg_Odesa,
2017,secondary_wired_or_wireless_gt30,25_reg_Poltava,
2017,secondary_wired_or_wireless_gt30,26_reg_Rivne,
2017,secondary_wired_or_wireless_gt30,27_reg_Sumy,
2017,secondary_wired_or_wireless_gt30,28_reg_Ternopil,
2017,secondary_wired_or_wireless_gt30,29_reg_Kharkiv,
2017,secondary_wired_or_wireless_gt30,30_reg_Kherson,
2017,secondary_wired_or_wireless_gt30,31_reg_Khmelnytskiy,
2017,secondary_wired_or_wireless_gt30,32_reg_Cherkasy,
2017,secondary_wired_or_wireless_gt30,33_reg_Chernivtsi,
2017,secondary_wired_or_wireless_gt30,34_reg_Chernihiv,
2017,secondary_wired_or_wireless_gt30,Kyiv_city,
2017,secondary_wired_or_wireless_gt30,city_Sevastopol,
2018,secondary_wired_or_wireless_gt30,Ukraine,
2018,secondary_wired_or_wireless_gt30,autonomous_Republic_of_Crimea,
2018,secondary_wired_or_wireless_gt30,11_reg_Vinnytsya,
2018,secondary_wired_or_wireless_gt30,12_reg_Volyn,
2018,secondary_wired_or_wireless_gt30,13_reg_Dnipropetrovsk,
2018,secondary_wired_or_wireless_gt30,14_reg_Donetsk,
2018,secondary_wired_or_wireless_gt30,15_reg_Zhytomyr,
2018,secondary_wired_or_wireless_gt30,16_reg_Zakarpattya,
2018,secondary_wired_or_wireless_gt30,17_reg_Zaporizhzhya,
2018,secondary_wired_or_wireless_gt30,18_reg_Ivano-Frankivsk,
2018,secondary_wired_or_wireless_gt30,19_reg_Kyiv,
2018,secondary_wired_or_wireless_gt30,20_reg_Kirovohrad,
2018,secondary_wired_or_wireless_gt30,21_reg_Luhansk,
2018,secondary_wired_or_wireless_gt30,22_reg_Lviv,
2018,secondary_wired_or_wireless_gt30,23_reg_Mykolayiv,
2018,secondary_wired_or_wireless_gt30,24_reg_Odesa,
2018,secondary_wired_or_wireless_gt30,25_reg_Poltava,
2018,secondary_wired_or_wireless_gt30,26_reg_Rivne,
2018,secondary_wired_or_wireless_gt30,27_reg_Sumy,
2018,secondary_wired_or_wireless_gt30,28_reg_Ternopil,
2018,secondary_wired_or_wireless_gt30,29_reg_Kharkiv,
2018,secondary_wired_or_wireless_gt30,30_reg_Kherson,
2018,secondary_wired_or_wireless_gt30,31_reg_Khmelnytskiy,
2018,secondary_wired_or_wireless_gt30,32_reg_Cherkasy,
2018,secondary_wired_or_wireless_gt30,33_reg_Chernivtsi,
2018,secondary_wired_or_wireless_gt30,34_reg_Chernihiv,
2018,secondary_wired_or_wireless_gt30,Kyiv_city,
2018,secondary_wired_or_wireless_gt30,city_Sevastopol,
2019,secondary_wired_or_wireless_gt30,Ukraine,
2019,secondary_wired_or_wireless_gt30,autonomous_Republic_of_Crimea,
2019,secondary_wired_or_wireless_gt30,11_reg_Vinnytsya,
2019,secondary_wired_or_wireless_gt30,12_reg_Volyn,
2019,secondary_wired_or_wireless_gt30,13_reg_Dnipropetrovsk,
2019,secondary_wired_or_wireless_gt30,14_reg_Donetsk,
2019,secondary_wired_or_wireless_gt30,15_reg_Zhytomyr,
2019,secondary_wired_or_wireless_gt30,16_reg_Zakarpattya,
2019,secondary_wired_or_wireless_gt30,17_reg_Zaporizhzhya,
2019,secondary_wired_or_wireless_gt30,18_reg_Ivano-Frankivsk,
2019,secondary_wired_or_wireless_gt30,19_reg_Kyiv,
2019,secondary_wired_or_wireless_gt30,20_reg_Kirovohrad,
2019,secondary_wired_or_wireless_gt30,21_reg_Luhansk,
2019,secondary_wired_or_wireless_gt30,22_reg_Lviv,
2019,secondary_wired_or_wireless_gt30,23_reg_Mykolayiv,
2019,secondary_wired_or_wireless_gt30,24_reg_Odesa,
2019,secondary_wired_or_wireless_gt30,25_reg_Poltava,
2019,secondary_wired_or_wireless_gt30,26_reg_Rivne,
2019,secondary_wired_or_wireless_gt30,27_reg_Sumy,
2019,secondary_wired_or_wireless_gt30,28_reg_Ternopil,
2019,secondary_wired_or_wireless_gt30,29_reg_Kharkiv,
2019,secondary_wired_or_wireless_gt30,30_reg_Kherson,
2019,secondary_wired_or_wireless_gt30,31_reg_Khmelnytskiy,
2019,secondary_wired_or_wireless_gt30,32_reg_Cherkasy,
2019,secondary_wired_or_wireless_gt30,33_reg_Chernivtsi,
2019,secondary_wired_or_wireless_gt30,34_reg_Chernihiv,
2019,secondary_wired_or_wireless_gt30,Kyiv_city,
2019,secondary_wired_or_wireless_gt30,city_Sevastopol,
2020,secondary_wired_or_wireless_gt30,Ukraine,
2020,secondary_wired_or_wireless_gt30,autonomous_Republic_of_Crimea,
2020,secondary_wired_or_wireless_gt30,11_reg_Vinnytsya,
2020,secondary_wired_or_wireless_gt30,12_reg_Volyn,
2020,secondary_wired_or_wireless_gt30,13_reg_Dnipropetrovsk,
2020,secondary_wired_or_wireless_gt30,14_reg_Donetsk,
2020,secondary_wired_or_wireless_gt30,15_reg_Zhytomyr,
2020,secondary_wired_or_wireless_gt30,16_reg_Zakarpattya,
2020,secondary_wired_or_wireless_gt30,17_reg_Zaporizhzhya,
2020,secondary_wired_or_wireless_gt30,18_reg_Ivano-Frankivsk,
2020,secondary_wired_or_wireless_gt30,19_reg_Kyiv,
2020,secondary_wired_or_wireless_gt30,20_reg_Kirovohrad,
2020,secondary_wired_or_wireless_gt30,21_reg_Luhansk,
2020,secondary_wired_or_wireless_gt30,22_reg_Lviv,
2020,secondary_wired_or_wireless_gt30,23_reg_Mykolayiv,
2020,secondary_wired_or_wireless_gt30,24_reg_Odesa,
2020,secondary_wired_or_wireless_gt30,25_reg_Poltava,
2020,secondary_wired_or_wireless_gt30,26_reg_Rivne,
2020,secondary_wired_or_wireless_gt30,27_reg_Sumy,
2020,secondary_wired_or_wireless_gt30,28_reg_Ternopil,
2020,secondary_wired_or_wireless_gt30,29_reg_Kharkiv,
2020,secondary_wired_or_wireless_gt30,30_reg_Kherson,
2020,secondary_wired_or_wireless_gt30,31_reg_Khmelnytskiy,
2020,secondary_wired_or_wireless_gt30,32_reg_Cherkasy,
2020,secondary_wired_or_wireless_gt30,33_reg_Chernivtsi,
2020,secondary_wired_or_wireless_gt30,34_reg_Chernihiv,
2020,secondary_wired_or_wireless_gt30,Kyiv_city,
2020,secondary_wired_or_wireless_gt30,city_Sevastopol,
2021,secondary_wired_or_wireless_gt30,Ukraine,
2021,secondary_wired_or_wireless_gt30,autonomous_Republic_of_Crimea,
2021,secondary_wired_or_wireless_gt30,11_reg_Vinnytsya,
2021,secondary_wired_or_wireless_gt30,12_reg_Volyn,
2021,secondary_wired_or_wireless_gt30,13_reg_Dnipropetrovsk,
2021,secondary_wired_or_wireless_gt30,14_reg_Donetsk,
2021,secondary_wired_or_wireless_gt30,15_reg_Zhytomyr,
2021,secondary_wired_or_wireless_gt30,16_reg_Zakarpattya,
2021,secondary_wired_or_wireless_gt30,17_reg_Zaporizhzhya,
2021,secondary_wired_or_wireless_gt30,18_reg_Ivano-Frankivsk,
2021,secondary_wired_or_wireless_gt30,19_reg_Kyiv,
2021,secondary_wired_or_wireless_gt30,20_reg_Kirovohrad,
2021,secondary_wired_or_wireless_gt30,21_reg_Luhansk,
2021,secondary_wired_or_wireless_gt30,22_reg_Lviv,
2021,secondary_wired_or_wireless_gt30,23_reg_Mykolayiv,
2021,secondary_wired_or_wireless_gt30,24_reg_Odesa,
2021,secondary_wired_or_wireless_gt30,25_reg_Poltava,
2021,secondary_wired_or_wireless_gt30,26_reg_Rivne,
2021,secondary_wired_or_wireless_gt30,27_reg_Sumy,
2021,secondary_wired_or_wireless_gt30,28_reg_Ternopil,
2021,secondary_wired_or_wireless_gt30,29_reg_Kharkiv,
2021,secondary_wired_or_wireless_gt30,30_reg_Kherson,
2021,secondary_wired_or_wireless_gt30,31_reg_Khmelnytskiy,
2021,secondary_wired_or_wireless_gt30,32_reg_Cherkasy,
2021,secondary_wired_or_wireless_gt30,33_reg_Chernivtsi,
2021,secondary_wired_or_wireless_gt30,34_reg_Chernihiv,
2021,secondary_wired_or_wireless_gt30,Kyiv_city,
2021,secondary_wired_or_wireless_gt30,city_Sevastopol,
2022,secondary_wired_or_wireless_gt30,Ukraine,
2022,secondary_wired_or_wireless_gt30,autonomous_Republic_of_Crimea,
2022,secondary_wired_or_wireless_gt30,11_reg_Vinnytsya,
2022,secondary_wired_or_wireless_gt30,12_reg_Volyn,
2022,secondary_wired_or_wireless_gt30,13_reg_Dnipropetrovsk,
2022,secondary_wired_or_wireless_gt30,14_reg_Donetsk,
2022,secondary_wired_or_wireless_gt30,15_reg_Zhytomyr,
2022,secondary_wired_or_wireless_gt30,16_reg_Zakarpattya,
2022,secondary_wired_or_wireless_gt30,17_reg_Zaporizhzhya,
2022,secondary_wired_or_wireless_gt30,18_reg_Ivano-Frankivsk,
2022,secondary_wired_or_wireless_gt30,19_reg_Kyiv,
2022,secondary_wired_or_wireless_gt30,20_reg_Kirovohrad,
2022,secondary_wired_or_wireless_gt30,21_reg_Luhansk,
2022,secondary_wired_or_wireless_gt30,22_reg_Lviv,
2022,secondary_wired_or_wireless_gt30,23_reg_Mykolayiv,
2022,secondary_wired_or_wireless_gt30,24_reg_Odesa,
2022,secondary_wired_or_wireless_gt30,25_reg_Poltava,
2022,secondary_wired_or_wireless_gt30,26_reg_Rivne,
2022,secondary_wired_or_wireless_gt30,27_reg_Sumy,
2022,secondary_wired_or_wireless_gt30,28_reg_Ternopil,
2022,secondary_wired_or_wireless_gt30,29_reg_Kharkiv,
2022,secondary_wired_or_wireless_gt30,30_reg_Kherson,
2022,secondary_wired_or_wireless_gt30,31_reg_Khmelnytskiy,
2022,secondary_wired_or_wireless_gt30,32_reg_Cherkasy,
2022,secondary_wired_or_wireless_gt30,33_reg_Chernivtsi,
2022,secondary_wired_or_wireless_gt30,34_reg_Chernihiv,
2022,secondary_wired_or_wireless_gt30,Kyiv_city,
2022,secondary_wired_or_wireless_gt30,city_Sevastopol,
2023,secondary_wired_or_wireless_gt30,Ukraine,
2023,secondary_wired_or_wireless_gt30,autonomous_Republic_of_Crimea,
2023,secondary_wired_or_wireless_gt30,11_reg_Vinnytsya,
2023,secondary_wired_or_wireless_gt30,12_reg_Volyn,
2023,secondary_wired_or_wireless_gt30,13_reg_Dnipropetrovsk,
2023,secondary_wired_or_wireless_gt30,14_reg_Donetsk,
2023,secondary_wired_or_wireless_gt30,15_reg_Zhytomyr,
2023,secondary_wired_or_wireless_gt30,16_reg_Zakarpattya,
2023,secondary_wired_or_wireless_gt30,17_reg_Zaporizhzhya,
2023,secondary_wired_or_wireless_gt30,18_reg_Ivano-Frankivsk,
2023,secondary_wired_or_wireless_gt30,19_reg_Kyiv,
2023,secondary_wired_or_wireless_gt30,20_reg_Kirovohrad,
2023,secondary_wired_or_wireless_gt30,21_reg_Luhansk,
2023,secondary_wired_or_wireless_gt30,22_reg_Lviv,
2023,secondary_wired_or_wireless_gt30,23_reg_Mykolayiv,
2023,secondary_wired_or_wireless_gt30,24_reg_Odesa,
2023,secondary_wired_or_wireless_gt30,25_reg_Poltava,
2023,secondary_wired_or_wireless_gt30,26_reg_Rivne,
2023,secondary_wired_or_wireless_gt30,27_reg_Sumy,
2023,secondary_wired_or_wireless_gt30,28_reg_Ternopil,
2023,secondary_wired_or_wireless_gt30,29_reg_Kharkiv,
2023,secondary_wired_or_wireless_gt30,30_reg_Kherson,
2023,secondary_wired_or_wireless_gt30,31_reg_Khmelnytskiy,
2023,secondary_wired_or_wireless_gt30,32_reg_Cherkasy,
2023,secondary_wired_or_wireless_gt30,33_reg_Chernivtsi,
2023,secondary_wired_or_wireless_gt30,34_reg_Chernihiv,
2023,secondary_wired_or_wireless_gt30,Kyiv_city,
2023,secondary_wired_or_wireless_gt30,city_Sevastopol,
2024,secondary_wired_or_wireless_gt30,Ukraine,84.33
2024,secondary_wired_or_wireless_gt30,autonomous_Republic_of_Crimea,
2024,secondary_wired_or_wireless_gt30,11_reg_Vinnytsya,86.71
2024,secondary_wired_or_wireless_gt30,12_reg_Volyn,89.58
2024,secondary_wired_or_wireless_gt30,13_reg_Dnipropetrovsk,85.51
2024,secondary_wired_or_wireless_gt30,14_reg_Donetsk,94.94
2024,secondary_wired_or_wireless_gt30,15_reg_Zhytomyr,77.5
2024,secondary_wired_or_wireless_gt30,16_reg_Zakarpattya,75.97
2024,secondary_wired_or_wireless_gt30,17_reg_Zaporizhzhya,45.77
2024,secondary_wired_or_wireless_gt30,18_reg_Ivano-Frankivsk,74.91
2024,secondary_wired_or_wireless_gt30,19_reg_Kyiv,93.97
2024,secondary_wired_or_wireless_gt30,20_reg_Kirovohrad,90.18
2024,secondary_wired_or_wireless_gt30,21_reg_Luhansk,1.2
2024,secondary_wired_or_wireless_gt30,22_reg_Lviv,85.62
2024,secondary_wired_or_wireless_gt30,23_reg_Mykolayiv,77.64
2024,secondary_wired_or_wireless_gt30,24_reg_Odesa,95.49
2024,secondary_wired_or_wireless_gt30,25_reg_Poltava,91.4
2024,secondary_wired_or_wireless_gt30,26_reg_Rivne,93.48
2024,secondary_wired_or_wireless_gt30,27_reg_Sumy,88.13
2024,secondary_wired_or_wireless_gt30,28_reg_Ternopil,89.71
2024,secondary_wired_or_wireless_gt30,29_reg_Kharkiv,73.31
2024,secondary_wired_or_wireless_gt30,30_reg_Kherson,24.14
2024,secondary_wired_or_wireless_gt30,31_reg_Khmelnytskiy,84.6
2024,secondary_wired_or_wireless_gt30,32_reg_Cherkasy,97.46
2024,secondary_wired_or_wireless_gt30,33_reg_Chernivtsi,99.1
2024,secondary_wired_or_wireless_gt30,34_reg_Chernihiv,87.77
2024,secondary_wired_or_wireless_gt30,Kyiv_city,93.19
2024,secondary_wired_or_wireless_gt30,city_Sevastopol,
2025,secondary_wired_or_wireless_gt30,Ukraine,85.46
2025,secondary_wired_or_wireless_gt30,autonomous_Republic_of_Crimea,
2025,secondary_wired_or_wireless_gt30,11_reg_Vinnytsya,88.07
2025,secondary_wired_or_wireless_gt30,12_reg_Volyn,92.09
2025,secondary_wired_or_wireless_gt30,13_reg_Dnipropetrovsk,83.23
2025,secondary_wired_or_wireless_gt30,14_reg_Donetsk,97.67
2025,secondary_wired_or_wireless_gt30,15_reg_Zhytomyr,78.25
2025,secondary_wired_or_wireless_gt30,16_reg_Zakarpattya,78.94
2025,secondary_wired_or_wireless_gt30,17_reg_Zaporizhzhya,50.48
2025,secondary_wired_or_wireless_gt30,18_reg_Ivano-Frankivsk,79.78
2025,secondary_wired_or_wireless_gt30,19_reg_Kyiv,95.6
2025,secondary_wired_or_wireless_gt30,20_reg_Kirovohrad,89.13
2025,secondary_wired_or_wireless_gt30,21_reg_Luhansk,0.0
2025,secondary_wired_or_wireless_gt30,22_reg_Lviv,83.91
2025,secondary_wired_or_wireless_gt30,23_reg_Mykolayiv,80.92
2025,secondary_wired_or_wireless_gt30,24_reg_Odesa,95.06
2025,secondary_wired_or_wireless_gt30,25_reg_Poltava,92.42
2025,secondary_wired_or_wireless_gt30,26_reg_Rivne,94.92
2025,secondary_wired_or_wireless_gt30,27_reg_Sumy,89.42
2025,secondary_wired_or_wireless_gt30,28_reg_Ternopil,88.78
2025,secondary_wired_or_wireless_gt30,29_reg_Kharkiv,76.45
2025,secondary_wired_or_wireless_gt30,30_reg_Kherson,22.81
2025,secondary_wired_or_wireless_gt30,31_reg_Khmelnytskiy,85.74
2025,secondary_wired_or_wireless_gt30,32_reg_Cherkasy,98.07
2025,secondary_wired_or_wireless_gt30,33_reg_Chernivtsi,100.0
2025,secondary_wired_or_wireless_gt30,34_reg_Chernihiv,91.05
2025,secondary_wired_or_wireless_gt30,Kyiv_city,92.81
2025,secondary_wired_or_wireless_gt30,city_Sevastopol,
2015,extracurricular_wired_gt30,Ukraine,
2015,extracurricular_wired_gt30,autonomous_Republic_of_Crimea,
2015,extracurricular_wired_gt30,11_reg_Vinnytsya,
2015,extracurricular_wired_gt30,12_reg_Volyn,
2015,extracurricular_wired_gt30,13_reg_Dnipropetrovsk,
2015,extracurricular_wired_gt30,14_reg_Donetsk,
2015,extracurricular_wired_gt30,15_reg_Zhytomyr,
2015,extracurricular_wired_gt30,16_reg_Zakarpattya,
2015,extracurricular_wired_gt30,17_reg_Zaporizhzhya,
2015,extracurricular_wired_gt30,18_reg_Ivano-Frankivsk,
2015,extracurricular_wired_gt30,19_reg_Kyiv,
2015,extracurricular_wired_gt30,20_reg_Kirovohrad,
2015,extracurricular_wired_gt30,21_reg_Luhansk,
2015,extracurricular_wired_gt30,22_reg_Lviv,
2015,extracurricular_wired_gt30,23_reg_Mykolayiv,
2015,extracurricular_wired_gt30,24_reg_Odesa,
2015,extracurricular_wired_gt30,25_reg_Poltava,
2015,extracurricular_wired_gt30,26_reg_Rivne,
2015,extracurricular_wired_gt30,27_reg_Sumy,
2015,extracurricular_wired_gt30,28_reg_Ternopil,
2015,extracurricular_wired_gt30,29_reg_Kharkiv,
2015,extracurricular_wired_gt30,30_reg_Kherson,
2015,extracurricular_wired_gt30,31_reg_Khmelnytskiy,
2015,extracurricular_wired_gt30,32_reg_Cherkasy,
2015,extracurricular_wired_gt30,33_reg_Chernivtsi,
2015,extracurricular_wired_gt30,34_reg_Chernihiv,
2015,extracurricular_wired_gt30,Kyiv_city,
2015,extracurricular_wired_gt30,city_Sevastopol,
2016,extracurricular_wired_gt30,Ukraine,
2016,extracurricular_wired_gt30,autonomous_Republic_of_Crimea,
2016,extracurricular_wired_gt30,11_reg_Vinnytsya,
2016,extracurricular_wired_gt30,12_reg_Volyn,
2016,extracurricular_wired_gt30,13_reg_Dnipropetrovsk,
2016,extracurricular_wired_gt30,14_reg_Donetsk,
2016,extracurricular_wired_gt30,15_reg_Zhytomyr,
2016,extracurricular_wired_gt30,16_reg_Zakarpattya,
2016,extracurricular_wired_gt30,17_reg_Zaporizhzhya,
2016,extracurricular_wired_gt30,18_reg_Ivano-Frankivsk,
2016,extracurricular_wired_gt30,19_reg_Kyiv,
2016,extracurricular_wired_gt30,20_reg_Kirovohrad,
2016,extracurricular_wired_gt30,21_reg_Luhansk,
2016,extracurricular_wired_gt30,22_reg_Lviv,
2016,extracurricular_wired_gt30,23_reg_Mykolayiv,
2016,extracurricular_wired_gt30,24_reg_Odesa,
2016,extracurricular_wired_gt30,25_reg_Poltava,
2016,extracurricular_wired_gt30,26_reg_Rivne,
2016,extracurricular_wired_gt30,27_reg_Sumy,
2016,extracurricular_wired_gt30,28_reg_Ternopil,
2016,extracurricular_wired_gt30,29_reg_Kharkiv,
2016,extracurricular_wired_gt30,30_reg_Kherson,
2016,extracurricular_wired_gt30,31_reg_Khmelnytskiy,
2016,extracurricular_wired_gt30,32_reg_Cherkasy,
2016,extracurricular_wired_gt30,33_reg_Chernivtsi,
2016,extracurricular_wired_gt30,34_reg_Chernihiv,
2016,extracurricular_wired_gt30,Kyiv_city,
2016,extracurricular_wired_gt30,city_Sevastopol,
2017,extracurricular_wired_gt30,Ukraine,
2017,extracurricular_wired_gt30,autonomous_Republic_of_Crimea,
2017,extracurricular_wired_gt30,11_reg_Vinnytsya,
2017,extracurricular_wired_gt30,12_reg_Volyn,
2017,extracurricular_wired_gt30,13_reg_Dnipropetrovsk,
2017,extracurricular_wired_gt30,14_reg_Donetsk,
2017,extracurricular_wired_gt30,15_reg_Zhytomyr,
2017,extracurricular_wired_gt30,16_reg_Zakarpattya,
2017,extracurricular_wired_gt30,17_reg_Zaporizhzhya,
2017,extracurricular_wired_gt30,18_reg_Ivano-Frankivsk,
2017,extracurricular_wired_gt30,19_reg_Kyiv,
2017,extracurricular_wired_gt30,20_reg_Kirovohrad,
2017,extracurricular_wired_gt30,21_reg_Luhansk,
2017,extracurricular_wired_gt30,22_reg_Lviv,
2017,extracurricular_wired_gt30,23_reg_Mykolayiv,
2017,extracurricular_wired_gt30,24_reg_Odesa,
2017,extracurricular_wired_gt30,25_reg_Poltava,
2017,extracurricular_wired_gt30,26_reg_Rivne,
2017,extracurricular_wired_gt30,27_reg_Sumy,
2017,extracurricular_wired_gt30,28_reg_Ternopil,
2017,extracurricular_wired_gt30,29_reg_Kharkiv,
2017,extracurricular_wired_gt30,30_reg_Kherson,
2017,extracurricular_wired_gt30,31_reg_Khmelnytskiy,
2017,extracurricular_wired_gt30,32_reg_Cherkasy,
2017,extracurricular_wired_gt30,33_reg_Chernivtsi,
2017,extracurricular_wired_gt30,34_reg_Chernihiv,
2017,extracurricular_wired_gt30,Kyiv_city,
2017,extracurricular_wired_gt30,city_Sevastopol,
2018,extracurricular_wired_gt30,Ukraine,
2018,extracurricular_wired_gt30,autonomous_Republic_of_Crimea,
2018,extracurricular_wired_gt30,11_reg_Vinnytsya,
2018,extracurricular_wired_gt30,12_reg_Volyn,
2018,extracurricular_wired_gt30,13_reg_Dnipropetrovsk,
2018,extracurricular_wired_gt30,14_reg_Donetsk,
2018,extracurricular_wired_gt30,15_reg_Zhytomyr,
2018,extracurricular_wired_gt30,16_reg_Zakarpattya,
2018,extracurricular_wired_gt30,17_reg_Zaporizhzhya,
2018,extracurricular_wired_gt30,18_reg_Ivano-Frankivsk,
2018,extracurricular_wired_gt30,19_reg_Kyiv,
2018,extracurricular_wired_gt30,20_reg_Kirovohrad,
2018,extracurricular_wired_gt30,21_reg_Luhansk,
2018,extracurricular_wired_gt30,22_reg_Lviv,
2018,extracurricular_wired_gt30,23_reg_Mykolayiv,
2018,extracurricular_wired_gt30,24_reg_Odesa,
2018,extracurricular_wired_gt30,25_reg_Poltava,
2018,extracurricular_wired_gt30,26_reg_Rivne,
2018,extracurricular_wired_gt30,27_reg_Sumy,
2018,extracurricular_wired_gt30,28_reg_Ternopil,
2018,extracurricular_wired_gt30,29_reg_Kharkiv,
2018,extracurricular_wired_gt30,30_reg_Kherson,
2018,extracurricular_wired_gt30,31_reg_Khmelnytskiy,
2018,extracurricular_wired_gt30,32_reg_Cherkasy,
2018,extracurricular_wired_gt30,33_reg_Chernivtsi,
2018,extracurricular_wired_gt30,34_reg_Chernihiv,
2018,extracurricular_wired_gt30,Kyiv_city,
2018,extracurricular_wired_gt30,city_Sevastopol,
2019,extracurricular_wired_gt30,Ukraine,
2019,extracurricular_wired_gt30,autonomous_Republic_of_Crimea,
2019,extracurricular_wired_gt30,11_reg_Vinnytsya,
2019,extracurricular_wired_gt30,12_reg_Volyn,
2019,extracurricular_wired_gt30,13_reg_Dnipropetrovsk,
2019,extracurricular_wired_gt30,14_reg_Donetsk,
2019,extracurricular_wired_gt30,15_reg_Zhytomyr,
2019,extracurricular_wired_gt30,16_reg_Zakarpattya,
2019,extracurricular_wired_gt30,17_reg_Zaporizhzhya,
2019,extracurricular_wired_gt30,18_reg_Ivano-Frankivsk,
2019,extracurricular_wired_gt30,19_reg_Kyiv,
2019,extracurricular_wired_gt30,20_reg_Kirovohrad,
2019,extracurricular_wired_gt30,21_reg_Luhansk,
2019,extracurricular_wired_gt30,22_reg_Lviv,
2019,extracurricular_wired_gt30,23_reg_Mykolayiv,
2019,extracurricular_wired_gt30,24_reg_Odesa,
2019,extracurricular_wired_gt30,25_reg_Poltava,
2019,extracurricular_wired_gt30,26_reg_Rivne,
2019,extracurricular_wired_gt30,27_reg_Sumy,
2019,extracurricular_wired_gt30,28_reg_Ternopil,
2019,extracurricular_wired_gt30,29_reg_Kharkiv,
2019,extracurricular_wired_gt30,30_reg_Kherson,
2019,extracurricular_wired_gt30,31_reg_Khmelnytskiy,
2019,extracurricular_wired_gt30,32_reg_Cherkasy,
2019,extracurricular_wired_gt30,33_reg_Chernivtsi,
2019,extracurricular_wired_gt30,34_reg_Chernihiv,
2019,extracurricular_wired_gt30,Kyiv_city,
2019,extracurricular_wired_gt30,city_Sevastopol,
2020,extracurricular_wired_gt30,Ukraine,
2020,extracurricular_wired_gt30,autonomous_Republic_of_Crimea,
2020,extracurricular_wired_gt30,11_reg_Vinnytsya,
2020,extracurricular_wired_gt30,12_reg_Volyn,
2020,extracurricular_wired_gt30,13_reg_Dnipropetrovsk,
2020,extracurricular_wired_gt30,14_reg_Donetsk,
2020,extracurricular_wired_gt30,15_reg_Zhytomyr,
2020,extracurricular_wired_gt30,16_reg_Zakarpattya,
2020,extracurricular_wired_gt30,17_reg_Zaporizhzhya,
2020,extracurricular_wired_gt30,18_reg_Ivano-Frankivsk,
2020,extracurricular_wired_gt30,19_reg_Kyiv,
2020,extracurricular_wired_gt30,20_reg_Kirovohrad,
2020,extracurricular_wired_gt30,21_reg_Luhansk,
2020,extracurricular_wired_gt30,22_reg_Lviv,
2020,extracurricular_wired_gt30,23_reg_Mykolayiv,
2020,extracurricular_wired_gt30,24_reg_Odesa,
2020,extracurricular_wired_gt30,25_reg_Poltava,
2020,extracurricular_wired_gt30,26_reg_Rivne,
2020,extracurricular_wired_gt30,27_reg_Sumy,
2020,extracurricular_wired_gt30,28_reg_Ternopil,
2020,extracurricular_wired_gt30,29_reg_Kharkiv,
2020,extracurricular_wired_gt30,30_reg_Kherson,
2020,extracurricular_wired_gt30,31_reg_Khmelnytskiy,
2020,extracurricular_wired_gt30,32_reg_Cherkasy,
2020,extracurricular_wired_gt30,33_reg_Chernivtsi,
2020,extracurricular_wired_gt30,34_reg_Chernihiv,
2020,extracurricular_wired_gt30,Kyiv_city,
2020,extracurricular_wired_gt30,city_Sevastopol,
2021,extracurricular_wired_gt30,Ukraine,
2021,extracurricular_wired_gt30,autonomous_Republic_of_Crimea,
2021,extracurricular_wired_gt30,11_reg_Vinnytsya,
2021,extracurricular_wired_gt30,12_reg_Volyn,
2021,extracurricular_wired_gt30,13_reg_Dnipropetrovsk,
2021,extracurricular_wired_gt30,14_reg_Donetsk,
2021,extracurricular_wired_gt30,15_reg_Zhytomyr,
2021,extracurricular_wired_gt30,16_reg_Zakarpattya,
2021,extracurricular_wired_gt30,17_reg_Zaporizhzhya,
2021,extracurricular_wired_gt30,18_reg_Ivano-Frankivsk,
2021,extracurricular_wired_gt30,19_reg_Kyiv,
2021,extracurricular_wired_gt30,20_reg_Kirovohrad,
2021,extracurricular_wired_gt30,21_reg_Luhansk,
2021,extracurricular_wired_gt30,22_reg_Lviv,
2021,extracurricular_wired_gt30,23_reg_Mykolayiv,
2021,extracurricular_wired_gt30,24_reg_Odesa,
2021,extracurricular_wired_gt30,25_reg_Poltava,
2021,extracurricular_wired_gt30,26_reg_Rivne,
2021,extracurricular_wired_gt30,27_reg_Sumy,
2021,extracurricular_wired_gt30,28_reg_Ternopil,
2021,extracurricular_wired_gt30,29_reg_Kharkiv,
2021,extracurricular_wired_gt30,30_reg_Kherson,
2021,extracurricular_wired_gt30,31_reg_Khmelnytskiy,
2021,extracurricular_wired_gt30,32_reg_Cherkasy,
2021,extracurricular_wired_gt30,33_reg_Chernivtsi,
2021,extracurricular_wired_gt30,34_reg_Chernihiv,
2021,extracurricular_wired_gt30,Kyiv_city,
2021,extracurricular_wired_gt30,city_Sevastopol,
2022,extracurricular_wired_gt30,Ukraine,57.35
2022,extracurricular_wired_gt30,autonomous_Republic_of_Crimea,
2022,extracurricular_wired_gt30,11_reg_Vinnytsya,59.65
2022,extracurricular_wired_gt30,12_reg_Volyn,65.71
2022,extracurricular_wired_gt30,13_reg_Dnipropetrovsk,46.23
2022,extracurricular_wired_gt30,14_reg_Donetsk,61.11
2022,extracurricular_wired_gt30,15_reg_Zhytomyr,45.0
2022,extracurricular_wired_gt30,16_reg_Zakarpattya,46.15
2022,extracurricular_wired_gt30,17_reg_Zaporizhzhya,66.07
2022,extracurricular_wired_gt30,18_reg_Ivano-Frankivsk,54.0
2022,extracurricular_wired_gt30,19_reg_Kyiv,72.15
2022,extracurricular_wired_gt30,20_reg_Kirovohrad,54.67
2022,extracurricular_wired_gt30,21_reg_Luhansk,56.52
2022,extracurricular_wired_gt30,22_reg_Lviv,52.11
2022,extracurricular_wired_gt30,23_reg_Mykolayiv,51.43
2022,extracurricular_wired_gt30,24_reg_Odesa,59.38
2022,extracurricular_wired_gt30,25_reg_Poltava,70.91
2022,extracurricular_wired_gt30,26_reg_Rivne,45.71
2022,extracurricular_wired_gt30,27_reg_Sumy,47.62
2022,extracurricular_wired_gt30,28_reg_Ternopil,61.11
2022,extracurricular_wired_gt30,29_reg_Kharkiv,59.09
2022,extracurricular_wired_gt30,30_reg_Kherson,50.0
2022,extracurricular_wired_gt30,31_reg_Khmelnytskiy,56.1
2022,extracurricular_wired_gt30,32_reg_Cherkasy,83.33
2022,extracurricular_wired_gt30,33_reg_Chernivtsi,77.78
2022,extracurricular_wired_gt30,34_reg_Chernihiv,32.61
2022,extracurricular_wired_gt30,Kyiv_city,61.9
2022,extracurricular_wired_gt30,city_Sevastopol,
2023,extracurricular_wired_gt30,Ukraine,61.33
2023,extracurricular_wired_gt30,autonomous_Republic_of_Crimea,
2023,extracurricular_wired_gt30,11_reg_Vinnytsya,73.47
2023,extracurricular_wired_gt30,12_reg_Volyn,69.7
2023,extracurricular_wired_gt30,13_reg_Dnipropetrovsk,51.96
2023,extracurricular_wired_gt30,14_reg_Donetsk,28.57
2023,extracurricular_wired_gt30,15_reg_Zhytomyr,67.39
2023,extracurricular_wired_gt30,16_reg_Zakarpattya,68.18
2023,extracurricular_wired_gt30,17_reg_Zaporizhzhya,53.85
2023,extracurricular_wired_gt30,18_reg_Ivano-Frankivsk,78.43
2023,extracurricular_wired_gt30,19_reg_Kyiv,65.93
2023,extracurricular_wired_gt30,20_reg_Kirovohrad,67.9
2023,extracurricular_wired_gt30,21_reg_Luhansk,0.0
2023,extracurricular_wired_gt30,22_reg_Lviv,57.35
2023,extracurricular_wired_gt30,23_reg_Mykolayiv,59.46
2023,extracurricular_wired_gt30,24_reg_Odesa,56.45
2023,extracurricular_wired_gt30,25_reg_Poltava,81.03
2023,extracurricular_wired_gt30,26_reg_Rivne,63.79
2023,extracurricular_wired_gt30,27_reg_Sumy,63.89
2023,extracurricular_wired_gt30,28_reg_Ternopil,75.0
2023,extracurricular_wired_gt30,29_reg_Kharkiv,55.0
2023,extracurricular_wired_gt30,30_reg_Kherson,9.09
2023,extracurricular_wired_gt30,31_reg_Khmelnytskiy,66.67
2023,extracurricular_wired_gt30,32_reg_Cherkasy,85.71
2023,extracurricular_wired_gt30,33_reg_Chernivtsi,62.96
2023,extracurricular_wired_gt30,34_reg_Chernihiv,51.28
2023,extracurricular_wired_gt30,Kyiv_city,74.42
2023,extracurricular_wired_gt30,city_Sevastopol,
2024,extracurricular_wired_gt30,Ukraine,62.04
2024,extracurricular_wired_gt30,autonomous_Republic_of_Crimea,
2024,extracurricular_wired_gt30,11_reg_Vinnytsya,80.85
2024,extracurricular_wired_gt30,12_reg_Volyn,69.7
2024,extracurricular_wired_gt30,13_reg_Dnipropetrovsk,51.49
2024,extracurricular_wired_gt30,14_reg_Donetsk,27.03
2024,extracurricular_wired_gt30,15_reg_Zhytomyr,60.42
2024,extracurricular_wired_gt30,16_reg_Zakarpattya,80.95
2024,extracurricular_wired_gt30,17_reg_Zaporizhzhya,40.48
2024,extracurricular_wired_gt30,18_reg_Ivano-Frankivsk,65.96
2024,extracurricular_wired_gt30,19_reg_Kyiv,59.57
2024,extracurricular_wired_gt30,20_reg_Kirovohrad,66.22
2024,extracurricular_wired_gt30,21_reg_Luhansk,0.0
2024,extracurricular_wired_gt30,22_reg_Lviv,63.24
2024,extracurricular_wired_gt30,23_reg_Mykolayiv,58.33
2024,extracurricular_wired_gt30,24_reg_Odesa,54.1
2024,extracurricular_wired_gt30,25_reg_Poltava,76.92
2024,extracurricular_wired_gt30,26_reg_Rivne,61.76
2024,extracurricular_wired_gt30,27_reg_Sumy,72.88
2024,extracurricular_wired_gt30,28_reg_Ternopil,69.44
2024,extracurricular_wired_gt30,29_reg_Kharkiv,65.0
2024,extracurricular_wired_gt30,30_reg_Kherson,16.67
2024,extracurricular_wired_gt30,31_reg_Khmelnytskiy,66.67
2024,extracurricular_wired_gt30,32_reg_Cherkasy,85.71
2024,extracurricular_wired_gt30,33_reg_Chernivtsi,75.0
2024,extracurricular_wired_gt30,34_reg_Chernihiv,56.76
2024,extracurricular_wired_gt30,Kyiv_city,79.55
2024,extracurricular_wired_gt30,city_Sevastopol,
2025,extracurricular_wired_gt30,Ukraine,65.51
2025,extracurricular_wired_gt30,autonomous_Republic_of_Crimea,
2025,extracurricular_wired_gt30,11_reg_Vinnytsya,74.47
2025,extracurricular_wired_gt30,12_reg_Volyn,66.67
2025,extracurricular_wired_gt30,13_reg_Dnipropetrovsk,58.76
2025,extracurricular_wired_gt30,14_reg_Donetsk,29.41
2025,extracurricular_wired_gt30,15_reg_Zhytomyr,62.0
2025,extracurricular_wired_gt30,16_reg_Zakarpattya,85.0
2025,extracurricular_wired_gt30,17_reg_Zaporizhzhya,66.67
2025,extracurricular_wired_gt30,18_reg_Ivano-Frankivsk,70.21
2025,extracurricular_wired_gt30,19_reg_Kyiv,66.32
2025,extracurricular_wired_gt30,20_reg_Kirovohrad,69.33
2025,extracurricular_wired_gt30,21_reg_Luhansk,0.0
2025,extracurricular_wired_gt30,22_reg_Lviv,61.76
2025,extracurricular_wired_gt30,23_reg_Mykolayiv,61.11
2025,extracurricular_wired_gt30,24_reg_Odesa,61.67
2025,extracurricular_wired_gt30,25_reg_Poltava,75.51
2025,extracurricular_wired_gt30,26_reg_Rivne,71.43
2025,extracurricular_wired_gt30,27_reg_Sumy,72.41
2025,extracurricular_wired_gt30,28_reg_Ternopil,72.22
2025,extracurricular_wired_gt30,29_reg_Kharkiv,66.67
2025,extracurricular_wired_gt30,30_reg_Kherson,20.0
2025,extracurricular_wired_gt30,31_reg_Khmelnytskiy,78.05
2025,extracurricular_wired_gt30,32_reg_Cherkasy,92.86
2025,extracurricular_wired_gt30,33_reg_Chernivtsi,60.87
2025,extracurricular_wired_gt30,34_reg_Chernihiv,57.14
2025,extracurricular_wired_gt30,Kyiv_city,69.77
2025,extracurricular_wired_gt30,city_Sevastopol,
2015,extracurricular_wireless_gt30,Ukraine,
2015,extracurricular_wireless_gt30,autonomous_Republic_of_Crimea,
2015,extracurricular_wireless_gt30,11_reg_Vinnytsya,
2015,extracurricular_wireless_gt30,12_reg_Volyn,
2015,extracurricular_wireless_gt30,13_reg_Dnipropetrovsk,
2015,extracurricular_wireless_gt30,14_reg_Donetsk,
2015,extracurricular_wireless_gt30,15_reg_Zhytomyr,
2015,extracurricular_wireless_gt30,16_reg_Zakarpattya,
2015,extracurricular_wireless_gt30,17_reg_Zaporizhzhya,
2015,extracurricular_wireless_gt30,18_reg_Ivano-Frankivsk,
2015,extracurricular_wireless_gt30,19_reg_Kyiv,
2015,extracurricular_wireless_gt30,20_reg_Kirovohrad,
2015,extracurricular_wireless_gt30,21_reg_Luhansk,
2015,extracurricular_wireless_gt30,22_reg_Lviv,
2015,extracurricular_wireless_gt30,23_reg_Mykolayiv,
2015,extracurricular_wireless_gt30,24_reg_Odesa,
2015,extracurricular_wireless_gt30,25_reg_Poltava,
2015,extracurricular_wireless_gt30,26_reg_Rivne,
2015,extracurricular_wireless_gt30,27_reg_Sumy,
2015,extracurricular_wireless_gt30,28_reg_Ternopil,
2015,extracurricular_wireless_gt30,29_reg_Kharkiv,
2015,extracurricular_wireless_gt30,30_reg_Kherson,
2015,extracurricular_wireless_gt30,31_reg_Khmelnytskiy,
2015,extracurricular_wireless_gt30,32_reg_Cherkasy,
2015,extracurricular_wireless_gt30,33_reg_Chernivtsi,
2015,extracurricular_wireless_gt30,34_reg_Chernihiv,
2015,extracurricular_wireless_gt30,Kyiv_city,
2015,extracurricular_wireless_gt30,city_Sevastopol,
2016,extracurricular_wireless_gt30,Ukraine,
2016,extracurricular_wireless_gt30,autonomous_Republic_of_Crimea,
2016,extracurricular_wireless_gt30,11_reg_Vinnytsya,
2016,extracurricular_wireless_gt30,12_reg_Volyn,
2016,extracurricular_wireless_gt30,13_reg_Dnipropetrovsk,
2016,extracurricular_wireless_gt30,14_reg_Donetsk,
2016,extracurricular_wireless_gt30,15_reg_Zhytomyr,
2016,extracurricular_wireless_gt30,16_reg_Zakarpattya,
2016,extracurricular_wireless_gt30,17_reg_Zaporizhzhya,
2016,extracurricular_wireless_gt30,18_reg_Ivano-Frankivsk,
2016,extracurricular_wireless_gt30,19_reg_Kyiv,
2016,extracurricular_wireless_gt30,20_reg_Kirovohrad,
2016,extracurricular_wireless_gt30,21_reg_Luhansk,
2016,extracurricular_wireless_gt30,22_reg_Lviv,
2016,extracurricular_wireless_gt30,23_reg_Mykolayiv,
2016,extracurricular_wireless_gt30,24_reg_Odesa,
2016,extracurricular_wireless_gt30,25_reg_Poltava,
2016,extracurricular_wireless_gt30,26_reg_Rivne,
2016,extracurricular_wireless_gt30,27_reg_Sumy,
2016,extracurricular_wireless_gt30,28_reg_Ternopil,
2016,extracurricular_wireless_gt30,29_reg_Kharkiv,
2016,extracurricular_wireless_gt30,30_reg_Kherson,
2016,extracurricular_wireless_gt30,31_reg_Khmelnytskiy,
2016,extracurricular_wireless_gt30,32_reg_Cherkasy,
2016,extracurricular_wireless_gt30,33_reg_Chernivtsi,
2016,extracurricular_wireless_gt30,34_reg_Chernihiv,
2016,extracurricular_wireless_gt30,Kyiv_city,
2016,extracurricular_wireless_gt30,city_Sevastopol,
2017,extracurricular_wireless_gt30,Ukraine,
2017,extracurricular_wireless_gt30,autonomous_Republic_of_Crimea,
2017,extracurricular_wireless_gt30,11_reg_Vinnytsya,
2017,extracurricular_wireless_gt30,12_reg_Volyn,
2017,extracurricular_wireless_gt30,13_reg_Dnipropetrovsk,
2017,extracurricular_wireless_gt30,14_reg_Donetsk,
2017,extracurricular_wireless_gt30,15_reg_Zhytomyr,
2017,extracurricular_wireless_gt30,16_reg_Zakarpattya,
2017,extracurricular_wireless_gt30,17_reg_Zaporizhzhya,
2017,extracurricular_wireless_gt30,18_reg_Ivano-Frankivsk,
2017,extracurricular_wireless_gt30,19_reg_Kyiv,
2017,extracurricular_wireless_gt30,20_reg_Kirovohrad,
2017,extracurricular_wireless_gt30,21_reg_Luhansk,
2017,extracurricular_wireless_gt30,22_reg_Lviv,
2017,extracurricular_wireless_gt30,23_reg_Mykolayiv,
2017,extracurricular_wireless_gt30,24_reg_Odesa,
2017,extracurricular_wireless_gt30,25_reg_Poltava,
2017,extracurricular_wireless_gt30,26_reg_Rivne,
2017,extracurricular_wireless_gt30,27_reg_Sumy,
2017,extracurricular_wireless_gt30,28_reg_Ternopil,
2017,extracurricular_wireless_gt30,29_reg_Kharkiv,
2017,extracurricular_wireless_gt30,30_reg_Kherson,
2017,extracurricular_wireless_gt30,31_reg_Khmelnytskiy,
2017,extracurricular_wireless_gt30,32_reg_Cherkasy,
2017,extracurricular_wireless_gt30,33_reg_Chernivtsi,
2017,extracurricular_wireless_gt30,34_reg_Chernihiv,
2017,extracurricular_wireless_gt30,Kyiv_city,
2017,extracurricular_wireless_gt30,city_Sevastopol,
2018,extracurricular_wireless_gt30,Ukraine,
2018,extracurricular_wireless_gt30,autonomous_Republic_of_Crimea,
2018,extracurricular_wireless_gt30,11_reg_Vinnytsya,
2018,extracurricular_wireless_gt30,12_reg_Volyn,
2018,extracurricular_wireless_gt30,13_reg_Dnipropetrovsk,
2018,extracurricular_wireless_gt30,14_reg_Donetsk,
2018,extracurricular_wireless_gt30,15_reg_Zhytomyr,
2018,extracurricular_wireless_gt30,16_reg_Zakarpattya,
2018,extracurricular_wireless_gt30,17_reg_Zaporizhzhya,
2018,extracurricular_wireless_gt30,18_reg_Ivano-Frankivsk,
2018,extracurricular_wireless_gt30,19_reg_Kyiv,
2018,extracurricular_wireless_gt30,20_reg_Kirovohrad,
2018,extracurricular_wireless_gt30,21_reg_Luhansk,
2018,extracurricular_wireless_gt30,22_reg_Lviv,
2018,extracurricular_wireless_gt30,23_reg_Mykolayiv,
2018,extracurricular_wireless_gt30,24_reg_Odesa,
2018,extracurricular_wireless_gt30,25_reg_Poltava,
2018,extracurricular_wireless_gt30,26_reg_Rivne,
2018,extracurricular_wireless_gt30,27_reg_Sumy,
2018,extracurricular_wireless_gt30,28_reg_Ternopil,
2018,extracurricular_wireless_gt30,29_reg_Kharkiv,
2018,extracurricular_wireless_gt30,30_reg_Kherson,
2018,extracurricular_wireless_gt30,31_reg_Khmelnytskiy,
2018,extracurricular_wireless_gt30,32_reg_Cherkasy,
2018,extracurricular_wireless_gt30,33_reg_Chernivtsi,
2018,extracurricular_wireless_gt30,34_reg_Chernihiv,
2018,extracurricular_wireless_gt30,Kyiv_city,
2018,extracurricular_wireless_gt30,city_Sevastopol,
2019,extracurricular_wireless_gt30,Ukraine,
2019,extracurricular_wireless_gt30,autonomous_Republic_of_Crimea,
2019,extracurricular_wireless_gt30,11_reg_Vinnytsya,
2019,extracurricular_wireless_gt30,12_reg_Volyn,
2019,extracurricular_wireless_gt30,13_reg_Dnipropetrovsk,
2019,extracurricular_wireless_gt30,14_reg_Donetsk,
2019,extracurricular_wireless_gt30,15_reg_Zhytomyr,
2019,extracurricular_wireless_gt30,16_reg_Zakarpattya,
2019,extracurricular_wireless_gt30,17_reg_Zaporizhzhya,
2019,extracurricular_wireless_gt30,18_reg_Ivano-Frankivsk,
2019,extracurricular_wireless_gt30,19_reg_Kyiv,
2019,extracurricular_wireless_gt30,20_reg_Kirovohrad,
2019,extracurricular_wireless_gt30,21_reg_Luhansk,
2019,extracurricular_wireless_gt30,22_reg_Lviv,
2019,extracurricular_wireless_gt30,23_reg_Mykolayiv,
2019,extracurricular_wireless_gt30,24_reg_Odesa,
2019,extracurricular_wireless_gt30,25_reg_Poltava,
2019,extracurricular_wireless_gt30,26_reg_Rivne,
2019,extracurricular_wireless_gt30,27_reg_Sumy,
2019,extracurricular_wireless_gt30,28_reg_Ternopil,
2019,extracurricular_wireless_gt30,29_reg_Kharkiv,
2019,extracurricular_wireless_gt30,30_reg_Kherson,
2019,extracurricular_wireless_gt30,31_reg_Khmelnytskiy,
2019,extracurricular_wireless_gt30,32_reg_Cherkasy,
2019,extracurricular_wireless_gt30,33_reg_Chernivtsi,
2019,extracurricular_wireless_gt30,34_reg_Chernihiv,
2019,extracurricular_wireless_gt30,Kyiv_city,
2019,extracurricular_wireless_gt30,city_Sevastopol,
2020,extracurricular_wireless_gt30,Ukraine,
2020,extracurricular_wireless_gt30,autonomous_Republic_of_Crimea,
2020,extracurricular_wireless_gt30,11_reg_Vinnytsya,
2020,extracurricular_wireless_gt30,12_reg_Volyn,
2020,extracurricular_wireless_gt30,13_reg_Dnipropetrovsk,
2020,extracurricular_wireless_gt30,14_reg_Donetsk,
2020,extracurricular_wireless_gt30,15_reg_Zhytomyr,
2020,extracurricular_wireless_gt30,16_reg_Zakarpattya,
2020,extracurricular_wireless_gt30,17_reg_Zaporizhzhya,
2020,extracurricular_wireless_gt30,18_reg_Ivano-Frankivsk,
2020,extracurricular_wireless_gt30,19_reg_Kyiv,
2020,extracurricular_wireless_gt30,20_reg_Kirovohrad,
2020,extracurricular_wireless_gt30,21_reg_Luhansk,
2020,extracurricular_wireless_gt30,22_reg_Lviv,
2020,extracurricular_wireless_gt30,23_reg_Mykolayiv,
2020,extracurricular_wireless_gt30,24_reg_Odesa,
2020,extracurricular_wireless_gt30,25_reg_Poltava,
2020,extracurricular_wireless_gt30,26_reg_Rivne,
2020,extracurricular_wireless_gt30,27_reg_Sumy,
2020,extracurricular_wireless_gt30,28_reg_Ternopil,
2020,extracurricular_wireless_gt30,29_reg_Kharkiv,
2020,extracurricular_wireless_gt30,30_reg_Kherson,
2020,extracurricular_wireless_gt30,31_reg_Khmelnytskiy,
2020,extracurricular_wireless_gt30,32_reg_Cherkasy,
2020,extracurricular_wireless_gt30,33_reg_Chernivtsi,
2020,extracurricular_wireless_gt30,34_reg_Chernihiv,
2020,extracurricular_wireless_gt30,Kyiv_city,
2020,extracurricular_wireless_gt30,city_Sevastopol,
2021,extracurricular_wireless_gt30,Ukraine,
2021,extracurricular_wireless_gt30,autonomous_Republic_of_Crimea,
2021,extracurricular_wireless_gt30,11_reg_Vinnytsya,
2021,extracurricular_wireless_gt30,12_reg_Volyn,
2021,extracurricular_wireless_gt30,13_reg_Dnipropetrovsk,
2021,extracurricular_wireless_gt30,14_reg_Donetsk,
2021,extracurricular_wireless_gt30,15_reg_Zhytomyr,
2021,extracurricular_wireless_gt30,16_reg_Zakarpattya,
2021,extracurricular_wireless_gt30,17_reg_Zaporizhzhya,
2021,extracurricular_wireless_gt30,18_reg_Ivano-Frankivsk,
2021,extracurricular_wireless_gt30,19_reg_Kyiv,
2021,extracurricular_wireless_gt30,20_reg_Kirovohrad,
2021,extracurricular_wireless_gt30,21_reg_Luhansk,
2021,extracurricular_wireless_gt30,22_reg_Lviv,
2021,extracurricular_wireless_gt30,23_reg_Mykolayiv,
2021,extracurricular_wireless_gt30,24_reg_Odesa,
2021,extracurricular_wireless_gt30,25_reg_Poltava,
2021,extracurricular_wireless_gt30,26_reg_Rivne,
2021,extracurricular_wireless_gt30,27_reg_Sumy,
2021,extracurricular_wireless_gt30,28_reg_Ternopil,
2021,extracurricular_wireless_gt30,29_reg_Kharkiv,
2021,extracurricular_wireless_gt30,30_reg_Kherson,
2021,extracurricular_wireless_gt30,31_reg_Khmelnytskiy,
2021,extracurricular_wireless_gt30,32_reg_Cherkasy,
2021,extracurricular_wireless_gt30,33_reg_Chernivtsi,
2021,extracurricular_wireless_gt30,34_reg_Chernihiv,
2021,extracurricular_wireless_gt30,Kyiv_city,
2021,extracurricular_wireless_gt30,city_Sevastopol,
2022,extracurricular_wireless_gt30,Ukraine,30.6
2022,extracurricular_wireless_gt30,autonomous_Republic_of_Crimea,
2022,extracurricular_wireless_gt30,11_reg_Vinnytsya,29.82
2022,extracurricular_wireless_gt30,12_reg_Volyn,25.71
2022,extracurricular_wireless_gt30,13_reg_Dnipropetrovsk,30.19
2022,extracurricular_wireless_gt30,14_reg_Donetsk,33.33
2022,extracurricular_wireless_gt30,15_reg_Zhytomyr,17.5
2022,extracurricular_wireless_gt30,16_reg_Zakarpattya,11.54
2022,extracurricular_wireless_gt30,17_reg_Zaporizhzhya,32.14
2022,extracurricular_wireless_gt30,18_reg_Ivano-Frankivsk,18.0
2022,extracurricular_wireless_gt30,19_reg_Kyiv,40.51
2022,extracurricular_wireless_gt30,20_reg_Kirovohrad,38.67
2022,extracurricular_wireless_gt30,21_reg_Luhansk,30.43
2022,extracurricular_wireless_gt30,22_reg_Lviv,25.35
2022,extracurricular_wireless_gt30,23_reg_Mykolayiv,28.57
2022,extracurricular_wireless_gt30,24_reg_Odesa,35.94
2022,extracurricular_wireless_gt30,25_reg_Poltava,38.18
2022,extracurricular_wireless_gt30,26_reg_Rivne,2.86
2022,extracurricular_wireless_gt30,27_reg_Sumy,38.1
2022,extracurricular_wireless_gt30,28_reg_Ternopil,41.67
2022,extracurricular_wireless_gt30,29_reg_Kharkiv,39.39
2022,extracurricular_wireless_gt30,30_reg_Kherson,33.33
2022,extracurricular_wireless_gt30,31_reg_Khmelnytskiy,24.39
2022,extracurricular_wireless_gt30,32_reg_Cherkasy,50.0
2022,extracurricular_wireless_gt30,33_reg_Chernivtsi,3.7
2022,extracurricular_wireless_gt30,34_reg_Chernihiv,21.74
2022,extracurricular_wireless_gt30,Kyiv_city,33.33
2022,extracurricular_wireless_gt30,city_Sevastopol,
2023,extracurricular_wireless_gt30,Ukraine,36.71
2023,extracurricular_wireless_gt30,autonomous_Republic_of_Crimea,
2023,extracurricular_wireless_gt30,11_reg_Vinnytsya,36.73
2023,extracurricular_wireless_gt30,12_reg_Volyn,27.27
2023,extracurricular_wireless_gt30,13_reg_Dnipropetrovsk,33.33
2023,extracurricular_wireless_gt30,14_reg_Donetsk,21.43
2023,extracurricular_wireless_gt30,15_reg_Zhytomyr,41.3
2023,extracurricular_wireless_gt30,16_reg_Zakarpattya,50.0
2023,extracurricular_wireless_gt30,17_reg_Zaporizhzhya,25.64
2023,extracurricular_wireless_gt30,18_reg_Ivano-Frankivsk,41.18
2023,extracurricular_wireless_gt30,19_reg_Kyiv,51.65
2023,extracurricular_wireless_gt30,20_reg_Kirovohrad,38.27
2023,extracurricular_wireless_gt30,21_reg_Luhansk,0.0
2023,extracurricular_wireless_gt30,22_reg_Lviv,36.76
2023,extracurricular_wireless_gt30,23_reg_Mykolayiv,35.14
2023,extracurricular_wireless_gt30,24_reg_Odesa,41.94
2023,extracurricular_wireless_gt30,25_reg_Poltava,46.55
2023,extracurricular_wireless_gt30,26_reg_Rivne,29.31
2023,extracurricular_wireless_gt30,27_reg_Sumy,33.33
2023,extracurricular_wireless_gt30,28_reg_Ternopil,33.33
2023,extracurricular_wireless_gt30,29_reg_Kharkiv,38.33
2023,extracurricular_wireless_gt30,30_reg_Kherson,6.06
2023,extracurricular_wireless_gt30,31_reg_Khmelnytskiy,38.46
2023,extracurricular_wireless_gt30,32_reg_Cherkasy,47.62
2023,extracurricular_wireless_gt30,33_reg_Chernivtsi,37.04
2023,extracurricular_wireless_gt30,34_reg_Chernihiv,20.51
2023,extracurricular_wireless_gt30,Kyiv_city,48.84
2023,extracurricular_wireless_gt30,city_Sevastopol,
2024,extracurricular_wireless_gt30,Ukraine,41.36
2024,extracurricular_wireless_gt30,autonomous_Republic_of_Crimea,
2024,extracurricular_wireless_gt30,11_reg_Vinnytsya,42.55
2024,extracurricular_wireless_gt30,12_reg_Volyn,36.36
2024,extracurricular_wireless_gt30,13_reg_Dnipropetrovsk,40.59
2024,extracurricular_wireless_gt30,14_reg_Donetsk,16.22
2024,extracurricular_wireless_gt30,15_reg_Zhytomyr,41.67
2024,extracurricular_wireless_gt30,16_reg_Zakarpattya,52.38
2024,extracurricular_wireless_gt30,17_reg_Zaporizhzhya,28.57
2024,extracurricular_wireless_gt30,18_reg_Ivano-Frankivsk,36.17
2024,extracurricular_wireless_gt30,19_reg_Kyiv,51.06
2024,extracurricular_wireless_gt30,20_reg_Kirovohrad,45.95
2024,extracurricular_wireless_gt30,21_reg_Luhansk,0.0
2024,extracurricular_wireless_gt30,22_reg_Lviv,41.18
2024,extracurricular_wireless_gt30,23_reg_Mykolayiv,41.6
2024,extracurricular_wireless_gt30,24_reg_Odesa,45.9
2024,extracurricular_wireless_gt30,25_reg_Poltava,57.69
2024,extracurricular_wireless_gt30,26_reg_Rivne,35.29
2024,extracurricular_wireless_gt30,27_reg_Sumy,47.46
2024,extracurricular_wireless_gt30,28_reg_Ternopil,41.67
2024,extracurricular_wireless_gt30,29_reg_Kharkiv,45.0
2024,extracurricular_wireless_gt30,30_reg_Kherson,8.33
2024,extracurricular_wireless_gt30,31_reg_Khmelnytskiy,35.71
2024,extracurricular_wireless_gt30,32_reg_Cherkasy,52.38
2024,extracurricular_wireless_gt30,33_reg_Chernivtsi,54.17
2024,extracurricular_wireless_gt30,34_reg_Chernihiv,27.03
2024,extracurricular_wireless_gt30,Kyiv_city,45.45
2024,extracurricular_wireless_gt30,city_Sevastopol,
2025,extracurricular_wireless_gt30,Ukraine,44.16
2025,extracurricular_wireless_gt30,autonomous_Republic_of_Crimea,
2025,extracurricular_wireless_gt30,11_reg_Vinnytsya,48.94
2025,extracurricular_wireless_gt30,12_reg_Volyn,27.27
2025,extracurricular_wireless_gt30,13_reg_Dnipropetrovsk,48.45
2025,extracurricular_wireless_gt30,14_reg_Donetsk,5.88
2025,extracurricular_wireless_gt30,15_reg_Zhytomyr,44.0
2025,extracurricular_wireless_gt30,16_reg_Zakarpattya,60.0
2025,extracurricular_wireless_gt30,17_reg_Zaporizhzhya,46.67
2025,extracurricular_wireless_gt30,18_reg_Ivano-Frankivsk,44.68
2025,extracurricular_wireless_gt30,19_reg_Kyiv,55.79
2025,extracurricular_wireless_gt30,20_reg_Kirovohrad,49.33
2025,extracurricular_wireless_gt30,21_reg_Luhansk,0.0
2025,extracurricular_wireless_gt30,22_reg_Lviv,45.59
2025,extracurricular_wireless_gt30,23_reg_Mykolayiv,55.56
2025,extracurricular_wireless_gt30,24_reg_Odesa,48.33
2025,extracurricular_wireless_gt30,25_reg_Poltava,61.22
2025,extracurricular_wireless_gt30,26_reg_Rivne,34.29
2025,extracurricular_wireless_gt30,27_reg_Sumy,50.0
2025,extracurricular_wireless_gt30,28_reg_Ternopil,36.11
2025,extracurricular_wireless_gt30,29_reg_Kharkiv,41.27
2025,extracurricular_wireless_gt30,30_reg_Kherson,0.0
2025,extracurricular_wireless_gt30,31_reg_Khmelnytskiy,41.46
2025,extracurricular_wireless_gt30,32_reg_Cherkasy,52.38
2025,extracurricular_wireless_gt30,33_reg_Chernivtsi,47.83
2025,extracurricular_wireless_gt30,34_reg_Chernihiv,22.86
2025,extracurricular_wireless_gt30,Kyiv_city,44.19
2025,extracurricular_wireless_gt30,city_Sevastopol,
2015,extracurricular_wired_or_wireless_gt30,Ukraine,
2015,extracurricular_wired_or_wireless_gt30,autonomous_Republic_of_Crimea,
2015,extracurricular_wired_or_wireless_gt30,11_reg_Vinnytsya,
2015,extracurricular_wired_or_wireless_gt30,12_reg_Volyn,
2015,extracurricular_wired_or_wireless_gt30,13_reg_Dnipropetrovsk,
2015,extracurricular_wired_or_wireless_gt30,14_reg_Donetsk,
2015,extracurricular_wired_or_wireless_gt30,15_reg_Zhytomyr,
2015,extracurricular_wired_or_wireless_gt30,16_reg_Zakarpattya,
2015,extracurricular_wired_or_wireless_gt30,17_reg_Zaporizhzhya,
2015,extracurricular_wired_or_wireless_gt30,18_reg_Ivano-Frankivsk,
2015,extracurricular_wired_or_wireless_gt30,19_reg_Kyiv,
2015,extracurricular_wired_or_wireless_gt30,20_reg_Kirovohrad,
2015,extracurricular_wired_or_wireless_gt30,21_reg_Luhansk,
2015,extracurricular_wired_or_wireless_gt30,22_reg_Lviv,
2015,extracurricular_wired_or_wireless_gt30,23_reg_Mykolayiv,
2015,extracurricular_wired_or_wireless_gt30,24_reg_Odesa,
2015,extracurricular_wired_or_wireless_gt30,25_reg_Poltava,
2015,extracurricular_wired_or_wireless_gt30,26_reg_Rivne,
2015,extracurricular_wired_or_wireless_gt30,27_reg_Sumy,
2015,extracurricular_wired_or_wireless_gt30,28_reg_Ternopil,
2015,extracurricular_wired_or_wireless_gt30,29_reg_Kharkiv,
2015,extracurricular_wired_or_wireless_gt30,30_reg_Kherson,
2015,extracurricular_wired_or_wireless_gt30,31_reg_Khmelnytskiy,
2015,extracurricular_wired_or_wireless_gt30,32_reg_Cherkasy,
2015,extracurricular_wired_or_wireless_gt30,33_reg_Chernivtsi,
2015,extracurricular_wired_or_wireless_gt30,34_reg_Chernihiv,
2015,extracurricular_wired_or_wireless_gt30,Kyiv_city,
2015,extracurricular_wired_or_wireless_gt30,city_Sevastopol,
2016,extracurricular_wired_or_wireless_gt30,Ukraine,
2016,extracurricular_wired_or_wireless_gt30,autonomous_Republic_of_Crimea,
2016,extracurricular_wired_or_wireless_gt30,11_reg_Vinnytsya,
2016,extracurricular_wired_or_wireless_gt30,12_reg_Volyn,
2016,extracurricular_wired_or_wireless_gt30,13_reg_Dnipropetrovsk,
2016,extracurricular_wired_or_wireless_gt30,14_reg_Donetsk,
2016,extracurricular_wired_or_wireless_gt30,15_reg_Zhytomyr,
2016,extracurricular_wired_or_wireless_gt30,16_reg_Zakarpattya,
2016,extracurricular_wired_or_wireless_gt30,17_reg_Zaporizhzhya,
2016,extracurricular_wired_or_wireless_gt30,18_reg_Ivano-Frankivsk,
2016,extracurricular_wired_or_wireless_gt30,19_reg_Kyiv,
2016,extracurricular_wired_or_wireless_gt30,20_reg_Kirovohrad,
2016,extracurricular_wired_or_wireless_gt30,21_reg_Luhansk,
2016,extracurricular_wired_or_wireless_gt30,22_reg_Lviv,
2016,extracurricular_wired_or_wireless_gt30,23_reg_Mykolayiv,
2016,extracurricular_wired_or_wireless_gt30,24_reg_Odesa,
2016,extracurricular_wired_or_wireless_gt30,25_reg_Poltava,
2016,extracurricular_wired_or_wireless_gt30,26_reg_Rivne,
2016,extracurricular_wired_or_wireless_gt30,27_reg_Sumy,
2016,extracurricular_wired_or_wireless_gt30,28_reg_Ternopil,
2016,extracurricular_wired_or_wireless_gt30,29_reg_Kharkiv,
2016,extracurricular_wired_or_wireless_gt30,30_reg_Kherson,
2016,extracurricular_wired_or_wireless_gt30,31_reg_Khmelnytskiy,
2016,extracurricular_wired_or_wireless_gt30,32_reg_Cherkasy,
2016,extracurricular_wired_or_wireless_gt30,33_reg_Chernivtsi,
2016,extracurricular_wired_or_wireless_gt30,34_reg_Chernihiv,
2016,extracurricular_wired_or_wireless_gt30,Kyiv_city,
2016,extracurricular_wired_or_wireless_gt30,city_Sevastopol,
2017,extracurricular_wired_or_wireless_gt30,Ukraine,
2017,extracurricular_wired_or_wireless_gt30,autonomous_Republic_of_Crimea,
2017,extracurricular_wired_or_wireless_gt30,11_reg_Vinnytsya,
2017,extracurricular_wired_or_wireless_gt30,12_reg_Volyn,
2017,extracurricular_wired_or_wireless_gt30,13_reg_Dnipropetrovsk,
2017,extracurricular_wired_or_wireless_gt30,14_reg_Donetsk,
2017,extracurricular_wired_or_wireless_gt30,15_reg_Zhytomyr,
2017,extracurricular_wired_or_wireless_gt30,16_reg_Zakarpattya,
2017,extracurricular_wired_or_wireless_gt30,17_reg_Zaporizhzhya,
2017,extracurricular_wired_or_wireless_gt30,18_reg_Ivano-Frankivsk,
2017,extracurricular_wired_or_wireless_gt30,19_reg_Kyiv,
2017,extracurricular_wired_or_wireless_gt30,20_reg_Kirovohrad,
2017,extracurricular_wired_or_wireless_gt30,21_reg_Luhansk,
2017,extracurricular_wired_or_wireless_gt30,22_reg_Lviv,
2017,extracurricular_wired_or_wireless_gt30,23_reg_Mykolayiv,
2017,extracurricular_wired_or_wireless_gt30,24_reg_Odesa,
2017,extracurricular_wired_or_wireless_gt30,25_reg_Poltava,
2017,extracurricular_wired_or_wireless_gt30,26_reg_Rivne,
2017,extracurricular_wired_or_wireless_gt30,27_reg_Sumy,
2017,extracurricular_wired_or_wireless_gt30,28_reg_Ternopil,
2017,extracurricular_wired_or_wireless_gt30,29_reg_Kharkiv,
2017,extracurricular_wired_or_wireless_gt30,30_reg_Kherson,
2017,extracurricular_wired_or_wireless_gt30,31_reg_Khmelnytskiy,
2017,extracurricular_wired_or_wireless_gt30,32_reg_Cherkasy,
2017,extracurricular_wired_or_wireless_gt30,33_reg_Chernivtsi,
2017,extracurricular_wired_or_wireless_gt30,34_reg_Chernihiv,
2017,extracurricular_wired_or_wireless_gt30,Kyiv_city,
2017,extracurricular_wired_or_wireless_gt30,city_Sevastopol,
2018,extracurricular_wired_or_wireless_gt30,Ukraine,
2018,extracurricular_wired_or_wireless_gt30,autonomous_Republic_of_Crimea,
2018,extracurricular_wired_or_wireless_gt30,11_reg_Vinnytsya,
2018,extracurricular_wired_or_wireless_gt30,12_reg_Volyn,
2018,extracurricular_wired_or_wireless_gt30,13_reg_Dnipropetrovsk,
2018,extracurricular_wired_or_wireless_gt30,14_reg_Donetsk,
2018,extracurricular_wired_or_wireless_gt30,15_reg_Zhytomyr,
2018,extracurricular_wired_or_wireless_gt30,16_reg_Zakarpattya,
2018,extracurricular_wired_or_wireless_gt30,17_reg_Zaporizhzhya,
2018,extracurricular_wired_or_wireless_gt30,18_reg_Ivano-Frankivsk,
2018,extracurricular_wired_or_wireless_gt30,19_reg_Kyiv,
2018,extracurricular_wired_or_wireless_gt30,20_reg_Kirovohrad,
2018,extracurricular_wired_or_wireless_gt30,21_reg_Luhansk,
2018,extracurricular_wired_or_wireless_gt30,22_reg_Lviv,
2018,extracurricular_wired_or_wireless_gt30,23_reg_Mykolayiv,
2018,extracurricular_wired_or_wireless_gt30,24_reg_Odesa,
2018,extracurricular_wired_or_wireless_gt30,25_reg_Poltava,
2018,extracurricular_wired_or_wireless_gt30,26_reg_Rivne,
2018,extracurricular_wired_or_wireless_gt30,27_reg_Sumy,
2018,extracurricular_wired_or_wireless_gt30,28_reg_Ternopil,
2018,extracurricular_wired_or_wireless_gt30,29_reg_Kharkiv,
2018,extracurricular_wired_or_wireless_gt30,30_reg_Kherson,
2018,extracurricular_wired_or_wireless_gt30,31_reg_Khmelnytskiy,
2018,extracurricular_wired_or_wireless_gt30,32_reg_Cherkasy,
2018,extracurricular_wired_or_wireless_gt30,33_reg_Chernivtsi,
2018,extracurricular_wired_or_wireless_gt30,34_reg_Chernihiv,
2018,extracurricular_wired_or_wireless_gt30,Kyiv_city,
2018,extracurricular_wired_or_wireless_gt30,city_Sevastopol,
2019,extracurricular_wired_or_wireless_gt30,Ukraine,
2019,extracurricular_wired_or_wireless_gt30,autonomous_Republic_of_Crimea,
2019,extracurricular_wired_or_wireless_gt30,11_reg_Vinnytsya,
2019,extracurricular_wired_or_wireless_gt30,12_reg_Volyn,
2019,extracurricular_wired_or_wireless_gt30,13_reg_Dnipropetrovsk,
2019,extracurricular_wired_or_wireless_gt30,14_reg_Donetsk,
2019,extracurricular_wired_or_wireless_gt30,15_reg_Zhytomyr,
2019,extracurricular_wired_or_wireless_gt30,16_reg_Zakarpattya,
2019,extracurricular_wired_or_wireless_gt30,17_reg_Zaporizhzhya,
2019,extracurricular_wired_or_wireless_gt30,18_reg_Ivano-Frankivsk,
2019,extracurricular_wired_or_wireless_gt30,19_reg_Kyiv,
2019,extracurricular_wired_or_wireless_gt30,20_reg_Kirovohrad,
2019,extracurricular_wired_or_wireless_gt30,21_reg_Luhansk,
2019,extracurricular_wired_or_wireless_gt30,22_reg_Lviv,
2019,extracurricular_wired_or_wireless_gt30,23_reg_Mykolayiv,
2019,extracurricular_wired_or_wireless_gt30,24_reg_Odesa,
2019,extracurricular_wired_or_wireless_gt30,25_reg_Poltava,
2019,extracurricular_wired_or_wireless_gt30,26_reg_Rivne,
2019,extracurricular_wired_or_wireless_gt30,27_reg_Sumy,
2019,extracurricular_wired_or_wireless_gt30,28_reg_Ternopil,
2019,extracurricular_wired_or_wireless_gt30,29_reg_Kharkiv,
2019,extracurricular_wired_or_wireless_gt30,30_reg_Kherson,
2019,extracurricular_wired_or_wireless_gt30,31_reg_Khmelnytskiy,
2019,extracurricular_wired_or_wireless_gt30,32_reg_Cherkasy,
2019,extracurricular_wired_or_wireless_gt30,33_reg_Chernivtsi,
2019,extracurricular_wired_or_wireless_gt30,34_reg_Chernihiv,
2019,extracurricular_wired_or_wireless_gt30,Kyiv_city,
2019,extracurricular_wired_or_wireless_gt30,city_Sevastopol,
2020,extracurricular_wired_or_wireless_gt30,Ukraine,
2020,extracurricular_wired_or_wireless_gt30,autonomous_Republic_of_Crimea,
2020,extracurricular_wired_or_wireless_gt30,11_reg_Vinnytsya,
2020,extracurricular_wired_or_wireless_gt30,12_reg_Volyn,
2020,extracurricular_wired_or_wireless_gt30,13_reg_Dnipropetrovsk,
2020,extracurricular_wired_or_wireless_gt30,14_reg_Donetsk,
2020,extracurricular_wired_or_wireless_gt30,15_reg_Zhytomyr,
2020,extracurricular_wired_or_wireless_gt30,16_reg_Zakarpattya,
2020,extracurricular_wired_or_wireless_gt30,17_reg_Zaporizhzhya,
2020,extracurricular_wired_or_wireless_gt30,18_reg_Ivano-Frankivsk,
2020,extracurricular_wired_or_wireless_gt30,19_reg_Kyiv,
2020,extracurricular_wired_or_wireless_gt30,20_reg_Kirovohrad,
2020,extracurricular_wired_or_wireless_gt30,21_reg_Luhansk,
2020,extracurricular_wired_or_wireless_gt30,22_reg_Lviv,
2020,extracurricular_wired_or_wireless_gt30,23_reg_Mykolayiv,
2020,extracurricular_wired_or_wireless_gt30,24_reg_Odesa,
2020,extracurricular_wired_or_wireless_gt30,25_reg_Poltava,
2020,extracurricular_wired_or_wireless_gt30,26_reg_Rivne,
2020,extracurricular_wired_or_wireless_gt30,27_reg_Sumy,
2020,extracurricular_wired_or_wireless_gt30,28_reg_Ternopil,
2020,extracurricular_wired_or_wireless_gt30,29_reg_Kharkiv,
2020,extracurricular_wired_or_wireless_gt30,30_reg_Kherson,
2020,extracurricular_wired_or_wireless_gt30,31_reg_Khmelnytskiy,
2020,extracurricular_wired_or_wireless_gt30,32_reg_Cherkasy,
2020,extracurricular_wired_or_wireless_gt30,33_reg_Chernivtsi,
2020,extracurricular_wired_or_wireless_gt30,34_reg_Chernihiv,
2020,extracurricular_wired_or_wireless_gt30,Kyiv_city,
2020,extracurricular_wired_or_wireless_gt30,city_Sevastopol,
2021,extracurricular_wired_or_wireless_gt30,Ukraine,
2021,extracurricular_wired_or_wireless_gt30,autonomous_Republic_of_Crimea,
2021,extracurricular_wired_or_wireless_gt30,11_reg_Vinnytsya,
2021,extracurricular_wired_or_wireless_gt30,12_reg_Volyn,
2021,extracurricular_wired_or_wireless_gt30,13_reg_Dnipropetrovsk,
2021,extracurricular_wired_or_wireless_gt30,14_reg_Donetsk,
2021,extracurricular_wired_or_wireless_gt30,15_reg_Zhytomyr,
2021,extracurricular_wired_or_wireless_gt30,16_reg_Zakarpattya,
2021,extracurricular_wired_or_wireless_gt30,17_reg_Zaporizhzhya,
2021,extracurricular_wired_or_wireless_gt30,18_reg_Ivano-Frankivsk,
2021,extracurricular_wired_or_wireless_gt30,19_reg_Kyiv,
2021,extracurricular_wired_or_wireless_gt30,20_reg_Kirovohrad,
2021,extracurricular_wired_or_wireless_gt30,21_reg_Luhansk,
2021,extracurricular_wired_or_wireless_gt30,22_reg_Lviv,
2021,extracurricular_wired_or_wireless_gt30,23_reg_Mykolayiv,
2021,extracurricular_wired_or_wireless_gt30,24_reg_Odesa,
2021,extracurricular_wired_or_wireless_gt30,25_reg_Poltava,
2021,extracurricular_wired_or_wireless_gt30,26_reg_Rivne,
2021,extracurricular_wired_or_wireless_gt30,27_reg_Sumy,
2021,extracurricular_wired_or_wireless_gt30,28_reg_Ternopil,
2021,extracurricular_wired_or_wireless_gt30,29_reg_Kharkiv,
2021,extracurricular_wired_or_wireless_gt30,30_reg_Kherson,
2021,extracurricular_wired_or_wireless_gt30,31_reg_Khmelnytskiy,
2021,extracurricular_wired_or_wireless_gt30,32_reg_Cherkasy,
2021,extracurricular_wired_or_wireless_gt30,33_reg_Chernivtsi,
2021,extracurricular_wired_or_wireless_gt30,34_reg_Chernihiv,
2021,extracurricular_wired_or_wireless_gt30,Kyiv_city,
2021,extracurricular_wired_or_wireless_gt30,city_Sevastopol,
2022,extracurricular_wired_or_wireless_gt30,Ukraine,61.2
2022,extracurricular_wired_or_wireless_gt30,autonomous_Republic_of_Crimea,
2022,extracurricular_wired_or_wireless_gt30,11_reg_Vinnytsya,61.4
2022,extracurricular_wired_or_wireless_gt30,12_reg_Volyn,65.71
2022,extracurricular_wired_or_wireless_gt30,13_reg_Dnipropetrovsk,50.94
2022,extracurricular_wired_or_wireless_gt30,14_reg_Donetsk,61.11
2022,extracurricular_wired_or_wireless_gt30,15_reg_Zhytomyr,47.5
2022,extracurricular_wired_or_wireless_gt30,16_reg_Zakarpattya,46.15
2022,extracurricular_wired_or_wireless_gt30,17_reg_Zaporizhzhya,67.86
2022,extracurricular_wired_or_wireless_gt30,18_reg_Ivano-Frankivsk,60.0
2022,extracurricular_wired_or_wireless_gt30,19_reg_Kyiv,77.22
2022,extracurricular_wired_or_wireless_gt30,20_reg_Kirovohrad,60.0
2022,extracurricular_wired_or_wireless_gt30,21_reg_Luhansk,56.52
2022,extracurricular_wired_or_wireless_gt30,22_reg_Lviv,54.93
2022,extracurricular_wired_or_wireless_gt30,23_reg_Mykolayiv,51.43
2022,extracurricular_wired_or_wireless_gt30,24_reg_Odesa,65.63
2022,extracurricular_wired_or_wireless_gt30,25_reg_Poltava,74.55
2022,extracurricular_wired_or_wireless_gt30,26_reg_Rivne,45.71
2022,extracurricular_wired_or_wireless_gt30,27_reg_Sumy,61.9
2022,extracurricular_wired_or_wireless_gt30,28_reg_Ternopil,66.67
2022,extracurricular_wired_or_wireless_gt30,29_reg_Kharkiv,68.18
2022,extracurricular_wired_or_wireless_gt30,30_reg_Kherson,50.0
2022,extracurricular_wired_or_wireless_gt30,31_reg_Khmelnytskiy,60.98
2022,extracurricular_wired_or_wireless_gt30,32_reg_Cherkasy,85.71
2022,extracurricular_wired_or_wireless_gt30,33_reg_Chernivtsi,77.78
2022,extracurricular_wired_or_wireless_gt30,34_reg_Chernihiv,36.96
2022,extracurricular_wired_or_wireless_gt30,Kyiv_city,66.67
2022,extracurricular_wired_or_wireless_gt30,city_Sevastopol,
2023,extracurricular_wired_or_wireless_gt30,Ukraine,65.7
2023,extracurricular_wired_or_wireless_gt30,autonomous_Republic_of_Crimea,
2023,extracurricular_wired_or_wireless_gt30,11_reg_Vinnytsya,77.55
2023,extracurricular_wired_or_wireless_gt30,12_reg_Volyn,75.76
2023,extracurricular_wired_or_wireless_gt30,13_reg_Dnipropetrovsk,54.9
2023,extracurricular_wired_or_wireless_gt30,14_reg_Donetsk,33.33
2023,extracurricular_wired_or_wireless_gt30,15_reg_Zhytomyr,73.91
2023,extracurricular_wired_or_wireless_gt30,16_reg_Zakarpattya,68.18
2023,extracurricular_wired_or_wireless_gt30,17_reg_Zaporizhzhya,53.85
2023,extracurricular_wired_or_wireless_gt30,18_reg_Ivano-Frankivsk,80.39
2023,extracurricular_wired_or_wireless_gt30,19_reg_Kyiv,71.43
2023,extracurricular_wired_or_wireless_gt30,20_reg_Kirovohrad,72.84
2023,extracurricular_wired_or_wireless_gt30,21_reg_Luhansk,0.0
2023,extracurricular_wired_or_wireless_gt30,22_reg_Lviv,66.18
2023,extracurricular_wired_or_wireless_gt30,23_reg_Mykolayiv,62.16
2023,extracurricular_wired_or_wireless_gt30,24_reg_Odesa,67.74
2023,extracurricular_wired_or_wireless_gt30,25_reg_Poltava,82.76
2023,extracurricular_wired_or_wireless_gt30,26_reg_Rivne,67.24
2023,extracurricular_wired_or_wireless_gt30,27_reg_Sumy,65.28
2023,extracurricular_wired_or_wireless_gt30,28_reg_Ternopil,75.0
2023,extracurricular_wired_or_wireless_gt30,29_reg_Kharkiv,63.33
2023,extracurricular_wired_or_wireless_gt30,30_reg_Kherson,12.12
2023,extracurricular_wired_or_wireless_gt30,31_reg_Khmelnytskiy,71.79
2023,extracurricular_wired_or_wireless_gt30,32_reg_Cherkasy,90.48
2023,extracurricular_wired_or_wireless_gt30,33_reg_Chernivtsi,66.67
2023,extracurricular_wired_or_wireless_gt30,34_reg_Chernihiv,56.41
2023,extracurricular_wired_or_wireless_gt30,Kyiv_city,74.42
2023,extracurricular_wired_or_wireless_gt30,city_Sevastopol,
2024,extracurricular_wired_or_wireless_gt30,Ukraine,68.43
2024,extracurricular_wired_or_wireless_gt30,autonomous_Republic_of_Crimea,
2024,extracurricular_wired_or_wireless_gt30,11_reg_Vinnytsya,82.98
2024,extracurricular_wired_or_wireless_gt30,12_reg_Volyn,75.76
2024,extracurricular_wired_or_wireless_gt30,13_reg_Dnipropetrovsk,57.43
2024,extracurricular_wired_or_wireless_gt30,14_reg_Donetsk,29.73
2024,extracurricular_wired_or_wireless_gt30,15_reg_Zhytomyr,72.92
2024,extracurricular_wired_or_wireless_gt30,16_reg_Zakarpattya,80.95
2024,extracurricular_wired_or_wireless_gt30,17_reg_Zaporizhzhya,45.24
2024,extracurricular_wired_or_wireless_gt30,18_reg_Ivano-Frankivsk,68.09
2024,extracurricular_wired_or_wireless_gt30,19_reg_Kyiv,71.28
2024,extracurricular_wired_or_wireless_gt30,20_reg_Kirovohrad,74.32
2024,extracurricular_wired_or_wireless_gt30,21_reg_Luhansk,0.0
2024,extracurricular_wired_or_wireless_gt30,22_reg_Lviv,73.53
2024,extracurricular_wired_or_wireless_gt30,23_reg_Mykolayiv,66.67
2024,extracurricular_wired_or_wireless_gt30,24_reg_Odesa,67.21
2024,extracurricular_wired_or_wireless_gt30,25_reg_Poltava,82.69
2024,extracurricular_wired_or_wireless_gt30,26_reg_Rivne,67.65
2024,extracurricular_wired_or_wireless_gt30,27_reg_Sumy,77.97
2024,extracurricular_wired_or_wireless_gt30,28_reg_Ternopil,77.78
2024,extracurricular_wired_or_wireless_gt30,29_reg_Kharkiv,71.67
2024,extracurricular_wired_or_wireless_gt30,30_reg_Kherson,20.83
2024,extracurricular_wired_or_wireless_gt30,31_reg_Khmelnytskiy,69.05
2024,extracurricular_wired_or_wireless_gt30,32_reg_Cherkasy,90.48
2024,extracurricular_wired_or_wireless_gt30,33_reg_Chernivtsi,79.17
2024,extracurricular_wired_or_wireless_gt30,34_reg_Chernihiv,59.46
2024,extracurricular_wired_or_wireless_gt30,Kyiv_city,79.55
2024,extracurricular_wired_or_wireless_gt30,city_Sevastopol,
2025,extracurricular_wired_or_wireless_gt30,Ukraine,71.08
2025,extracurricular_wired_or_wireless_gt30,autonomous_Republic_of_Crimea,
2025,extracurricular_wired_or_wireless_gt30,11_reg_Vinnytsya,85.11
2025,extracurricular_wired_or_wireless_gt30,12_reg_Volyn,69.7
2025,extracurricular_wired_or_wireless_gt30,13_reg_Dnipropetrovsk,64.95
2025,extracurricular_wired_or_wireless_gt30,14_reg_Donetsk,29.41
2025,extracurricular_wired_or_wireless_gt30,15_reg_Zhytomyr,70.0
2025,extracurricular_wired_or_wireless_gt30,16_reg_Zakarpattya,90.0
2025,extracurricular_wired_or_wireless_gt30,17_reg_Zaporizhzhya,66.67
2025,extracurricular_wired_or_wireless_gt30,18_reg_Ivano-Frankivsk,78.72
2025,extracurricular_wired_or_wireless_gt30,19_reg_Kyiv,73.68
2025,extracurricular_wired_or_wireless_gt30,20_reg_Kirovohrad,77.33
2025,extracurricular_wired_or_wireless_gt30,21_reg_Luhansk,0.0
2025,extracurricular_wired_or_wireless_gt30,22_reg_Lviv,66.18
2025,extracurricular_wired_or_wireless_gt30,23_reg_Mykolayiv,72.22
2025,extracurricular_wired_or_wireless_gt30,24_reg_Odesa,70.0
2025,extracurricular_wired_or_wireless_gt30,25_reg_Poltava,81.63
2025,extracurricular_wired_or_wireless_gt30,26_reg_Rivne,71.43
2025,extracurricular_wired_or_wireless_gt30,27_reg_Sumy,81.03
2025,extracurricular_wired_or_wireless_gt30,28_reg_Ternopil,77.78
2025,extracurricular_wired_or_wireless_gt30,29_reg_Kharkiv,66.67
2025,extracurricular_wired_or_wireless_gt30,30_reg_Kherson,20.0
2025,extracurricular_wired_or_wireless_gt30,31_reg_Khmelnytskiy,82.93
2025,extracurricular_wired_or_wireless_gt30,32_reg_Cherkasy,95.24
2025,extracurricular_wired_or_wireless_gt30,33_reg_Chernivtsi,73.91
2025,extracurricular_wired_or_wireless_gt30,34_reg_Chernihiv,62.86
2025,extracurricular_wired_or_wireless_gt30,Kyiv_city,69.77
2025,extracurricular_wired_or_wireless_gt30,city_Sevastopol,
