{"data":{"Year":[2015,2016,2017,2018,2019,2020,2021,2022,2023,2024,2015,2016,2017,2018,2019,2020,2021,2022,2023,2024,2015,2016,2017,2018,2019,2020,2021,2022,2023,2024,2015,2016,2017,2018,2019,2020,2021,2022,2023,2024,2015,2016,2017,2018,2019,2020,2021,2022,2023,2024,2015,2016,2017,2018,2019,2020,2021,2015,2016,2017,2018,2019,2020,2021,2015,2016,2017,2018,2019,2020,2021,2015,2016,2017,2018,2019,2020,2021],"Sex":[null,null,null,null,null,null,null,null,null,null,"women","women","women","women","women","women","women","women","women","women","men","men","men","men","men","men","men","men","men","men",null,null,null,null,null,null,null,null,null,null,null,null,null,null,null,null,null,null,null,null,"women","women","women","women","women","women","women","men","men","men","men","men","men","men",null,null,null,null,null,null,null,null,null,null,null,null,null,null],"Type of residence":[null,null,null,null,null,null,null,null,null,null,null,null,null,null,null,null,null,null,null,null,null,null,null,null,null,null,null,null,null,null,"urban","urban","urban","urban","urban","urban","urban","urban","urban","urban","rural","rural","rural","rural","rural","rural","rural","rural","rural","rural",null,null,null,null,null,null,null,null,null,null,null,null,null,null,"urban","urban","urban","urban","urban","urban","urban","rural","rural","rural","rural","rural","rural","rural"],"Value":[17.2,17.8,15.9,14.5,15.6,15.5,14.3,null,null,null,19.8,20.8,19.0,17.8,19.9,18.4,18.0,null,null,null,14.6,14.9,12.9,11.3,11.5,12.7,10.8,null,null,null,14.6,14.9,12.4,11.6,12.5,12.0,11.6,null,null,null,21.6,22.8,22.0,19.4,21.0,21.7,19.2,null,null,null,28.1,29.3,29.0,26.8,28.8,29.1,29.6,16.9,17.4,16.3,15.2135545358,13.6524643255,14.789334334,14.3900343643,20.1,20.9,20.0,18.7,18.7,18.9,19.3,27.3,28.0,27.5,25.2,25.6,27.2,26.6]},"edges":[]}