Year,Type of educational institution,Region,Value
2015,pre-school educational institutions with broadband wired high-speed (more than 30 Mbit/s) access to the Internet,Ukraine,
2015,pre-school educational institutions with broadband wired high-speed (more than 30 Mbit/s) access to the Internet,Autonomous Republic of Crimea,
2015,pre-school educational institutions with broadband wired high-speed (more than 30 Mbit/s) access to the Internet,Vinnytsya,
2015,pre-school educational institutions with broadband wired high-speed (more than 30 Mbit/s) access to the Internet,Volyn,
2015,pre-school educational institutions with broadband wired high-speed (more than 30 Mbit/s) access to the Internet,Dnipropetrovsk,
2015,pre-school educational institutions with broadband wired high-speed (more than 30 Mbit/s) access to the Internet,Donetsk,
2015,pre-school educational institutions with broadband wired high-speed (more than 30 Mbit/s) access to the Internet,Zhytomyr,
2015,pre-school educational institutions with broadband wired high-speed (more than 30 Mbit/s) access to the Internet,Zakarpattya,
2015,pre-school educational institutions with broadband wired high-speed (more than 30 Mbit/s) access to the Internet,Zaporizhzhya,
2015,pre-school educational institutions with broadband wired high-speed (more than 30 Mbit/s) access to the Internet,Ivano-Frankivsk,
2015,pre-school educational institutions with broadband wired high-speed (more than 30 Mbit/s) access to the Internet,Kyiv,
2015,pre-school educational institutions with broadband wired high-speed (more than 30 Mbit/s) access to the Internet,Kirovohrad,
2015,pre-school educational institutions with broadband wired high-speed (more than 30 Mbit/s) access to the Internet,Luhansk,
2015,pre-school educational institutions with broadband wired high-speed (more than 30 Mbit/s) access to the Internet,Lviv,
2015,pre-school educational institutions with broadband wired high-speed (more than 30 Mbit/s) access to the Internet,Mykolayiv,
2015,pre-school educational institutions with broadband wired high-speed (more than 30 Mbit/s) access to the Internet,Odesa,
2015,pre-school educational institutions with broadband wired high-speed (more than 30 Mbit/s) access to the Internet,Poltava,
2015,pre-school educational institutions with broadband wired high-speed (more than 30 Mbit/s) access to the Internet,Rivne,
2015,pre-school educational institutions with broadband wired high-speed (more than 30 Mbit/s) access to the Internet,Sumy,
2015,pre-school educational institutions with broadband wired high-speed (more than 30 Mbit/s) access to the Internet,Ternopil,
2015,pre-school educational institutions with broadband wired high-speed (more than 30 Mbit/s) access to the Internet,Kharkiv,
2015,pre-school educational institutions with broadband wired high-speed (more than 30 Mbit/s) access to the Internet,Kherson,
2015,pre-school educational institutions with broadband wired high-speed (more than 30 Mbit/s) access to the Internet,Khmelnytskiy,
2015,pre-school educational institutions with broadband wired high-speed (more than 30 Mbit/s) access to the Internet,Cherkasy,
2015,pre-school educational institutions with broadband wired high-speed (more than 30 Mbit/s) access to the Internet,Chernivtsi,
2015,pre-school educational institutions with broadband wired high-speed (more than 30 Mbit/s) access to the Internet,Chernihiv,
2015,pre-school educational institutions with broadband wired high-speed (more than 30 Mbit/s) access to the Internet,city Kyiv,
2015,pre-school educational institutions with broadband wired high-speed (more than 30 Mbit/s) access to the Internet,city Sevastopol,
2016,pre-school educational institutions with broadband wired high-speed (more than 30 Mbit/s) access to the Internet,Ukraine,
2016,pre-school educational institutions with broadband wired high-speed (more than 30 Mbit/s) access to the Internet,Autonomous Republic of Crimea,
2016,pre-school educational institutions with broadband wired high-speed (more than 30 Mbit/s) access to the Internet,Vinnytsya,
2016,pre-school educational institutions with broadband wired high-speed (more than 30 Mbit/s) access to the Internet,Volyn,
2016,pre-school educational institutions with broadband wired high-speed (more than 30 Mbit/s) access to the Internet,Dnipropetrovsk,
2016,pre-school educational institutions with broadband wired high-speed (more than 30 Mbit/s) access to the Internet,Donetsk,
2016,pre-school educational institutions with broadband wired high-speed (more than 30 Mbit/s) access to the Internet,Zhytomyr,
2016,pre-school educational institutions with broadband wired high-speed (more than 30 Mbit/s) access to the Internet,Zakarpattya,
2016,pre-school educational institutions with broadband wired high-speed (more than 30 Mbit/s) access to the Internet,Zaporizhzhya,
2016,pre-school educational institutions with broadband wired high-speed (more than 30 Mbit/s) access to the Internet,Ivano-Frankivsk,
2016,pre-school educational institutions with broadband wired high-speed (more than 30 Mbit/s) access to the Internet,Kyiv,
2016,pre-school educational institutions with broadband wired high-speed (more than 30 Mbit/s) access to the Internet,Kirovohrad,
2016,pre-school educational institutions with broadband wired high-speed (more than 30 Mbit/s) access to the Internet,Luhansk,
2016,pre-school educational institutions with broadband wired high-speed (more than 30 Mbit/s) access to the Internet,Lviv,
2016,pre-school educational institutions with broadband wired high-speed (more than 30 Mbit/s) access to the Internet,Mykolayiv,
2016,pre-school educational institutions with broadband wired high-speed (more than 30 Mbit/s) access to the Internet,Odesa,
2016,pre-school educational institutions with broadband wired high-speed (more than 30 Mbit/s) access to the Internet,Poltava,
2016,pre-school educational institutions with broadband wired high-speed (more than 30 Mbit/s) access to the Internet,Rivne,
2016,pre-school educational institutions with broadband wired high-speed (more than 30 Mbit/s) access to the Internet,Sumy,
2016,pre-school educational institutions with broadband wired high-speed (more than 30 Mbit/s) access to the Internet,Ternopil,
2016,pre-school educational institutions with broadband wired high-speed (more than 30 Mbit/s) access to the Internet,Kharkiv,
2016,pre-school educational institutions with broadband wired high-speed (more than 30 Mbit/s) access to the Internet,Kherson,
2016,pre-school educational institutions with broadband wired high-speed (more than 30 Mbit/s) access to the Internet,Khmelnytskiy,
2016,pre-school educational institutions with broadband wired high-speed (more than 30 Mbit/s) access to the Internet,Cherkasy,
2016,pre-school educational institutions with broadband wired high-speed (more than 30 Mbit/s) access to the Internet,Chernivtsi,
2016,pre-school educational institutions with broadband wired high-speed (more than 30 Mbit/s) access to the Internet,Chernihiv,
2016,pre-school educational institutions with broadband wired high-speed (more than 30 Mbit/s) access to the Internet,city Kyiv,
2016,pre-school educational institutions with broadband wired high-speed (more than 30 Mbit/s) access to the Internet,city Sevastopol,
2017,pre-school educational institutions with broadband wired high-speed (more than 30 Mbit/s) access to the Internet,Ukraine,
2017,pre-school educational institutions with broadband wired high-speed (more than 30 Mbit/s) access to the Internet,Autonomous Republic of Crimea,
2017,pre-school educational institutions with broadband wired high-speed (more than 30 Mbit/s) access to the Internet,Vinnytsya,
2017,pre-school educational institutions with broadband wired high-speed (more than 30 Mbit/s) access to the Internet,Volyn,
2017,pre-school educational institutions with broadband wired high-speed (more than 30 Mbit/s) access to the Internet,Dnipropetrovsk,
2017,pre-school educational institutions with broadband wired high-speed (more than 30 Mbit/s) access to the Internet,Donetsk,
2017,pre-school educational institutions with broadband wired high-speed (more than 30 Mbit/s) access to the Internet,Zhytomyr,
2017,pre-school educational institutions with broadband wired high-speed (more than 30 Mbit/s) access to the Internet,Zakarpattya,
2017,pre-school educational institutions with broadband wired high-speed (more than 30 Mbit/s) access to the Internet,Zaporizhzhya,
2017,pre-school educational institutions with broadband wired high-speed (more than 30 Mbit/s) access to the Internet,Ivano-Frankivsk,
2017,pre-school educational institutions with broadband wired high-speed (more than 30 Mbit/s) access to the Internet,Kyiv,
2017,pre-school educational institutions with broadband wired high-speed (more than 30 Mbit/s) access to the Internet,Kirovohrad,
2017,pre-school educational institutions with broadband wired high-speed (more than 30 Mbit/s) access to the Internet,Luhansk,
2017,pre-school educational institutions with broadband wired high-speed (more than 30 Mbit/s) access to the Internet,Lviv,
2017,pre-school educational institutions with broadband wired high-speed (more than 30 Mbit/s) access to the Internet,Mykolayiv,
2017,pre-school educational institutions with broadband wired high-speed (more than 30 Mbit/s) access to the Internet,Odesa,
2017,pre-school educational institutions with broadband wired high-speed (more than 30 Mbit/s) access to the Internet,Poltava,
2017,pre-school educational institutions with broadband wired high-speed (more than 30 Mbit/s) access to the Internet,Rivne,
2017,pre-school educational institutions with broadband wired high-speed (more than 30 Mbit/s) access to the Internet,Sumy,
2017,pre-school educational institutions with broadband wired high-speed (more than 30 Mbit/s) access to the Internet,Ternopil,
2017,pre-school educational institutions with broadband wired high-speed (more than 30 Mbit/s) access to the Internet,Kharkiv,
2017,pre-school educational institutions with broadband wired high-speed (more than 30 Mbit/s) access to the Internet,Kherson,
2017,pre-school educational institutions with broadband wired high-speed (more than 30 Mbit/s) access to the Internet,Khmelnytskiy,
2017,pre-school educational institutions with broadband wired high-speed (more than 30 Mbit/s) access to the Internet,Cherkasy,
2017,pre-school educational institutions with broadband wired high-speed (more than 30 Mbit/s) access to the Internet,Chernivtsi,
2017,pre-school educational institutions with broadband wired high-speed (more than 30 Mbit/s) access to the Internet,Chernihiv,
2017,pre-school educational institutions with broadband wired high-speed (more than 30 Mbit/s) access to the Internet,city Kyiv,
2017,pre-school educational institutions with broadband wired high-speed (more than 30 Mbit/s) access to the Internet,city Sevastopol,
2018,pre-school educational institutions with broadband wired high-speed (more than 30 Mbit/s) access to the Internet,Ukraine,
2018,pre-school educational institutions with broadband wired high-speed (more than 30 Mbit/s) access to the Internet,Autonomous Republic of Crimea,
2018,pre-school educational institutions with broadband wired high-speed (more than 30 Mbit/s) access to the Internet,Vinnytsya,
2018,pre-school educational institutions with broadband wired high-speed (more than 30 Mbit/s) access to the Internet,Volyn,
2018,pre-school educational institutions with broadband wired high-speed (more than 30 Mbit/s) access to the Internet,Dnipropetrovsk,
2018,pre-school educational institutions with broadband wired high-speed (more than 30 Mbit/s) access to the Internet,Donetsk,
2018,pre-school educational institutions with broadband wired high-speed (more than 30 Mbit/s) access to the Internet,Zhytomyr,
2018,pre-school educational institutions with broadband wired high-speed (more than 30 Mbit/s) access to the Internet,Zakarpattya,
2018,pre-school educational institutions with broadband wired high-speed (more than 30 Mbit/s) access to the Internet,Zaporizhzhya,
2018,pre-school educational institutions with broadband wired high-speed (more than 30 Mbit/s) access to the Internet,Ivano-Frankivsk,
2018,pre-school educational institutions with broadband wired high-speed (more than 30 Mbit/s) access to the Internet,Kyiv,
2018,pre-school educational institutions with broadband wired high-speed (more than 30 Mbit/s) access to the Internet,Kirovohrad,
2018,pre-school educational institutions with broadband wired high-speed (more than 30 Mbit/s) access to the Internet,Luhansk,
2018,pre-school educational institutions with broadband wired high-speed (more than 30 Mbit/s) access to the Internet,Lviv,
2018,pre-school educational institutions with broadband wired high-speed (more than 30 Mbit/s) access to the Internet,Mykolayiv,
2018,pre-school educational institutions with broadband wired high-speed (more than 30 Mbit/s) access to the Internet,Odesa,
2018,pre-school educational institutions with broadband wired high-speed (more than 30 Mbit/s) access to the Internet,Poltava,
2018,pre-school educational institutions with broadband wired high-speed (more than 30 Mbit/s) access to the Internet,Rivne,
2018,pre-school educational institutions with broadband wired high-speed (more than 30 Mbit/s) access to the Internet,Sumy,
2018,pre-school educational institutions with broadband wired high-speed (more than 30 Mbit/s) access to the Internet,Ternopil,
2018,pre-school educational institutions with broadband wired high-speed (more than 30 Mbit/s) access to the Internet,Kharkiv,
2018,pre-school educational institutions with broadband wired high-speed (more than 30 Mbit/s) access to the Internet,Kherson,
2018,pre-school educational institutions with broadband wired high-speed (more than 30 Mbit/s) access to the Internet,Khmelnytskiy,
2018,pre-school educational institutions with broadband wired high-speed (more than 30 Mbit/s) access to the Internet,Cherkasy,
2018,pre-school educational institutions with broadband wired high-speed (more than 30 Mbit/s) access to the Internet,Chernivtsi,
2018,pre-school educational institutions with broadband wired high-speed (more than 30 Mbit/s) access to the Internet,Chernihiv,
2018,pre-school educational institutions with broadband wired high-speed (more than 30 Mbit/s) access to the Internet,city Kyiv,
2018,pre-school educational institutions with broadband wired high-speed (more than 30 Mbit/s) access to the Internet,city Sevastopol,
2019,pre-school educational institutions with broadband wired high-speed (more than 30 Mbit/s) access to the Internet,Ukraine,
2019,pre-school educational institutions with broadband wired high-speed (more than 30 Mbit/s) access to the Internet,Autonomous Republic of Crimea,
2019,pre-school educational institutions with broadband wired high-speed (more than 30 Mbit/s) access to the Internet,Vinnytsya,
2019,pre-school educational institutions with broadband wired high-speed (more than 30 Mbit/s) access to the Internet,Volyn,
2019,pre-school educational institutions with broadband wired high-speed (more than 30 Mbit/s) access to the Internet,Dnipropetrovsk,
2019,pre-school educational institutions with broadband wired high-speed (more than 30 Mbit/s) access to the Internet,Donetsk,
2019,pre-school educational institutions with broadband wired high-speed (more than 30 Mbit/s) access to the Internet,Zhytomyr,
2019,pre-school educational institutions with broadband wired high-speed (more than 30 Mbit/s) access to the Internet,Zakarpattya,
2019,pre-school educational institutions with broadband wired high-speed (more than 30 Mbit/s) access to the Internet,Zaporizhzhya,
2019,pre-school educational institutions with broadband wired high-speed (more than 30 Mbit/s) access to the Internet,Ivano-Frankivsk,
2019,pre-school educational institutions with broadband wired high-speed (more than 30 Mbit/s) access to the Internet,Kyiv,
2019,pre-school educational institutions with broadband wired high-speed (more than 30 Mbit/s) access to the Internet,Kirovohrad,
2019,pre-school educational institutions with broadband wired high-speed (more than 30 Mbit/s) access to the Internet,Luhansk,
2019,pre-school educational institutions with broadband wired high-speed (more than 30 Mbit/s) access to the Internet,Lviv,
2019,pre-school educational institutions with broadband wired high-speed (more than 30 Mbit/s) access to the Internet,Mykolayiv,
2019,pre-school educational institutions with broadband wired high-speed (more than 30 Mbit/s) access to the Internet,Odesa,
2019,pre-school educational institutions with broadband wired high-speed (more than 30 Mbit/s) access to the Internet,Poltava,
2019,pre-school educational institutions with broadband wired high-speed (more than 30 Mbit/s) access to the Internet,Rivne,
2019,pre-school educational institutions with broadband wired high-speed (more than 30 Mbit/s) access to the Internet,Sumy,
2019,pre-school educational institutions with broadband wired high-speed (more than 30 Mbit/s) access to the Internet,Ternopil,
2019,pre-school educational institutions with broadband wired high-speed (more than 30 Mbit/s) access to the Internet,Kharkiv,
2019,pre-school educational institutions with broadband wired high-speed (more than 30 Mbit/s) access to the Internet,Kherson,
2019,pre-school educational institutions with broadband wired high-speed (more than 30 Mbit/s) access to the Internet,Khmelnytskiy,
2019,pre-school educational institutions with broadband wired high-speed (more than 30 Mbit/s) access to the Internet,Cherkasy,
2019,pre-school educational institutions with broadband wired high-speed (more than 30 Mbit/s) access to the Internet,Chernivtsi,
2019,pre-school educational institutions with broadband wired high-speed (more than 30 Mbit/s) access to the Internet,Chernihiv,
2019,pre-school educational institutions with broadband wired high-speed (more than 30 Mbit/s) access to the Internet,city Kyiv,
2019,pre-school educational institutions with broadband wired high-speed (more than 30 Mbit/s) access to the Internet,city Sevastopol,
2020,pre-school educational institutions with broadband wired high-speed (more than 30 Mbit/s) access to the Internet,Ukraine,
2020,pre-school educational institutions with broadband wired high-speed (more than 30 Mbit/s) access to the Internet,Autonomous Republic of Crimea,
2020,pre-school educational institutions with broadband wired high-speed (more than 30 Mbit/s) access to the Internet,Vinnytsya,
2020,pre-school educational institutions with broadband wired high-speed (more than 30 Mbit/s) access to the Internet,Volyn,
2020,pre-school educational institutions with broadband wired high-speed (more than 30 Mbit/s) access to the Internet,Dnipropetrovsk,
2020,pre-school educational institutions with broadband wired high-speed (more than 30 Mbit/s) access to the Internet,Donetsk,
2020,pre-school educational institutions with broadband wired high-speed (more than 30 Mbit/s) access to the Internet,Zhytomyr,
2020,pre-school educational institutions with broadband wired high-speed (more than 30 Mbit/s) access to the Internet,Zakarpattya,
2020,pre-school educational institutions with broadband wired high-speed (more than 30 Mbit/s) access to the Internet,Zaporizhzhya,
2020,pre-school educational institutions with broadband wired high-speed (more than 30 Mbit/s) access to the Internet,Ivano-Frankivsk,
2020,pre-school educational institutions with broadband wired high-speed (more than 30 Mbit/s) access to the Internet,Kyiv,
2020,pre-school educational institutions with broadband wired high-speed (more than 30 Mbit/s) access to the Internet,Kirovohrad,
2020,pre-school educational institutions with broadband wired high-speed (more than 30 Mbit/s) access to the Internet,Luhansk,
2020,pre-school educational institutions with broadband wired high-speed (more than 30 Mbit/s) access to the Internet,Lviv,
2020,pre-school educational institutions with broadband wired high-speed (more than 30 Mbit/s) access to the Internet,Mykolayiv,
2020,pre-school educational institutions with broadband wired high-speed (more than 30 Mbit/s) access to the Internet,Odesa,
2020,pre-school educational institutions with broadband wired high-speed (more than 30 Mbit/s) access to the Internet,Poltava,
2020,pre-school educational institutions with broadband wired high-speed (more than 30 Mbit/s) access to the Internet,Rivne,
2020,pre-school educational institutions with broadband wired high-speed (more than 30 Mbit/s) access to the Internet,Sumy,
2020,pre-school educational institutions with broadband wired high-speed (more than 30 Mbit/s) access to the Internet,Ternopil,
2020,pre-school educational institutions with broadband wired high-speed (more than 30 Mbit/s) access to the Internet,Kharkiv,
2020,pre-school educational institutions with broadband wired high-speed (more than 30 Mbit/s) access to the Internet,Kherson,
2020,pre-school educational institutions with broadband wired high-speed (more than 30 Mbit/s) access to the Internet,Khmelnytskiy,
2020,pre-school educational institutions with broadband wired high-speed (more than 30 Mbit/s) access to the Internet,Cherkasy,
2020,pre-school educational institutions with broadband wired high-speed (more than 30 Mbit/s) access to the Internet,Chernivtsi,
2020,pre-school educational institutions with broadband wired high-speed (more than 30 Mbit/s) access to the Internet,Chernihiv,
2020,pre-school educational institutions with broadband wired high-speed (more than 30 Mbit/s) access to the Internet,city Kyiv,
2020,pre-school educational institutions with broadband wired high-speed (more than 30 Mbit/s) access to the Internet,city Sevastopol,
2021,pre-school educational institutions with broadband wired high-speed (more than 30 Mbit/s) access to the Internet,Ukraine,
2021,pre-school educational institutions with broadband wired high-speed (more than 30 Mbit/s) access to the Internet,Autonomous Republic of Crimea,
2021,pre-school educational institutions with broadband wired high-speed (more than 30 Mbit/s) access to the Internet,Vinnytsya,
2021,pre-school educational institutions with broadband wired high-speed (more than 30 Mbit/s) access to the Internet,Volyn,
2021,pre-school educational institutions with broadband wired high-speed (more than 30 Mbit/s) access to the Internet,Dnipropetrovsk,
2021,pre-school educational institutions with broadband wired high-speed (more than 30 Mbit/s) access to the Internet,Donetsk,
2021,pre-school educational institutions with broadband wired high-speed (more than 30 Mbit/s) access to the Internet,Zhytomyr,
2021,pre-school educational institutions with broadband wired high-speed (more than 30 Mbit/s) access to the Internet,Zakarpattya,
2021,pre-school educational institutions with broadband wired high-speed (more than 30 Mbit/s) access to the Internet,Zaporizhzhya,
2021,pre-school educational institutions with broadband wired high-speed (more than 30 Mbit/s) access to the Internet,Ivano-Frankivsk,
2021,pre-school educational institutions with broadband wired high-speed (more than 30 Mbit/s) access to the Internet,Kyiv,
2021,pre-school educational institutions with broadband wired high-speed (more than 30 Mbit/s) access to the Internet,Kirovohrad,
2021,pre-school educational institutions with broadband wired high-speed (more than 30 Mbit/s) access to the Internet,Luhansk,
2021,pre-school educational institutions with broadband wired high-speed (more than 30 Mbit/s) access to the Internet,Lviv,
2021,pre-school educational institutions with broadband wired high-speed (more than 30 Mbit/s) access to the Internet,Mykolayiv,
2021,pre-school educational institutions with broadband wired high-speed (more than 30 Mbit/s) access to the Internet,Odesa,
2021,pre-school educational institutions with broadband wired high-speed (more than 30 Mbit/s) access to the Internet,Poltava,
2021,pre-school educational institutions with broadband wired high-speed (more than 30 Mbit/s) access to the Internet,Rivne,
2021,pre-school educational institutions with broadband wired high-speed (more than 30 Mbit/s) access to the Internet,Sumy,
2021,pre-school educational institutions with broadband wired high-speed (more than 30 Mbit/s) access to the Internet,Ternopil,
2021,pre-school educational institutions with broadband wired high-speed (more than 30 Mbit/s) access to the Internet,Kharkiv,
2021,pre-school educational institutions with broadband wired high-speed (more than 30 Mbit/s) access to the Internet,Kherson,
2021,pre-school educational institutions with broadband wired high-speed (more than 30 Mbit/s) access to the Internet,Khmelnytskiy,
2021,pre-school educational institutions with broadband wired high-speed (more than 30 Mbit/s) access to the Internet,Cherkasy,
2021,pre-school educational institutions with broadband wired high-speed (more than 30 Mbit/s) access to the Internet,Chernivtsi,
2021,pre-school educational institutions with broadband wired high-speed (more than 30 Mbit/s) access to the Internet,Chernihiv,
2021,pre-school educational institutions with broadband wired high-speed (more than 30 Mbit/s) access to the Internet,city Kyiv,
2021,pre-school educational institutions with broadband wired high-speed (more than 30 Mbit/s) access to the Internet,city Sevastopol,
2022,pre-school educational institutions with broadband wired high-speed (more than 30 Mbit/s) access to the Internet,Ukraine,58.66
2022,pre-school educational institutions with broadband wired high-speed (more than 30 Mbit/s) access to the Internet,Autonomous Republic of Crimea,
2022,pre-school educational institutions with broadband wired high-speed (more than 30 Mbit/s) access to the Internet,Vinnytsya,51.54
2022,pre-school educational institutions with broadband wired high-speed (more than 30 Mbit/s) access to the Internet,Volyn,50.52
2022,pre-school educational institutions with broadband wired high-speed (more than 30 Mbit/s) access to the Internet,Dnipropetrovsk,54.72
2022,pre-school educational institutions with broadband wired high-speed (more than 30 Mbit/s) access to the Internet,Donetsk,51.25
2022,pre-school educational institutions with broadband wired high-speed (more than 30 Mbit/s) access to the Internet,Zhytomyr,65.18
2022,pre-school educational institutions with broadband wired high-speed (more than 30 Mbit/s) access to the Internet,Zakarpattya,52.08
2022,pre-school educational institutions with broadband wired high-speed (more than 30 Mbit/s) access to the Internet,Zaporizhzhya,45.43
2022,pre-school educational institutions with broadband wired high-speed (more than 30 Mbit/s) access to the Internet,Ivano-Frankivsk,55.36
2022,pre-school educational institutions with broadband wired high-speed (more than 30 Mbit/s) access to the Internet,Kyiv,66.96
2022,pre-school educational institutions with broadband wired high-speed (more than 30 Mbit/s) access to the Internet,Kirovohrad,43.64
2022,pre-school educational institutions with broadband wired high-speed (more than 30 Mbit/s) access to the Internet,Luhansk,0.0
2022,pre-school educational institutions with broadband wired high-speed (more than 30 Mbit/s) access to the Internet,Lviv,55.11
2022,pre-school educational institutions with broadband wired high-speed (more than 30 Mbit/s) access to the Internet,Mykolayiv,51.18
2022,pre-school educational institutions with broadband wired high-speed (more than 30 Mbit/s) access to the Internet,Odesa,71.9
2022,pre-school educational institutions with broadband wired high-speed (more than 30 Mbit/s) access to the Internet,Poltava,56.09
2022,pre-school educational institutions with broadband wired high-speed (more than 30 Mbit/s) access to the Internet,Rivne,49.03
2022,pre-school educational institutions with broadband wired high-speed (more than 30 Mbit/s) access to the Internet,Sumy,73.28
2022,pre-school educational institutions with broadband wired high-speed (more than 30 Mbit/s) access to the Internet,Ternopil,50.75
2022,pre-school educational institutions with broadband wired high-speed (more than 30 Mbit/s) access to the Internet,Kharkiv,62.64
2022,pre-school educational institutions with broadband wired high-speed (more than 30 Mbit/s) access to the Internet,Kherson,27.32
2022,pre-school educational institutions with broadband wired high-speed (more than 30 Mbit/s) access to the Internet,Khmelnytskiy,61.88
2022,pre-school educational institutions with broadband wired high-speed (more than 30 Mbit/s) access to the Internet,Cherkasy,64.58
2022,pre-school educational institutions with broadband wired high-speed (more than 30 Mbit/s) access to the Internet,Chernivtsi,87.95
2022,pre-school educational institutions with broadband wired high-speed (more than 30 Mbit/s) access to the Internet,Chernihiv,43.53
2022,pre-school educational institutions with broadband wired high-speed (more than 30 Mbit/s) access to the Internet,city Kyiv,80.91
2022,pre-school educational institutions with broadband wired high-speed (more than 30 Mbit/s) access to the Internet,city Sevastopol,
2023,pre-school educational institutions with broadband wired high-speed (more than 30 Mbit/s) access to the Internet,Ukraine,62.15
2023,pre-school educational institutions with broadband wired high-speed (more than 30 Mbit/s) access to the Internet,Autonomous Republic of Crimea,
2023,pre-school educational institutions with broadband wired high-speed (more than 30 Mbit/s) access to the Internet,Vinnytsya,58.78
2023,pre-school educational institutions with broadband wired high-speed (more than 30 Mbit/s) access to the Internet,Volyn,54.05
2023,pre-school educational institutions with broadband wired high-speed (more than 30 Mbit/s) access to the Internet,Dnipropetrovsk,54.86
2023,pre-school educational institutions with broadband wired high-speed (more than 30 Mbit/s) access to the Internet,Donetsk,48.81
2023,pre-school educational institutions with broadband wired high-speed (more than 30 Mbit/s) access to the Internet,Zhytomyr,66.83
2023,pre-school educational institutions with broadband wired high-speed (more than 30 Mbit/s) access to the Internet,Zakarpattya,56.09
2023,pre-school educational institutions with broadband wired high-speed (more than 30 Mbit/s) access to the Internet,Zaporizhzhya,50.47
2023,pre-school educational institutions with broadband wired high-speed (more than 30 Mbit/s) access to the Internet,Ivano-Frankivsk,58.11
2023,pre-school educational institutions with broadband wired high-speed (more than 30 Mbit/s) access to the Internet,Kyiv,71.71
2023,pre-school educational institutions with broadband wired high-speed (more than 30 Mbit/s) access to the Internet,Kirovohrad,50.35
2023,pre-school educational institutions with broadband wired high-speed (more than 30 Mbit/s) access to the Internet,Luhansk,0.0
2023,pre-school educational institutions with broadband wired high-speed (more than 30 Mbit/s) access to the Internet,Lviv,57.8
2023,pre-school educational institutions with broadband wired high-speed (more than 30 Mbit/s) access to the Internet,Mykolayiv,57.02
2023,pre-school educational institutions with broadband wired high-speed (more than 30 Mbit/s) access to the Internet,Odesa,76.56
2023,pre-school educational institutions with broadband wired high-speed (more than 30 Mbit/s) access to the Internet,Poltava,61.47
2023,pre-school educational institutions with broadband wired high-speed (more than 30 Mbit/s) access to the Internet,Rivne,55.11
2023,pre-school educational institutions with broadband wired high-speed (more than 30 Mbit/s) access to the Internet,Sumy,76.35
2023,pre-school educational institutions with broadband wired high-speed (more than 30 Mbit/s) access to the Internet,Ternopil,58.14
2023,pre-school educational institutions with broadband wired high-speed (more than 30 Mbit/s) access to the Internet,Kharkiv,63.89
2023,pre-school educational institutions with broadband wired high-speed (more than 30 Mbit/s) access to the Internet,Kherson,19.83
2023,pre-school educational institutions with broadband wired high-speed (more than 30 Mbit/s) access to the Internet,Khmelnytskiy,65.13
2023,pre-school educational institutions with broadband wired high-speed (more than 30 Mbit/s) access to the Internet,Cherkasy,71.48
2023,pre-school educational institutions with broadband wired high-speed (more than 30 Mbit/s) access to the Internet,Chernivtsi,86.7
2023,pre-school educational institutions with broadband wired high-speed (more than 30 Mbit/s) access to the Internet,Chernihiv,45.95
2023,pre-school educational institutions with broadband wired high-speed (more than 30 Mbit/s) access to the Internet,city Kyiv,78.73
2023,pre-school educational institutions with broadband wired high-speed (more than 30 Mbit/s) access to the Internet,city Sevastopol,
2024,pre-school educational institutions with broadband wired high-speed (more than 30 Mbit/s) access to the Internet,Ukraine,65.1
2024,pre-school educational institutions with broadband wired high-speed (more than 30 Mbit/s) access to the Internet,Autonomous Republic of Crimea,
2024,pre-school educational institutions with broadband wired high-speed (more than 30 Mbit/s) access to the Internet,Vinnytsya,60.52
2024,pre-school educational institutions with broadband wired high-speed (more than 30 Mbit/s) access to the Internet,Volyn,56.5
2024,pre-school educational institutions with broadband wired high-speed (more than 30 Mbit/s) access to the Internet,Dnipropetrovsk,54.4
2024,pre-school educational institutions with broadband wired high-speed (more than 30 Mbit/s) access to the Internet,Donetsk,50.21
2024,pre-school educational institutions with broadband wired high-speed (more than 30 Mbit/s) access to the Internet,Zhytomyr,68.36
2024,pre-school educational institutions with broadband wired high-speed (more than 30 Mbit/s) access to the Internet,Zakarpattya,57.43
2024,pre-school educational institutions with broadband wired high-speed (more than 30 Mbit/s) access to the Internet,Zaporizhzhya,77.08
2024,pre-school educational institutions with broadband wired high-speed (more than 30 Mbit/s) access to the Internet,Ivano-Frankivsk,59.55
2024,pre-school educational institutions with broadband wired high-speed (more than 30 Mbit/s) access to the Internet,Kyiv,74.26
2024,pre-school educational institutions with broadband wired high-speed (more than 30 Mbit/s) access to the Internet,Kirovohrad,57.28
2024,pre-school educational institutions with broadband wired high-speed (more than 30 Mbit/s) access to the Internet,Luhansk,14.29
2024,pre-school educational institutions with broadband wired high-speed (more than 30 Mbit/s) access to the Internet,Lviv,61.52
2024,pre-school educational institutions with broadband wired high-speed (more than 30 Mbit/s) access to the Internet,Mykolayiv,58.5
2024,pre-school educational institutions with broadband wired high-speed (more than 30 Mbit/s) access to the Internet,Odesa,77.29
2024,pre-school educational institutions with broadband wired high-speed (more than 30 Mbit/s) access to the Internet,Poltava,62.32
2024,pre-school educational institutions with broadband wired high-speed (more than 30 Mbit/s) access to the Internet,Rivne,57.09
2024,pre-school educational institutions with broadband wired high-speed (more than 30 Mbit/s) access to the Internet,Sumy,74.43
2024,pre-school educational institutions with broadband wired high-speed (more than 30 Mbit/s) access to the Internet,Ternopil,64.52
2024,pre-school educational institutions with broadband wired high-speed (more than 30 Mbit/s) access to the Internet,Kharkiv,63.53
2024,pre-school educational institutions with broadband wired high-speed (more than 30 Mbit/s) access to the Internet,Kherson,14.68
2024,pre-school educational institutions with broadband wired high-speed (more than 30 Mbit/s) access to the Internet,Khmelnytskiy,67.72
2024,pre-school educational institutions with broadband wired high-speed (more than 30 Mbit/s) access to the Internet,Cherkasy,75.66
2024,pre-school educational institutions with broadband wired high-speed (more than 30 Mbit/s) access to the Internet,Chernivtsi,88.24
2024,pre-school educational institutions with broadband wired high-speed (more than 30 Mbit/s) access to the Internet,Chernihiv,50.27
2024,pre-school educational institutions with broadband wired high-speed (more than 30 Mbit/s) access to the Internet,city Kyiv,81.16
2024,pre-school educational institutions with broadband wired high-speed (more than 30 Mbit/s) access to the Internet,city Sevastopol,
2025,pre-school educational institutions with broadband wired high-speed (more than 30 Mbit/s) access to the Internet,Ukraine,67.48
2025,pre-school educational institutions with broadband wired high-speed (more than 30 Mbit/s) access to the Internet,Autonomous Republic of Crimea,
2025,pre-school educational institutions with broadband wired high-speed (more than 30 Mbit/s) access to the Internet,Vinnytsya,61.39
2025,pre-school educational institutions with broadband wired high-speed (more than 30 Mbit/s) access to the Internet,Volyn,62.05
2025,pre-school educational institutions with broadband wired high-speed (more than 30 Mbit/s) access to the Internet,Dnipropetrovsk,64.31
2025,pre-school educational institutions with broadband wired high-speed (more than 30 Mbit/s) access to the Internet,Donetsk,0.2
2025,pre-school educational institutions with broadband wired high-speed (more than 30 Mbit/s) access to the Internet,Zhytomyr,68.36
2025,pre-school educational institutions with broadband wired high-speed (more than 30 Mbit/s) access to the Internet,Zakarpattya,63.49
2025,pre-school educational institutions with broadband wired high-speed (more than 30 Mbit/s) access to the Internet,Zaporizhzhya,75.39
2025,pre-school educational institutions with broadband wired high-speed (more than 30 Mbit/s) access to the Internet,Ivano-Frankivsk,59.46
2025,pre-school educational institutions with broadband wired high-speed (more than 30 Mbit/s) access to the Internet,Kyiv,75.36
2025,pre-school educational institutions with broadband wired high-speed (more than 30 Mbit/s) access to the Internet,Kirovohrad,61.41
2025,pre-school educational institutions with broadband wired high-speed (more than 30 Mbit/s) access to the Internet,Luhansk,35.71
2025,pre-school educational institutions with broadband wired high-speed (more than 30 Mbit/s) access to the Internet,Lviv,65.63
2025,pre-school educational institutions with broadband wired high-speed (more than 30 Mbit/s) access to the Internet,Mykolayiv,62.0
2025,pre-school educational institutions with broadband wired high-speed (more than 30 Mbit/s) access to the Internet,Odesa,77.72
2025,pre-school educational institutions with broadband wired high-speed (more than 30 Mbit/s) access to the Internet,Poltava,65.28
2025,pre-school educational institutions with broadband wired high-speed (more than 30 Mbit/s) access to the Internet,Rivne,67.87
2025,pre-school educational institutions with broadband wired high-speed (more than 30 Mbit/s) access to the Internet,Sumy,80.72
2025,pre-school educational institutions with broadband wired high-speed (more than 30 Mbit/s) access to the Internet,Ternopil,65.04
2025,pre-school educational institutions with broadband wired high-speed (more than 30 Mbit/s) access to the Internet,Kharkiv,71.9
2025,pre-school educational institutions with broadband wired high-speed (more than 30 Mbit/s) access to the Internet,Kherson,13.04
2025,pre-school educational institutions with broadband wired high-speed (more than 30 Mbit/s) access to the Internet,Khmelnytskiy,74.61
2025,pre-school educational institutions with broadband wired high-speed (more than 30 Mbit/s) access to the Internet,Cherkasy,76.53
2025,pre-school educational institutions with broadband wired high-speed (more than 30 Mbit/s) access to the Internet,Chernivtsi,84.92
2025,pre-school educational institutions with broadband wired high-speed (more than 30 Mbit/s) access to the Internet,Chernihiv,54.26
2025,pre-school educational institutions with broadband wired high-speed (more than 30 Mbit/s) access to the Internet,city Kyiv,83.84
2025,pre-school educational institutions with broadband wired high-speed (more than 30 Mbit/s) access to the Internet,city Sevastopol,
2015,pre-school educational institutions with high-speed (more than 30 Mbit/s) wireless access to the Internet,Ukraine,
2015,pre-school educational institutions with high-speed (more than 30 Mbit/s) wireless access to the Internet,Autonomous Republic of Crimea,
2015,pre-school educational institutions with high-speed (more than 30 Mbit/s) wireless access to the Internet,Vinnytsya,
2015,pre-school educational institutions with high-speed (more than 30 Mbit/s) wireless access to the Internet,Volyn,
2015,pre-school educational institutions with high-speed (more than 30 Mbit/s) wireless access to the Internet,Dnipropetrovsk,
2015,pre-school educational institutions with high-speed (more than 30 Mbit/s) wireless access to the Internet,Donetsk,
2015,pre-school educational institutions with high-speed (more than 30 Mbit/s) wireless access to the Internet,Zhytomyr,
2015,pre-school educational institutions with high-speed (more than 30 Mbit/s) wireless access to the Internet,Zakarpattya,
2015,pre-school educational institutions with high-speed (more than 30 Mbit/s) wireless access to the Internet,Zaporizhzhya,
2015,pre-school educational institutions with high-speed (more than 30 Mbit/s) wireless access to the Internet,Ivano-Frankivsk,
2015,pre-school educational institutions with high-speed (more than 30 Mbit/s) wireless access to the Internet,Kyiv,
2015,pre-school educational institutions with high-speed (more than 30 Mbit/s) wireless access to the Internet,Kirovohrad,
2015,pre-school educational institutions with high-speed (more than 30 Mbit/s) wireless access to the Internet,Luhansk,
2015,pre-school educational institutions with high-speed (more than 30 Mbit/s) wireless access to the Internet,Lviv,
2015,pre-school educational institutions with high-speed (more than 30 Mbit/s) wireless access to the Internet,Mykolayiv,
2015,pre-school educational institutions with high-speed (more than 30 Mbit/s) wireless access to the Internet,Odesa,
2015,pre-school educational institutions with high-speed (more than 30 Mbit/s) wireless access to the Internet,Poltava,
2015,pre-school educational institutions with high-speed (more than 30 Mbit/s) wireless access to the Internet,Rivne,
2015,pre-school educational institutions with high-speed (more than 30 Mbit/s) wireless access to the Internet,Sumy,
2015,pre-school educational institutions with high-speed (more than 30 Mbit/s) wireless access to the Internet,Ternopil,
2015,pre-school educational institutions with high-speed (more than 30 Mbit/s) wireless access to the Internet,Kharkiv,
2015,pre-school educational institutions with high-speed (more than 30 Mbit/s) wireless access to the Internet,Kherson,
2015,pre-school educational institutions with high-speed (more than 30 Mbit/s) wireless access to the Internet,Khmelnytskiy,
2015,pre-school educational institutions with high-speed (more than 30 Mbit/s) wireless access to the Internet,Cherkasy,
2015,pre-school educational institutions with high-speed (more than 30 Mbit/s) wireless access to the Internet,Chernivtsi,
2015,pre-school educational institutions with high-speed (more than 30 Mbit/s) wireless access to the Internet,Chernihiv,
2015,pre-school educational institutions with high-speed (more than 30 Mbit/s) wireless access to the Internet,city Kyiv,
2015,pre-school educational institutions with high-speed (more than 30 Mbit/s) wireless access to the Internet,city Sevastopol,
2016,pre-school educational institutions with high-speed (more than 30 Mbit/s) wireless access to the Internet,Ukraine,
2016,pre-school educational institutions with high-speed (more than 30 Mbit/s) wireless access to the Internet,Autonomous Republic of Crimea,
2016,pre-school educational institutions with high-speed (more than 30 Mbit/s) wireless access to the Internet,Vinnytsya,
2016,pre-school educational institutions with high-speed (more than 30 Mbit/s) wireless access to the Internet,Volyn,
2016,pre-school educational institutions with high-speed (more than 30 Mbit/s) wireless access to the Internet,Dnipropetrovsk,
2016,pre-school educational institutions with high-speed (more than 30 Mbit/s) wireless access to the Internet,Donetsk,
2016,pre-school educational institutions with high-speed (more than 30 Mbit/s) wireless access to the Internet,Zhytomyr,
2016,pre-school educational institutions with high-speed (more than 30 Mbit/s) wireless access to the Internet,Zakarpattya,
2016,pre-school educational institutions with high-speed (more than 30 Mbit/s) wireless access to the Internet,Zaporizhzhya,
2016,pre-school educational institutions with high-speed (more than 30 Mbit/s) wireless access to the Internet,Ivano-Frankivsk,
2016,pre-school educational institutions with high-speed (more than 30 Mbit/s) wireless access to the Internet,Kyiv,
2016,pre-school educational institutions with high-speed (more than 30 Mbit/s) wireless access to the Internet,Kirovohrad,
2016,pre-school educational institutions with high-speed (more than 30 Mbit/s) wireless access to the Internet,Luhansk,
2016,pre-school educational institutions with high-speed (more than 30 Mbit/s) wireless access to the Internet,Lviv,
2016,pre-school educational institutions with high-speed (more than 30 Mbit/s) wireless access to the Internet,Mykolayiv,
2016,pre-school educational institutions with high-speed (more than 30 Mbit/s) wireless access to the Internet,Odesa,
2016,pre-school educational institutions with high-speed (more than 30 Mbit/s) wireless access to the Internet,Poltava,
2016,pre-school educational institutions with high-speed (more than 30 Mbit/s) wireless access to the Internet,Rivne,
2016,pre-school educational institutions with high-speed (more than 30 Mbit/s) wireless access to the Internet,Sumy,
2016,pre-school educational institutions with high-speed (more than 30 Mbit/s) wireless access to the Internet,Ternopil,
2016,pre-school educational institutions with high-speed (more than 30 Mbit/s) wireless access to the Internet,Kharkiv,
2016,pre-school educational institutions with high-speed (more than 30 Mbit/s) wireless access to the Internet,Kherson,
2016,pre-school educational institutions with high-speed (more than 30 Mbit/s) wireless access to the Internet,Khmelnytskiy,
2016,pre-school educational institutions with high-speed (more than 30 Mbit/s) wireless access to the Internet,Cherkasy,
2016,pre-school educational institutions with high-speed (more than 30 Mbit/s) wireless access to the Internet,Chernivtsi,
2016,pre-school educational institutions with high-speed (more than 30 Mbit/s) wireless access to the Internet,Chernihiv,
2016,pre-school educational institutions with high-speed (more than 30 Mbit/s) wireless access to the Internet,city Kyiv,
2016,pre-school educational institutions with high-speed (more than 30 Mbit/s) wireless access to the Internet,city Sevastopol,
2017,pre-school educational institutions with high-speed (more than 30 Mbit/s) wireless access to the Internet,Ukraine,
2017,pre-school educational institutions with high-speed (more than 30 Mbit/s) wireless access to the Internet,Autonomous Republic of Crimea,
2017,pre-school educational institutions with high-speed (more than 30 Mbit/s) wireless access to the Internet,Vinnytsya,
2017,pre-school educational institutions with high-speed (more than 30 Mbit/s) wireless access to the Internet,Volyn,
2017,pre-school educational institutions with high-speed (more than 30 Mbit/s) wireless access to the Internet,Dnipropetrovsk,
2017,pre-school educational institutions with high-speed (more than 30 Mbit/s) wireless access to the Internet,Donetsk,
2017,pre-school educational institutions with high-speed (more than 30 Mbit/s) wireless access to the Internet,Zhytomyr,
2017,pre-school educational institutions with high-speed (more than 30 Mbit/s) wireless access to the Internet,Zakarpattya,
2017,pre-school educational institutions with high-speed (more than 30 Mbit/s) wireless access to the Internet,Zaporizhzhya,
2017,pre-school educational institutions with high-speed (more than 30 Mbit/s) wireless access to the Internet,Ivano-Frankivsk,
2017,pre-school educational institutions with high-speed (more than 30 Mbit/s) wireless access to the Internet,Kyiv,
2017,pre-school educational institutions with high-speed (more than 30 Mbit/s) wireless access to the Internet,Kirovohrad,
2017,pre-school educational institutions with high-speed (more than 30 Mbit/s) wireless access to the Internet,Luhansk,
2017,pre-school educational institutions with high-speed (more than 30 Mbit/s) wireless access to the Internet,Lviv,
2017,pre-school educational institutions with high-speed (more than 30 Mbit/s) wireless access to the Internet,Mykolayiv,
2017,pre-school educational institutions with high-speed (more than 30 Mbit/s) wireless access to the Internet,Odesa,
2017,pre-school educational institutions with high-speed (more than 30 Mbit/s) wireless access to the Internet,Poltava,
2017,pre-school educational institutions with high-speed (more than 30 Mbit/s) wireless access to the Internet,Rivne,
2017,pre-school educational institutions with high-speed (more than 30 Mbit/s) wireless access to the Internet,Sumy,
2017,pre-school educational institutions with high-speed (more than 30 Mbit/s) wireless access to the Internet,Ternopil,
2017,pre-school educational institutions with high-speed (more than 30 Mbit/s) wireless access to the Internet,Kharkiv,
2017,pre-school educational institutions with high-speed (more than 30 Mbit/s) wireless access to the Internet,Kherson,
2017,pre-school educational institutions with high-speed (more than 30 Mbit/s) wireless access to the Internet,Khmelnytskiy,
2017,pre-school educational institutions with high-speed (more than 30 Mbit/s) wireless access to the Internet,Cherkasy,
2017,pre-school educational institutions with high-speed (more than 30 Mbit/s) wireless access to the Internet,Chernivtsi,
2017,pre-school educational institutions with high-speed (more than 30 Mbit/s) wireless access to the Internet,Chernihiv,
2017,pre-school educational institutions with high-speed (more than 30 Mbit/s) wireless access to the Internet,city Kyiv,
2017,pre-school educational institutions with high-speed (more than 30 Mbit/s) wireless access to the Internet,city Sevastopol,
2018,pre-school educational institutions with high-speed (more than 30 Mbit/s) wireless access to the Internet,Ukraine,
2018,pre-school educational institutions with high-speed (more than 30 Mbit/s) wireless access to the Internet,Autonomous Republic of Crimea,
2018,pre-school educational institutions with high-speed (more than 30 Mbit/s) wireless access to the Internet,Vinnytsya,
2018,pre-school educational institutions with high-speed (more than 30 Mbit/s) wireless access to the Internet,Volyn,
2018,pre-school educational institutions with high-speed (more than 30 Mbit/s) wireless access to the Internet,Dnipropetrovsk,
2018,pre-school educational institutions with high-speed (more than 30 Mbit/s) wireless access to the Internet,Donetsk,
2018,pre-school educational institutions with high-speed (more than 30 Mbit/s) wireless access to the Internet,Zhytomyr,
2018,pre-school educational institutions with high-speed (more than 30 Mbit/s) wireless access to the Internet,Zakarpattya,
2018,pre-school educational institutions with high-speed (more than 30 Mbit/s) wireless access to the Internet,Zaporizhzhya,
2018,pre-school educational institutions with high-speed (more than 30 Mbit/s) wireless access to the Internet,Ivano-Frankivsk,
2018,pre-school educational institutions with high-speed (more than 30 Mbit/s) wireless access to the Internet,Kyiv,
2018,pre-school educational institutions with high-speed (more than 30 Mbit/s) wireless access to the Internet,Kirovohrad,
2018,pre-school educational institutions with high-speed (more than 30 Mbit/s) wireless access to the Internet,Luhansk,
2018,pre-school educational institutions with high-speed (more than 30 Mbit/s) wireless access to the Internet,Lviv,
2018,pre-school educational institutions with high-speed (more than 30 Mbit/s) wireless access to the Internet,Mykolayiv,
2018,pre-school educational institutions with high-speed (more than 30 Mbit/s) wireless access to the Internet,Odesa,
2018,pre-school educational institutions with high-speed (more than 30 Mbit/s) wireless access to the Internet,Poltava,
2018,pre-school educational institutions with high-speed (more than 30 Mbit/s) wireless access to the Internet,Rivne,
2018,pre-school educational institutions with high-speed (more than 30 Mbit/s) wireless access to the Internet,Sumy,
2018,pre-school educational institutions with high-speed (more than 30 Mbit/s) wireless access to the Internet,Ternopil,
2018,pre-school educational institutions with high-speed (more than 30 Mbit/s) wireless access to the Internet,Kharkiv,
2018,pre-school educational institutions with high-speed (more than 30 Mbit/s) wireless access to the Internet,Kherson,
2018,pre-school educational institutions with high-speed (more than 30 Mbit/s) wireless access to the Internet,Khmelnytskiy,
2018,pre-school educational institutions with high-speed (more than 30 Mbit/s) wireless access to the Internet,Cherkasy,
2018,pre-school educational institutions with high-speed (more than 30 Mbit/s) wireless access to the Internet,Chernivtsi,
2018,pre-school educational institutions with high-speed (more than 30 Mbit/s) wireless access to the Internet,Chernihiv,
2018,pre-school educational institutions with high-speed (more than 30 Mbit/s) wireless access to the Internet,city Kyiv,
2018,pre-school educational institutions with high-speed (more than 30 Mbit/s) wireless access to the Internet,city Sevastopol,
2019,pre-school educational institutions with high-speed (more than 30 Mbit/s) wireless access to the Internet,Ukraine,
2019,pre-school educational institutions with high-speed (more than 30 Mbit/s) wireless access to the Internet,Autonomous Republic of Crimea,
2019,pre-school educational institutions with high-speed (more than 30 Mbit/s) wireless access to the Internet,Vinnytsya,
2019,pre-school educational institutions with high-speed (more than 30 Mbit/s) wireless access to the Internet,Volyn,
2019,pre-school educational institutions with high-speed (more than 30 Mbit/s) wireless access to the Internet,Dnipropetrovsk,
2019,pre-school educational institutions with high-speed (more than 30 Mbit/s) wireless access to the Internet,Donetsk,
2019,pre-school educational institutions with high-speed (more than 30 Mbit/s) wireless access to the Internet,Zhytomyr,
2019,pre-school educational institutions with high-speed (more than 30 Mbit/s) wireless access to the Internet,Zakarpattya,
2019,pre-school educational institutions with high-speed (more than 30 Mbit/s) wireless access to the Internet,Zaporizhzhya,
2019,pre-school educational institutions with high-speed (more than 30 Mbit/s) wireless access to the Internet,Ivano-Frankivsk,
2019,pre-school educational institutions with high-speed (more than 30 Mbit/s) wireless access to the Internet,Kyiv,
2019,pre-school educational institutions with high-speed (more than 30 Mbit/s) wireless access to the Internet,Kirovohrad,
2019,pre-school educational institutions with high-speed (more than 30 Mbit/s) wireless access to the Internet,Luhansk,
2019,pre-school educational institutions with high-speed (more than 30 Mbit/s) wireless access to the Internet,Lviv,
2019,pre-school educational institutions with high-speed (more than 30 Mbit/s) wireless access to the Internet,Mykolayiv,
2019,pre-school educational institutions with high-speed (more than 30 Mbit/s) wireless access to the Internet,Odesa,
2019,pre-school educational institutions with high-speed (more than 30 Mbit/s) wireless access to the Internet,Poltava,
2019,pre-school educational institutions with high-speed (more than 30 Mbit/s) wireless access to the Internet,Rivne,
2019,pre-school educational institutions with high-speed (more than 30 Mbit/s) wireless access to the Internet,Sumy,
2019,pre-school educational institutions with high-speed (more than 30 Mbit/s) wireless access to the Internet,Ternopil,
2019,pre-school educational institutions with high-speed (more than 30 Mbit/s) wireless access to the Internet,Kharkiv,
2019,pre-school educational institutions with high-speed (more than 30 Mbit/s) wireless access to the Internet,Kherson,
2019,pre-school educational institutions with high-speed (more than 30 Mbit/s) wireless access to the Internet,Khmelnytskiy,
2019,pre-school educational institutions with high-speed (more than 30 Mbit/s) wireless access to the Internet,Cherkasy,
2019,pre-school educational institutions with high-speed (more than 30 Mbit/s) wireless access to the Internet,Chernivtsi,
2019,pre-school educational institutions with high-speed (more than 30 Mbit/s) wireless access to the Internet,Chernihiv,
2019,pre-school educational institutions with high-speed (more than 30 Mbit/s) wireless access to the Internet,city Kyiv,
2019,pre-school educational institutions with high-speed (more than 30 Mbit/s) wireless access to the Internet,city Sevastopol,
2020,pre-school educational institutions with high-speed (more than 30 Mbit/s) wireless access to the Internet,Ukraine,
2020,pre-school educational institutions with high-speed (more than 30 Mbit/s) wireless access to the Internet,Autonomous Republic of Crimea,
2020,pre-school educational institutions with high-speed (more than 30 Mbit/s) wireless access to the Internet,Vinnytsya,
2020,pre-school educational institutions with high-speed (more than 30 Mbit/s) wireless access to the Internet,Volyn,
2020,pre-school educational institutions with high-speed (more than 30 Mbit/s) wireless access to the Internet,Dnipropetrovsk,
2020,pre-school educational institutions with high-speed (more than 30 Mbit/s) wireless access to the Internet,Donetsk,
2020,pre-school educational institutions with high-speed (more than 30 Mbit/s) wireless access to the Internet,Zhytomyr,
2020,pre-school educational institutions with high-speed (more than 30 Mbit/s) wireless access to the Internet,Zakarpattya,
2020,pre-school educational institutions with high-speed (more than 30 Mbit/s) wireless access to the Internet,Zaporizhzhya,
2020,pre-school educational institutions with high-speed (more than 30 Mbit/s) wireless access to the Internet,Ivano-Frankivsk,
2020,pre-school educational institutions with high-speed (more than 30 Mbit/s) wireless access to the Internet,Kyiv,
2020,pre-school educational institutions with high-speed (more than 30 Mbit/s) wireless access to the Internet,Kirovohrad,
2020,pre-school educational institutions with high-speed (more than 30 Mbit/s) wireless access to the Internet,Luhansk,
2020,pre-school educational institutions with high-speed (more than 30 Mbit/s) wireless access to the Internet,Lviv,
2020,pre-school educational institutions with high-speed (more than 30 Mbit/s) wireless access to the Internet,Mykolayiv,
2020,pre-school educational institutions with high-speed (more than 30 Mbit/s) wireless access to the Internet,Odesa,
2020,pre-school educational institutions with high-speed (more than 30 Mbit/s) wireless access to the Internet,Poltava,
2020,pre-school educational institutions with high-speed (more than 30 Mbit/s) wireless access to the Internet,Rivne,
2020,pre-school educational institutions with high-speed (more than 30 Mbit/s) wireless access to the Internet,Sumy,
2020,pre-school educational institutions with high-speed (more than 30 Mbit/s) wireless access to the Internet,Ternopil,
2020,pre-school educational institutions with high-speed (more than 30 Mbit/s) wireless access to the Internet,Kharkiv,
2020,pre-school educational institutions with high-speed (more than 30 Mbit/s) wireless access to the Internet,Kherson,
2020,pre-school educational institutions with high-speed (more than 30 Mbit/s) wireless access to the Internet,Khmelnytskiy,
2020,pre-school educational institutions with high-speed (more than 30 Mbit/s) wireless access to the Internet,Cherkasy,
2020,pre-school educational institutions with high-speed (more than 30 Mbit/s) wireless access to the Internet,Chernivtsi,
2020,pre-school educational institutions with high-speed (more than 30 Mbit/s) wireless access to the Internet,Chernihiv,
2020,pre-school educational institutions with high-speed (more than 30 Mbit/s) wireless access to the Internet,city Kyiv,
2020,pre-school educational institutions with high-speed (more than 30 Mbit/s) wireless access to the Internet,city Sevastopol,
2021,pre-school educational institutions with high-speed (more than 30 Mbit/s) wireless access to the Internet,Ukraine,
2021,pre-school educational institutions with high-speed (more than 30 Mbit/s) wireless access to the Internet,Autonomous Republic of Crimea,
2021,pre-school educational institutions with high-speed (more than 30 Mbit/s) wireless access to the Internet,Vinnytsya,
2021,pre-school educational institutions with high-speed (more than 30 Mbit/s) wireless access to the Internet,Volyn,
2021,pre-school educational institutions with high-speed (more than 30 Mbit/s) wireless access to the Internet,Dnipropetrovsk,
2021,pre-school educational institutions with high-speed (more than 30 Mbit/s) wireless access to the Internet,Donetsk,
2021,pre-school educational institutions with high-speed (more than 30 Mbit/s) wireless access to the Internet,Zhytomyr,
2021,pre-school educational institutions with high-speed (more than 30 Mbit/s) wireless access to the Internet,Zakarpattya,
2021,pre-school educational institutions with high-speed (more than 30 Mbit/s) wireless access to the Internet,Zaporizhzhya,
2021,pre-school educational institutions with high-speed (more than 30 Mbit/s) wireless access to the Internet,Ivano-Frankivsk,
2021,pre-school educational institutions with high-speed (more than 30 Mbit/s) wireless access to the Internet,Kyiv,
2021,pre-school educational institutions with high-speed (more than 30 Mbit/s) wireless access to the Internet,Kirovohrad,
2021,pre-school educational institutions with high-speed (more than 30 Mbit/s) wireless access to the Internet,Luhansk,
2021,pre-school educational institutions with high-speed (more than 30 Mbit/s) wireless access to the Internet,Lviv,
2021,pre-school educational institutions with high-speed (more than 30 Mbit/s) wireless access to the Internet,Mykolayiv,
2021,pre-school educational institutions with high-speed (more than 30 Mbit/s) wireless access to the Internet,Odesa,
2021,pre-school educational institutions with high-speed (more than 30 Mbit/s) wireless access to the Internet,Poltava,
2021,pre-school educational institutions with high-speed (more than 30 Mbit/s) wireless access to the Internet,Rivne,
2021,pre-school educational institutions with high-speed (more than 30 Mbit/s) wireless access to the Internet,Sumy,
2021,pre-school educational institutions with high-speed (more than 30 Mbit/s) wireless access to the Internet,Ternopil,
2021,pre-school educational institutions with high-speed (more than 30 Mbit/s) wireless access to the Internet,Kharkiv,
2021,pre-school educational institutions with high-speed (more than 30 Mbit/s) wireless access to the Internet,Kherson,
2021,pre-school educational institutions with high-speed (more than 30 Mbit/s) wireless access to the Internet,Khmelnytskiy,
2021,pre-school educational institutions with high-speed (more than 30 Mbit/s) wireless access to the Internet,Cherkasy,
2021,pre-school educational institutions with high-speed (more than 30 Mbit/s) wireless access to the Internet,Chernivtsi,
2021,pre-school educational institutions with high-speed (more than 30 Mbit/s) wireless access to the Internet,Chernihiv,
2021,pre-school educational institutions with high-speed (more than 30 Mbit/s) wireless access to the Internet,city Kyiv,
2021,pre-school educational institutions with high-speed (more than 30 Mbit/s) wireless access to the Internet,city Sevastopol,
2022,pre-school educational institutions with high-speed (more than 30 Mbit/s) wireless access to the Internet,Ukraine,30.75
2022,pre-school educational institutions with high-speed (more than 30 Mbit/s) wireless access to the Internet,Autonomous Republic of Crimea,
2022,pre-school educational institutions with high-speed (more than 30 Mbit/s) wireless access to the Internet,Vinnytsya,30.34
2022,pre-school educational institutions with high-speed (more than 30 Mbit/s) wireless access to the Internet,Volyn,29.07
2022,pre-school educational institutions with high-speed (more than 30 Mbit/s) wireless access to the Internet,Dnipropetrovsk,33.26
2022,pre-school educational institutions with high-speed (more than 30 Mbit/s) wireless access to the Internet,Donetsk,35.1
2022,pre-school educational institutions with high-speed (more than 30 Mbit/s) wireless access to the Internet,Zhytomyr,39.94
2022,pre-school educational institutions with high-speed (more than 30 Mbit/s) wireless access to the Internet,Zakarpattya,42.26
2022,pre-school educational institutions with high-speed (more than 30 Mbit/s) wireless access to the Internet,Zaporizhzhya,17.2
2022,pre-school educational institutions with high-speed (more than 30 Mbit/s) wireless access to the Internet,Ivano-Frankivsk,30.9
2022,pre-school educational institutions with high-speed (more than 30 Mbit/s) wireless access to the Internet,Kyiv,41.58
2022,pre-school educational institutions with high-speed (more than 30 Mbit/s) wireless access to the Internet,Kirovohrad,28.41
2022,pre-school educational institutions with high-speed (more than 30 Mbit/s) wireless access to the Internet,Luhansk,0.0
2022,pre-school educational institutions with high-speed (more than 30 Mbit/s) wireless access to the Internet,Lviv,35.52
2022,pre-school educational institutions with high-speed (more than 30 Mbit/s) wireless access to the Internet,Mykolayiv,17.25
2022,pre-school educational institutions with high-speed (more than 30 Mbit/s) wireless access to the Internet,Odesa,13.38
2022,pre-school educational institutions with high-speed (more than 30 Mbit/s) wireless access to the Internet,Poltava,37.4
2022,pre-school educational institutions with high-speed (more than 30 Mbit/s) wireless access to the Internet,Rivne,26.45
2022,pre-school educational institutions with high-speed (more than 30 Mbit/s) wireless access to the Internet,Sumy,12.5
2022,pre-school educational institutions with high-speed (more than 30 Mbit/s) wireless access to the Internet,Ternopil,18.97
2022,pre-school educational institutions with high-speed (more than 30 Mbit/s) wireless access to the Internet,Kharkiv,27.2
2022,pre-school educational institutions with high-speed (more than 30 Mbit/s) wireless access to the Internet,Kherson,18.54
2022,pre-school educational institutions with high-speed (more than 30 Mbit/s) wireless access to the Internet,Khmelnytskiy,33.72
2022,pre-school educational institutions with high-speed (more than 30 Mbit/s) wireless access to the Internet,Cherkasy,31.69
2022,pre-school educational institutions with high-speed (more than 30 Mbit/s) wireless access to the Internet,Chernivtsi,7.69
2022,pre-school educational institutions with high-speed (more than 30 Mbit/s) wireless access to the Internet,Chernihiv,19.15
2022,pre-school educational institutions with high-speed (more than 30 Mbit/s) wireless access to the Internet,city Kyiv,69.02
2022,pre-school educational institutions with high-speed (more than 30 Mbit/s) wireless access to the Internet,city Sevastopol,
2023,pre-school educational institutions with high-speed (more than 30 Mbit/s) wireless access to the Internet,Ukraine,36.09
2023,pre-school educational institutions with high-speed (more than 30 Mbit/s) wireless access to the Internet,Autonomous Republic of Crimea,
2023,pre-school educational institutions with high-speed (more than 30 Mbit/s) wireless access to the Internet,Vinnytsya,39.73
2023,pre-school educational institutions with high-speed (more than 30 Mbit/s) wireless access to the Internet,Volyn,32.43
2023,pre-school educational institutions with high-speed (more than 30 Mbit/s) wireless access to the Internet,Dnipropetrovsk,40.39
2023,pre-school educational institutions with high-speed (more than 30 Mbit/s) wireless access to the Internet,Donetsk,35.71
2023,pre-school educational institutions with high-speed (more than 30 Mbit/s) wireless access to the Internet,Zhytomyr,41.13
2023,pre-school educational institutions with high-speed (more than 30 Mbit/s) wireless access to the Internet,Zakarpattya,45.24
2023,pre-school educational institutions with high-speed (more than 30 Mbit/s) wireless access to the Internet,Zaporizhzhya,17.24
2023,pre-school educational institutions with high-speed (more than 30 Mbit/s) wireless access to the Internet,Ivano-Frankivsk,35.96
2023,pre-school educational institutions with high-speed (more than 30 Mbit/s) wireless access to the Internet,Kyiv,45.66
2023,pre-school educational institutions with high-speed (more than 30 Mbit/s) wireless access to the Internet,Kirovohrad,37.41
2023,pre-school educational institutions with high-speed (more than 30 Mbit/s) wireless access to the Internet,Luhansk,0.0
2023,pre-school educational institutions with high-speed (more than 30 Mbit/s) wireless access to the Internet,Lviv,41.45
2023,pre-school educational institutions with high-speed (more than 30 Mbit/s) wireless access to the Internet,Mykolayiv,18.79
2023,pre-school educational institutions with high-speed (more than 30 Mbit/s) wireless access to the Internet,Odesa,26.68
2023,pre-school educational institutions with high-speed (more than 30 Mbit/s) wireless access to the Internet,Poltava,42.47
2023,pre-school educational institutions with high-speed (more than 30 Mbit/s) wireless access to the Internet,Rivne,30.25
2023,pre-school educational institutions with high-speed (more than 30 Mbit/s) wireless access to the Internet,Sumy,19.28
2023,pre-school educational institutions with high-speed (more than 30 Mbit/s) wireless access to the Internet,Ternopil,23.79
2023,pre-school educational institutions with high-speed (more than 30 Mbit/s) wireless access to the Internet,Kharkiv,30.61
2023,pre-school educational institutions with high-speed (more than 30 Mbit/s) wireless access to the Internet,Kherson,18.18
2023,pre-school educational institutions with high-speed (more than 30 Mbit/s) wireless access to the Internet,Khmelnytskiy,38.1
2023,pre-school educational institutions with high-speed (more than 30 Mbit/s) wireless access to the Internet,Cherkasy,41.88
2023,pre-school educational institutions with high-speed (more than 30 Mbit/s) wireless access to the Internet,Chernivtsi,7.42
2023,pre-school educational institutions with high-speed (more than 30 Mbit/s) wireless access to the Internet,Chernihiv,24.8
2023,pre-school educational institutions with high-speed (more than 30 Mbit/s) wireless access to the Internet,city Kyiv,71.2
2023,pre-school educational institutions with high-speed (more than 30 Mbit/s) wireless access to the Internet,city Sevastopol,
2024,pre-school educational institutions with high-speed (more than 30 Mbit/s) wireless access to the Internet,Ukraine,39.89
2024,pre-school educational institutions with high-speed (more than 30 Mbit/s) wireless access to the Internet,Autonomous Republic of Crimea,
2024,pre-school educational institutions with high-speed (more than 30 Mbit/s) wireless access to the Internet,Vinnytsya,40.55
2024,pre-school educational institutions with high-speed (more than 30 Mbit/s) wireless access to the Internet,Volyn,34.52
2024,pre-school educational institutions with high-speed (more than 30 Mbit/s) wireless access to the Internet,Dnipropetrovsk,37.81
2024,pre-school educational institutions with high-speed (more than 30 Mbit/s) wireless access to the Internet,Donetsk,42.49
2024,pre-school educational institutions with high-speed (more than 30 Mbit/s) wireless access to the Internet,Zhytomyr,44.06
2024,pre-school educational institutions with high-speed (more than 30 Mbit/s) wireless access to the Internet,Zakarpattya,51.38
2024,pre-school educational institutions with high-speed (more than 30 Mbit/s) wireless access to the Internet,Zaporizhzhya,29.17
2024,pre-school educational institutions with high-speed (more than 30 Mbit/s) wireless access to the Internet,Ivano-Frankivsk,37.36
2024,pre-school educational institutions with high-speed (more than 30 Mbit/s) wireless access to the Internet,Kyiv,50.94
2024,pre-school educational institutions with high-speed (more than 30 Mbit/s) wireless access to the Internet,Kirovohrad,40.14
2024,pre-school educational institutions with high-speed (more than 30 Mbit/s) wireless access to the Internet,Luhansk,14.29
2024,pre-school educational institutions with high-speed (more than 30 Mbit/s) wireless access to the Internet,Lviv,44.05
2024,pre-school educational institutions with high-speed (more than 30 Mbit/s) wireless access to the Internet,Mykolayiv,22.3
2024,pre-school educational institutions with high-speed (more than 30 Mbit/s) wireless access to the Internet,Odesa,31.99
2024,pre-school educational institutions with high-speed (more than 30 Mbit/s) wireless access to the Internet,Poltava,46.07
2024,pre-school educational institutions with high-speed (more than 30 Mbit/s) wireless access to the Internet,Rivne,34.73
2024,pre-school educational institutions with high-speed (more than 30 Mbit/s) wireless access to the Internet,Sumy,28.63
2024,pre-school educational institutions with high-speed (more than 30 Mbit/s) wireless access to the Internet,Ternopil,24.48
2024,pre-school educational institutions with high-speed (more than 30 Mbit/s) wireless access to the Internet,Kharkiv,31.69
2024,pre-school educational institutions with high-speed (more than 30 Mbit/s) wireless access to the Internet,Kherson,11.93
2024,pre-school educational institutions with high-speed (more than 30 Mbit/s) wireless access to the Internet,Khmelnytskiy,38.98
2024,pre-school educational institutions with high-speed (more than 30 Mbit/s) wireless access to the Internet,Cherkasy,49.43
2024,pre-school educational institutions with high-speed (more than 30 Mbit/s) wireless access to the Internet,Chernivtsi,10.74
2024,pre-school educational institutions with high-speed (more than 30 Mbit/s) wireless access to the Internet,Chernihiv,26.49
2024,pre-school educational institutions with high-speed (more than 30 Mbit/s) wireless access to the Internet,city Kyiv,76.89
2024,pre-school educational institutions with high-speed (more than 30 Mbit/s) wireless access to the Internet,city Sevastopol,
2025,pre-school educational institutions with high-speed (more than 30 Mbit/s) wireless access to the Internet,Ukraine,44.64
2025,pre-school educational institutions with high-speed (more than 30 Mbit/s) wireless access to the Internet,Autonomous Republic of Crimea,
2025,pre-school educational institutions with high-speed (more than 30 Mbit/s) wireless access to the Internet,Vinnytsya,37.97
2025,pre-school educational institutions with high-speed (more than 30 Mbit/s) wireless access to the Internet,Volyn,40.3
2025,pre-school educational institutions with high-speed (more than 30 Mbit/s) wireless access to the Internet,Dnipropetrovsk,53.31
2025,pre-school educational institutions with high-speed (more than 30 Mbit/s) wireless access to the Internet,Donetsk,22.82
2025,pre-school educational institutions with high-speed (more than 30 Mbit/s) wireless access to the Internet,Zhytomyr,50.18
2025,pre-school educational institutions with high-speed (more than 30 Mbit/s) wireless access to the Internet,Zakarpattya,53.72
2025,pre-school educational institutions with high-speed (more than 30 Mbit/s) wireless access to the Internet,Zaporizhzhya,29.32
2025,pre-school educational institutions with high-speed (more than 30 Mbit/s) wireless access to the Internet,Ivano-Frankivsk,44.82
2025,pre-school educational institutions with high-speed (more than 30 Mbit/s) wireless access to the Internet,Kyiv,54.27
2025,pre-school educational institutions with high-speed (more than 30 Mbit/s) wireless access to the Internet,Kirovohrad,41.5
2025,pre-school educational institutions with high-speed (more than 30 Mbit/s) wireless access to the Internet,Luhansk,14.29
2025,pre-school educational institutions with high-speed (more than 30 Mbit/s) wireless access to the Internet,Lviv,55.43
2025,pre-school educational institutions with high-speed (more than 30 Mbit/s) wireless access to the Internet,Mykolayiv,20.05
2025,pre-school educational institutions with high-speed (more than 30 Mbit/s) wireless access to the Internet,Odesa,41.33
2025,pre-school educational institutions with high-speed (more than 30 Mbit/s) wireless access to the Internet,Poltava,52.44
2025,pre-school educational institutions with high-speed (more than 30 Mbit/s) wireless access to the Internet,Rivne,33.53
2025,pre-school educational institutions with high-speed (more than 30 Mbit/s) wireless access to the Internet,Sumy,51.51
2025,pre-school educational institutions with high-speed (more than 30 Mbit/s) wireless access to the Internet,Ternopil,30.66
2025,pre-school educational institutions with high-speed (more than 30 Mbit/s) wireless access to the Internet,Kharkiv,36.82
2025,pre-school educational institutions with high-speed (more than 30 Mbit/s) wireless access to the Internet,Kherson,12.17
2025,pre-school educational institutions with high-speed (more than 30 Mbit/s) wireless access to the Internet,Khmelnytskiy,45.45
2025,pre-school educational institutions with high-speed (more than 30 Mbit/s) wireless access to the Internet,Cherkasy,57.2
2025,pre-school educational institutions with high-speed (more than 30 Mbit/s) wireless access to the Internet,Chernivtsi,23.81
2025,pre-school educational institutions with high-speed (more than 30 Mbit/s) wireless access to the Internet,Chernihiv,36.28
2025,pre-school educational institutions with high-speed (more than 30 Mbit/s) wireless access to the Internet,city Kyiv,79.86
2025,pre-school educational institutions with high-speed (more than 30 Mbit/s) wireless access to the Internet,city Sevastopol,
2015,pre-school educational institutions with high-speed (more than 30 Mbit/s) wired or wireless access to the Internet,Ukraine,
2015,pre-school educational institutions with high-speed (more than 30 Mbit/s) wired or wireless access to the Internet,Autonomous Republic of Crimea,
2015,pre-school educational institutions with high-speed (more than 30 Mbit/s) wired or wireless access to the Internet,Vinnytsya,
2015,pre-school educational institutions with high-speed (more than 30 Mbit/s) wired or wireless access to the Internet,Volyn,
2015,pre-school educational institutions with high-speed (more than 30 Mbit/s) wired or wireless access to the Internet,Dnipropetrovsk,
2015,pre-school educational institutions with high-speed (more than 30 Mbit/s) wired or wireless access to the Internet,Donetsk,
2015,pre-school educational institutions with high-speed (more than 30 Mbit/s) wired or wireless access to the Internet,Zhytomyr,
2015,pre-school educational institutions with high-speed (more than 30 Mbit/s) wired or wireless access to the Internet,Zakarpattya,
2015,pre-school educational institutions with high-speed (more than 30 Mbit/s) wired or wireless access to the Internet,Zaporizhzhya,
2015,pre-school educational institutions with high-speed (more than 30 Mbit/s) wired or wireless access to the Internet,Ivano-Frankivsk,
2015,pre-school educational institutions with high-speed (more than 30 Mbit/s) wired or wireless access to the Internet,Kyiv,
2015,pre-school educational institutions with high-speed (more than 30 Mbit/s) wired or wireless access to the Internet,Kirovohrad,
2015,pre-school educational institutions with high-speed (more than 30 Mbit/s) wired or wireless access to the Internet,Luhansk,
2015,pre-school educational institutions with high-speed (more than 30 Mbit/s) wired or wireless access to the Internet,Lviv,
2015,pre-school educational institutions with high-speed (more than 30 Mbit/s) wired or wireless access to the Internet,Mykolayiv,
2015,pre-school educational institutions with high-speed (more than 30 Mbit/s) wired or wireless access to the Internet,Odesa,
2015,pre-school educational institutions with high-speed (more than 30 Mbit/s) wired or wireless access to the Internet,Poltava,
2015,pre-school educational institutions with high-speed (more than 30 Mbit/s) wired or wireless access to the Internet,Rivne,
2015,pre-school educational institutions with high-speed (more than 30 Mbit/s) wired or wireless access to the Internet,Sumy,
2015,pre-school educational institutions with high-speed (more than 30 Mbit/s) wired or wireless access to the Internet,Ternopil,
2015,pre-school educational institutions with high-speed (more than 30 Mbit/s) wired or wireless access to the Internet,Kharkiv,
2015,pre-school educational institutions with high-speed (more than 30 Mbit/s) wired or wireless access to the Internet,Kherson,
2015,pre-school educational institutions with high-speed (more than 30 Mbit/s) wired or wireless access to the Internet,Khmelnytskiy,
2015,pre-school educational institutions with high-speed (more than 30 Mbit/s) wired or wireless access to the Internet,Cherkasy,
2015,pre-school educational institutions with high-speed (more than 30 Mbit/s) wired or wireless access to the Internet,Chernivtsi,
2015,pre-school educational institutions with high-speed (more than 30 Mbit/s) wired or wireless access to the Internet,Chernihiv,
2015,pre-school educational institutions with high-speed (more than 30 Mbit/s) wired or wireless access to the Internet,city Kyiv,
2015,pre-school educational institutions with high-speed (more than 30 Mbit/s) wired or wireless access to the Internet,city Sevastopol,
2016,pre-school educational institutions with high-speed (more than 30 Mbit/s) wired or wireless access to the Internet,Ukraine,
2016,pre-school educational institutions with high-speed (more than 30 Mbit/s) wired or wireless access to the Internet,Autonomous Republic of Crimea,
2016,pre-school educational institutions with high-speed (more than 30 Mbit/s) wired or wireless access to the Internet,Vinnytsya,
2016,pre-school educational institutions with high-speed (more than 30 Mbit/s) wired or wireless access to the Internet,Volyn,
2016,pre-school educational institutions with high-speed (more than 30 Mbit/s) wired or wireless access to the Internet,Dnipropetrovsk,
2016,pre-school educational institutions with high-speed (more than 30 Mbit/s) wired or wireless access to the Internet,Donetsk,
2016,pre-school educational institutions with high-speed (more than 30 Mbit/s) wired or wireless access to the Internet,Zhytomyr,
2016,pre-school educational institutions with high-speed (more than 30 Mbit/s) wired or wireless access to the Internet,Zakarpattya,
2016,pre-school educational institutions with high-speed (more than 30 Mbit/s) wired or wireless access to the Internet,Zaporizhzhya,
2016,pre-school educational institutions with high-speed (more than 30 Mbit/s) wired or wireless access to the Internet,Ivano-Frankivsk,
2016,pre-school educational institutions with high-speed (more than 30 Mbit/s) wired or wireless access to the Internet,Kyiv,
2016,pre-school educational institutions with high-speed (more than 30 Mbit/s) wired or wireless access to the Internet,Kirovohrad,
2016,pre-school educational institutions with high-speed (more than 30 Mbit/s) wired or wireless access to the Internet,Luhansk,
2016,pre-school educational institutions with high-speed (more than 30 Mbit/s) wired or wireless access to the Internet,Lviv,
2016,pre-school educational institutions with high-speed (more than 30 Mbit/s) wired or wireless access to the Internet,Mykolayiv,
2016,pre-school educational institutions with high-speed (more than 30 Mbit/s) wired or wireless access to the Internet,Odesa,
2016,pre-school educational institutions with high-speed (more than 30 Mbit/s) wired or wireless access to the Internet,Poltava,
2016,pre-school educational institutions with high-speed (more than 30 Mbit/s) wired or wireless access to the Internet,Rivne,
2016,pre-school educational institutions with high-speed (more than 30 Mbit/s) wired or wireless access to the Internet,Sumy,
2016,pre-school educational institutions with high-speed (more than 30 Mbit/s) wired or wireless access to the Internet,Ternopil,
2016,pre-school educational institutions with high-speed (more than 30 Mbit/s) wired or wireless access to the Internet,Kharkiv,
2016,pre-school educational institutions with high-speed (more than 30 Mbit/s) wired or wireless access to the Internet,Kherson,
2016,pre-school educational institutions with high-speed (more than 30 Mbit/s) wired or wireless access to the Internet,Khmelnytskiy,
2016,pre-school educational institutions with high-speed (more than 30 Mbit/s) wired or wireless access to the Internet,Cherkasy,
2016,pre-school educational institutions with high-speed (more than 30 Mbit/s) wired or wireless access to the Internet,Chernivtsi,
2016,pre-school educational institutions with high-speed (more than 30 Mbit/s) wired or wireless access to the Internet,Chernihiv,
2016,pre-school educational institutions with high-speed (more than 30 Mbit/s) wired or wireless access to the Internet,city Kyiv,
2016,pre-school educational institutions with high-speed (more than 30 Mbit/s) wired or wireless access to the Internet,city Sevastopol,
2017,pre-school educational institutions with high-speed (more than 30 Mbit/s) wired or wireless access to the Internet,Ukraine,
2017,pre-school educational institutions with high-speed (more than 30 Mbit/s) wired or wireless access to the Internet,Autonomous Republic of Crimea,
2017,pre-school educational institutions with high-speed (more than 30 Mbit/s) wired or wireless access to the Internet,Vinnytsya,
2017,pre-school educational institutions with high-speed (more than 30 Mbit/s) wired or wireless access to the Internet,Volyn,
2017,pre-school educational institutions with high-speed (more than 30 Mbit/s) wired or wireless access to the Internet,Dnipropetrovsk,
2017,pre-school educational institutions with high-speed (more than 30 Mbit/s) wired or wireless access to the Internet,Donetsk,
2017,pre-school educational institutions with high-speed (more than 30 Mbit/s) wired or wireless access to the Internet,Zhytomyr,
2017,pre-school educational institutions with high-speed (more than 30 Mbit/s) wired or wireless access to the Internet,Zakarpattya,
2017,pre-school educational institutions with high-speed (more than 30 Mbit/s) wired or wireless access to the Internet,Zaporizhzhya,
2017,pre-school educational institutions with high-speed (more than 30 Mbit/s) wired or wireless access to the Internet,Ivano-Frankivsk,
2017,pre-school educational institutions with high-speed (more than 30 Mbit/s) wired or wireless access to the Internet,Kyiv,
2017,pre-school educational institutions with high-speed (more than 30 Mbit/s) wired or wireless access to the Internet,Kirovohrad,
2017,pre-school educational institutions with high-speed (more than 30 Mbit/s) wired or wireless access to the Internet,Luhansk,
2017,pre-school educational institutions with high-speed (more than 30 Mbit/s) wired or wireless access to the Internet,Lviv,
2017,pre-school educational institutions with high-speed (more than 30 Mbit/s) wired or wireless access to the Internet,Mykolayiv,
2017,pre-school educational institutions with high-speed (more than 30 Mbit/s) wired or wireless access to the Internet,Odesa,
2017,pre-school educational institutions with high-speed (more than 30 Mbit/s) wired or wireless access to the Internet,Poltava,
2017,pre-school educational institutions with high-speed (more than 30 Mbit/s) wired or wireless access to the Internet,Rivne,
2017,pre-school educational institutions with high-speed (more than 30 Mbit/s) wired or wireless access to the Internet,Sumy,
2017,pre-school educational institutions with high-speed (more than 30 Mbit/s) wired or wireless access to the Internet,Ternopil,
2017,pre-school educational institutions with high-speed (more than 30 Mbit/s) wired or wireless access to the Internet,Kharkiv,
2017,pre-school educational institutions with high-speed (more than 30 Mbit/s) wired or wireless access to the Internet,Kherson,
2017,pre-school educational institutions with high-speed (more than 30 Mbit/s) wired or wireless access to the Internet,Khmelnytskiy,
2017,pre-school educational institutions with high-speed (more than 30 Mbit/s) wired or wireless access to the Internet,Cherkasy,
2017,pre-school educational institutions with high-speed (more than 30 Mbit/s) wired or wireless access to the Internet,Chernivtsi,
2017,pre-school educational institutions with high-speed (more than 30 Mbit/s) wired or wireless access to the Internet,Chernihiv,
2017,pre-school educational institutions with high-speed (more than 30 Mbit/s) wired or wireless access to the Internet,city Kyiv,
2017,pre-school educational institutions with high-speed (more than 30 Mbit/s) wired or wireless access to the Internet,city Sevastopol,
2018,pre-school educational institutions with high-speed (more than 30 Mbit/s) wired or wireless access to the Internet,Ukraine,
2018,pre-school educational institutions with high-speed (more than 30 Mbit/s) wired or wireless access to the Internet,Autonomous Republic of Crimea,
2018,pre-school educational institutions with high-speed (more than 30 Mbit/s) wired or wireless access to the Internet,Vinnytsya,
2018,pre-school educational institutions with high-speed (more than 30 Mbit/s) wired or wireless access to the Internet,Volyn,
2018,pre-school educational institutions with high-speed (more than 30 Mbit/s) wired or wireless access to the Internet,Dnipropetrovsk,
2018,pre-school educational institutions with high-speed (more than 30 Mbit/s) wired or wireless access to the Internet,Donetsk,
2018,pre-school educational institutions with high-speed (more than 30 Mbit/s) wired or wireless access to the Internet,Zhytomyr,
2018,pre-school educational institutions with high-speed (more than 30 Mbit/s) wired or wireless access to the Internet,Zakarpattya,
2018,pre-school educational institutions with high-speed (more than 30 Mbit/s) wired or wireless access to the Internet,Zaporizhzhya,
2018,pre-school educational institutions with high-speed (more than 30 Mbit/s) wired or wireless access to the Internet,Ivano-Frankivsk,
2018,pre-school educational institutions with high-speed (more than 30 Mbit/s) wired or wireless access to the Internet,Kyiv,
2018,pre-school educational institutions with high-speed (more than 30 Mbit/s) wired or wireless access to the Internet,Kirovohrad,
2018,pre-school educational institutions with high-speed (more than 30 Mbit/s) wired or wireless access to the Internet,Luhansk,
2018,pre-school educational institutions with high-speed (more than 30 Mbit/s) wired or wireless access to the Internet,Lviv,
2018,pre-school educational institutions with high-speed (more than 30 Mbit/s) wired or wireless access to the Internet,Mykolayiv,
2018,pre-school educational institutions with high-speed (more than 30 Mbit/s) wired or wireless access to the Internet,Odesa,
2018,pre-school educational institutions with high-speed (more than 30 Mbit/s) wired or wireless access to the Internet,Poltava,
2018,pre-school educational institutions with high-speed (more than 30 Mbit/s) wired or wireless access to the Internet,Rivne,
2018,pre-school educational institutions with high-speed (more than 30 Mbit/s) wired or wireless access to the Internet,Sumy,
2018,pre-school educational institutions with high-speed (more than 30 Mbit/s) wired or wireless access to the Internet,Ternopil,
2018,pre-school educational institutions with high-speed (more than 30 Mbit/s) wired or wireless access to the Internet,Kharkiv,
2018,pre-school educational institutions with high-speed (more than 30 Mbit/s) wired or wireless access to the Internet,Kherson,
2018,pre-school educational institutions with high-speed (more than 30 Mbit/s) wired or wireless access to the Internet,Khmelnytskiy,
2018,pre-school educational institutions with high-speed (more than 30 Mbit/s) wired or wireless access to the Internet,Cherkasy,
2018,pre-school educational institutions with high-speed (more than 30 Mbit/s) wired or wireless access to the Internet,Chernivtsi,
2018,pre-school educational institutions with high-speed (more than 30 Mbit/s) wired or wireless access to the Internet,Chernihiv,
2018,pre-school educational institutions with high-speed (more than 30 Mbit/s) wired or wireless access to the Internet,city Kyiv,
2018,pre-school educational institutions with high-speed (more than 30 Mbit/s) wired or wireless access to the Internet,city Sevastopol,
2019,pre-school educational institutions with high-speed (more than 30 Mbit/s) wired or wireless access to the Internet,Ukraine,
2019,pre-school educational institutions with high-speed (more than 30 Mbit/s) wired or wireless access to the Internet,Autonomous Republic of Crimea,
2019,pre-school educational institutions with high-speed (more than 30 Mbit/s) wired or wireless access to the Internet,Vinnytsya,
2019,pre-school educational institutions with high-speed (more than 30 Mbit/s) wired or wireless access to the Internet,Volyn,
2019,pre-school educational institutions with high-speed (more than 30 Mbit/s) wired or wireless access to the Internet,Dnipropetrovsk,
2019,pre-school educational institutions with high-speed (more than 30 Mbit/s) wired or wireless access to the Internet,Donetsk,
2019,pre-school educational institutions with high-speed (more than 30 Mbit/s) wired or wireless access to the Internet,Zhytomyr,
2019,pre-school educational institutions with high-speed (more than 30 Mbit/s) wired or wireless access to the Internet,Zakarpattya,
2019,pre-school educational institutions with high-speed (more than 30 Mbit/s) wired or wireless access to the Internet,Zaporizhzhya,
2019,pre-school educational institutions with high-speed (more than 30 Mbit/s) wired or wireless access to the Internet,Ivano-Frankivsk,
2019,pre-school educational institutions with high-speed (more than 30 Mbit/s) wired or wireless access to the Internet,Kyiv,
2019,pre-school educational institutions with high-speed (more than 30 Mbit/s) wired or wireless access to the Internet,Kirovohrad,
2019,pre-school educational institutions with high-speed (more than 30 Mbit/s) wired or wireless access to the Internet,Luhansk,
2019,pre-school educational institutions with high-speed (more than 30 Mbit/s) wired or wireless access to the Internet,Lviv,
2019,pre-school educational institutions with high-speed (more than 30 Mbit/s) wired or wireless access to the Internet,Mykolayiv,
2019,pre-school educational institutions with high-speed (more than 30 Mbit/s) wired or wireless access to the Internet,Odesa,
2019,pre-school educational institutions with high-speed (more than 30 Mbit/s) wired or wireless access to the Internet,Poltava,
2019,pre-school educational institutions with high-speed (more than 30 Mbit/s) wired or wireless access to the Internet,Rivne,
2019,pre-school educational institutions with high-speed (more than 30 Mbit/s) wired or wireless access to the Internet,Sumy,
2019,pre-school educational institutions with high-speed (more than 30 Mbit/s) wired or wireless access to the Internet,Ternopil,
2019,pre-school educational institutions with high-speed (more than 30 Mbit/s) wired or wireless access to the Internet,Kharkiv,
2019,pre-school educational institutions with high-speed (more than 30 Mbit/s) wired or wireless access to the Internet,Kherson,
2019,pre-school educational institutions with high-speed (more than 30 Mbit/s) wired or wireless access to the Internet,Khmelnytskiy,
2019,pre-school educational institutions with high-speed (more than 30 Mbit/s) wired or wireless access to the Internet,Cherkasy,
2019,pre-school educational institutions with high-speed (more than 30 Mbit/s) wired or wireless access to the Internet,Chernivtsi,
2019,pre-school educational institutions with high-speed (more than 30 Mbit/s) wired or wireless access to the Internet,Chernihiv,
2019,pre-school educational institutions with high-speed (more than 30 Mbit/s) wired or wireless access to the Internet,city Kyiv,
2019,pre-school educational institutions with high-speed (more than 30 Mbit/s) wired or wireless access to the Internet,city Sevastopol,
2020,pre-school educational institutions with high-speed (more than 30 Mbit/s) wired or wireless access to the Internet,Ukraine,
2020,pre-school educational institutions with high-speed (more than 30 Mbit/s) wired or wireless access to the Internet,Autonomous Republic of Crimea,
2020,pre-school educational institutions with high-speed (more than 30 Mbit/s) wired or wireless access to the Internet,Vinnytsya,
2020,pre-school educational institutions with high-speed (more than 30 Mbit/s) wired or wireless access to the Internet,Volyn,
2020,pre-school educational institutions with high-speed (more than 30 Mbit/s) wired or wireless access to the Internet,Dnipropetrovsk,
2020,pre-school educational institutions with high-speed (more than 30 Mbit/s) wired or wireless access to the Internet,Donetsk,
2020,pre-school educational institutions with high-speed (more than 30 Mbit/s) wired or wireless access to the Internet,Zhytomyr,
2020,pre-school educational institutions with high-speed (more than 30 Mbit/s) wired or wireless access to the Internet,Zakarpattya,
2020,pre-school educational institutions with high-speed (more than 30 Mbit/s) wired or wireless access to the Internet,Zaporizhzhya,
2020,pre-school educational institutions with high-speed (more than 30 Mbit/s) wired or wireless access to the Internet,Ivano-Frankivsk,
2020,pre-school educational institutions with high-speed (more than 30 Mbit/s) wired or wireless access to the Internet,Kyiv,
2020,pre-school educational institutions with high-speed (more than 30 Mbit/s) wired or wireless access to the Internet,Kirovohrad,
2020,pre-school educational institutions with high-speed (more than 30 Mbit/s) wired or wireless access to the Internet,Luhansk,
2020,pre-school educational institutions with high-speed (more than 30 Mbit/s) wired or wireless access to the Internet,Lviv,
2020,pre-school educational institutions with high-speed (more than 30 Mbit/s) wired or wireless access to the Internet,Mykolayiv,
2020,pre-school educational institutions with high-speed (more than 30 Mbit/s) wired or wireless access to the Internet,Odesa,
2020,pre-school educational institutions with high-speed (more than 30 Mbit/s) wired or wireless access to the Internet,Poltava,
2020,pre-school educational institutions with high-speed (more than 30 Mbit/s) wired or wireless access to the Internet,Rivne,
2020,pre-school educational institutions with high-speed (more than 30 Mbit/s) wired or wireless access to the Internet,Sumy,
2020,pre-school educational institutions with high-speed (more than 30 Mbit/s) wired or wireless access to the Internet,Ternopil,
2020,pre-school educational institutions with high-speed (more than 30 Mbit/s) wired or wireless access to the Internet,Kharkiv,
2020,pre-school educational institutions with high-speed (more than 30 Mbit/s) wired or wireless access to the Internet,Kherson,
2020,pre-school educational institutions with high-speed (more than 30 Mbit/s) wired or wireless access to the Internet,Khmelnytskiy,
2020,pre-school educational institutions with high-speed (more than 30 Mbit/s) wired or wireless access to the Internet,Cherkasy,
2020,pre-school educational institutions with high-speed (more than 30 Mbit/s) wired or wireless access to the Internet,Chernivtsi,
2020,pre-school educational institutions with high-speed (more than 30 Mbit/s) wired or wireless access to the Internet,Chernihiv,
2020,pre-school educational institutions with high-speed (more than 30 Mbit/s) wired or wireless access to the Internet,city Kyiv,
2020,pre-school educational institutions with high-speed (more than 30 Mbit/s) wired or wireless access to the Internet,city Sevastopol,
2021,pre-school educational institutions with high-speed (more than 30 Mbit/s) wired or wireless access to the Internet,Ukraine,
2021,pre-school educational institutions with high-speed (more than 30 Mbit/s) wired or wireless access to the Internet,Autonomous Republic of Crimea,
2021,pre-school educational institutions with high-speed (more than 30 Mbit/s) wired or wireless access to the Internet,Vinnytsya,
2021,pre-school educational institutions with high-speed (more than 30 Mbit/s) wired or wireless access to the Internet,Volyn,
2021,pre-school educational institutions with high-speed (more than 30 Mbit/s) wired or wireless access to the Internet,Dnipropetrovsk,
2021,pre-school educational institutions with high-speed (more than 30 Mbit/s) wired or wireless access to the Internet,Donetsk,
2021,pre-school educational institutions with high-speed (more than 30 Mbit/s) wired or wireless access to the Internet,Zhytomyr,
2021,pre-school educational institutions with high-speed (more than 30 Mbit/s) wired or wireless access to the Internet,Zakarpattya,
2021,pre-school educational institutions with high-speed (more than 30 Mbit/s) wired or wireless access to the Internet,Zaporizhzhya,
2021,pre-school educational institutions with high-speed (more than 30 Mbit/s) wired or wireless access to the Internet,Ivano-Frankivsk,
2021,pre-school educational institutions with high-speed (more than 30 Mbit/s) wired or wireless access to the Internet,Kyiv,
2021,pre-school educational institutions with high-speed (more than 30 Mbit/s) wired or wireless access to the Internet,Kirovohrad,
2021,pre-school educational institutions with high-speed (more than 30 Mbit/s) wired or wireless access to the Internet,Luhansk,
2021,pre-school educational institutions with high-speed (more than 30 Mbit/s) wired or wireless access to the Internet,Lviv,
2021,pre-school educational institutions with high-speed (more than 30 Mbit/s) wired or wireless access to the Internet,Mykolayiv,
2021,pre-school educational institutions with high-speed (more than 30 Mbit/s) wired or wireless access to the Internet,Odesa,
2021,pre-school educational institutions with high-speed (more than 30 Mbit/s) wired or wireless access to the Internet,Poltava,
2021,pre-school educational institutions with high-speed (more than 30 Mbit/s) wired or wireless access to the Internet,Rivne,
2021,pre-school educational institutions with high-speed (more than 30 Mbit/s) wired or wireless access to the Internet,Sumy,
2021,pre-school educational institutions with high-speed (more than 30 Mbit/s) wired or wireless access to the Internet,Ternopil,
2021,pre-school educational institutions with high-speed (more than 30 Mbit/s) wired or wireless access to the Internet,Kharkiv,
2021,pre-school educational institutions with high-speed (more than 30 Mbit/s) wired or wireless access to the Internet,Kherson,
2021,pre-school educational institutions with high-speed (more than 30 Mbit/s) wired or wireless access to the Internet,Khmelnytskiy,
2021,pre-school educational institutions with high-speed (more than 30 Mbit/s) wired or wireless access to the Internet,Cherkasy,
2021,pre-school educational institutions with high-speed (more than 30 Mbit/s) wired or wireless access to the Internet,Chernivtsi,
2021,pre-school educational institutions with high-speed (more than 30 Mbit/s) wired or wireless access to the Internet,Chernihiv,
2021,pre-school educational institutions with high-speed (more than 30 Mbit/s) wired or wireless access to the Internet,city Kyiv,
2021,pre-school educational institutions with high-speed (more than 30 Mbit/s) wired or wireless access to the Internet,city Sevastopol,
2022,pre-school educational institutions with high-speed (more than 30 Mbit/s) wired or wireless access to the Internet,Ukraine,64.44
2022,pre-school educational institutions with high-speed (more than 30 Mbit/s) wired or wireless access to the Internet,Autonomous Republic of Crimea,
2022,pre-school educational institutions with high-speed (more than 30 Mbit/s) wired or wireless access to the Internet,Vinnytsya,58.99
2022,pre-school educational institutions with high-speed (more than 30 Mbit/s) wired or wireless access to the Internet,Volyn,59.79
2022,pre-school educational institutions with high-speed (more than 30 Mbit/s) wired or wireless access to the Internet,Dnipropetrovsk,58.62
2022,pre-school educational institutions with high-speed (more than 30 Mbit/s) wired or wireless access to the Internet,Donetsk,54.87
2022,pre-school educational institutions with high-speed (more than 30 Mbit/s) wired or wireless access to the Internet,Zhytomyr,71.57
2022,pre-school educational institutions with high-speed (more than 30 Mbit/s) wired or wireless access to the Internet,Zakarpattya,56.24
2022,pre-school educational institutions with high-speed (more than 30 Mbit/s) wired or wireless access to the Internet,Zaporizhzhya,48.39
2022,pre-school educational institutions with high-speed (more than 30 Mbit/s) wired or wireless access to the Internet,Ivano-Frankivsk,60.52
2022,pre-school educational institutions with high-speed (more than 30 Mbit/s) wired or wireless access to the Internet,Kyiv,75.64
2022,pre-school educational institutions with high-speed (more than 30 Mbit/s) wired or wireless access to the Internet,Kirovohrad,47.73
2022,pre-school educational institutions with high-speed (more than 30 Mbit/s) wired or wireless access to the Internet,Luhansk,0.0
2022,pre-school educational institutions with high-speed (more than 30 Mbit/s) wired or wireless access to the Internet,Lviv,61.36
2022,pre-school educational institutions with high-speed (more than 30 Mbit/s) wired or wireless access to the Internet,Mykolayiv,56.86
2022,pre-school educational institutions with high-speed (more than 30 Mbit/s) wired or wireless access to the Internet,Odesa,79.32
2022,pre-school educational institutions with high-speed (more than 30 Mbit/s) wired or wireless access to the Internet,Poltava,64.61
2022,pre-school educational institutions with high-speed (more than 30 Mbit/s) wired or wireless access to the Internet,Rivne,57.34
2022,pre-school educational institutions with high-speed (more than 30 Mbit/s) wired or wireless access to the Internet,Sumy,76.72
2022,pre-school educational institutions with high-speed (more than 30 Mbit/s) wired or wireless access to the Internet,Ternopil,57.07
2022,pre-school educational institutions with high-speed (more than 30 Mbit/s) wired or wireless access to the Internet,Kharkiv,66.35
2022,pre-school educational institutions with high-speed (more than 30 Mbit/s) wired or wireless access to the Internet,Kherson,28.78
2022,pre-school educational institutions with high-speed (more than 30 Mbit/s) wired or wireless access to the Internet,Khmelnytskiy,68.18
2022,pre-school educational institutions with high-speed (more than 30 Mbit/s) wired or wireless access to the Internet,Cherkasy,72.88
2022,pre-school educational institutions with high-speed (more than 30 Mbit/s) wired or wireless access to the Internet,Chernivtsi,88.72
2022,pre-school educational institutions with high-speed (more than 30 Mbit/s) wired or wireless access to the Internet,Chernihiv,50.25
2022,pre-school educational institutions with high-speed (more than 30 Mbit/s) wired or wireless access to the Internet,city Kyiv,84.23
2022,pre-school educational institutions with high-speed (more than 30 Mbit/s) wired or wireless access to the Internet,city Sevastopol,
2023,pre-school educational institutions with high-speed (more than 30 Mbit/s) wired or wireless access to the Internet,Ukraine,68.18
2023,pre-school educational institutions with high-speed (more than 30 Mbit/s) wired or wireless access to the Internet,Autonomous Republic of Crimea,
2023,pre-school educational institutions with high-speed (more than 30 Mbit/s) wired or wireless access to the Internet,Vinnytsya,65.92
2023,pre-school educational institutions with high-speed (more than 30 Mbit/s) wired or wireless access to the Internet,Volyn,62.16
2023,pre-school educational institutions with high-speed (more than 30 Mbit/s) wired or wireless access to the Internet,Dnipropetrovsk,60.85
2023,pre-school educational institutions with high-speed (more than 30 Mbit/s) wired or wireless access to the Internet,Donetsk,51.49
2023,pre-school educational institutions with high-speed (more than 30 Mbit/s) wired or wireless access to the Internet,Zhytomyr,73.13
2023,pre-school educational institutions with high-speed (more than 30 Mbit/s) wired or wireless access to the Internet,Zakarpattya,59.93
2023,pre-school educational institutions with high-speed (more than 30 Mbit/s) wired or wireless access to the Internet,Zaporizhzhya,52.35
2023,pre-school educational institutions with high-speed (more than 30 Mbit/s) wired or wireless access to the Internet,Ivano-Frankivsk,65.79
2023,pre-school educational institutions with high-speed (more than 30 Mbit/s) wired or wireless access to the Internet,Kyiv,79.08
2023,pre-school educational institutions with high-speed (more than 30 Mbit/s) wired or wireless access to the Internet,Kirovohrad,58.66
2023,pre-school educational institutions with high-speed (more than 30 Mbit/s) wired or wireless access to the Internet,Luhansk,0.0
2023,pre-school educational institutions with high-speed (more than 30 Mbit/s) wired or wireless access to the Internet,Lviv,65.38
2023,pre-school educational institutions with high-speed (more than 30 Mbit/s) wired or wireless access to the Internet,Mykolayiv,61.77
2023,pre-school educational institutions with high-speed (more than 30 Mbit/s) wired or wireless access to the Internet,Odesa,84.54
2023,pre-school educational institutions with high-speed (more than 30 Mbit/s) wired or wireless access to the Internet,Poltava,70.03
2023,pre-school educational institutions with high-speed (more than 30 Mbit/s) wired or wireless access to the Internet,Rivne,62.43
2023,pre-school educational institutions with high-speed (more than 30 Mbit/s) wired or wireless access to the Internet,Sumy,80.21
2023,pre-school educational institutions with high-speed (more than 30 Mbit/s) wired or wireless access to the Internet,Ternopil,63.86
2023,pre-school educational institutions with high-speed (more than 30 Mbit/s) wired or wireless access to the Internet,Kharkiv,67.56
2023,pre-school educational institutions with high-speed (more than 30 Mbit/s) wired or wireless access to the Internet,Kherson,23.14
2023,pre-school educational institutions with high-speed (more than 30 Mbit/s) wired or wireless access to the Internet,Khmelnytskiy,71.27
2023,pre-school educational institutions with high-speed (more than 30 Mbit/s) wired or wireless access to the Internet,Cherkasy,78.7
2023,pre-school educational institutions with high-speed (more than 30 Mbit/s) wired or wireless access to the Internet,Chernivtsi,87.98
2023,pre-school educational institutions with high-speed (more than 30 Mbit/s) wired or wireless access to the Internet,Chernihiv,54.05
2023,pre-school educational institutions with high-speed (more than 30 Mbit/s) wired or wireless access to the Internet,city Kyiv,82.1
2023,pre-school educational institutions with high-speed (more than 30 Mbit/s) wired or wireless access to the Internet,city Sevastopol,
2024,pre-school educational institutions with high-speed (more than 30 Mbit/s) wired or wireless access to the Internet,Ukraine,71.16
2024,pre-school educational institutions with high-speed (more than 30 Mbit/s) wired or wireless access to the Internet,Autonomous Republic of Crimea,
2024,pre-school educational institutions with high-speed (more than 30 Mbit/s) wired or wireless access to the Internet,Vinnytsya,67.59
2024,pre-school educational institutions with high-speed (more than 30 Mbit/s) wired or wireless access to the Internet,Volyn,65.48
2024,pre-school educational institutions with high-speed (more than 30 Mbit/s) wired or wireless access to the Internet,Dnipropetrovsk,59.42
2024,pre-school educational institutions with high-speed (more than 30 Mbit/s) wired or wireless access to the Internet,Donetsk,55.36
2024,pre-school educational institutions with high-speed (more than 30 Mbit/s) wired or wireless access to the Internet,Zhytomyr,73.6
2024,pre-school educational institutions with high-speed (more than 30 Mbit/s) wired or wireless access to the Internet,Zakarpattya,62.57
2024,pre-school educational institutions with high-speed (more than 30 Mbit/s) wired or wireless access to the Internet,Zaporizhzhya,78.65
2024,pre-school educational institutions with high-speed (more than 30 Mbit/s) wired or wireless access to the Internet,Ivano-Frankivsk,65.45
2024,pre-school educational institutions with high-speed (more than 30 Mbit/s) wired or wireless access to the Internet,Kyiv,81.94
2024,pre-school educational institutions with high-speed (more than 30 Mbit/s) wired or wireless access to the Internet,Kirovohrad,64.79
2024,pre-school educational institutions with high-speed (more than 30 Mbit/s) wired or wireless access to the Internet,Luhansk,14.29
2024,pre-school educational institutions with high-speed (more than 30 Mbit/s) wired or wireless access to the Internet,Lviv,69.67
2024,pre-school educational institutions with high-speed (more than 30 Mbit/s) wired or wireless access to the Internet,Mykolayiv,63.8
2024,pre-school educational institutions with high-speed (more than 30 Mbit/s) wired or wireless access to the Internet,Odesa,86.29
2024,pre-school educational institutions with high-speed (more than 30 Mbit/s) wired or wireless access to the Internet,Poltava,71.07
2024,pre-school educational institutions with high-speed (more than 30 Mbit/s) wired or wireless access to the Internet,Rivne,65.67
2024,pre-school educational institutions with high-speed (more than 30 Mbit/s) wired or wireless access to the Internet,Sumy,79.39
2024,pre-school educational institutions with high-speed (more than 30 Mbit/s) wired or wireless access to the Internet,Ternopil,69.83
2024,pre-school educational institutions with high-speed (more than 30 Mbit/s) wired or wireless access to the Internet,Kharkiv,66.82
2024,pre-school educational institutions with high-speed (more than 30 Mbit/s) wired or wireless access to the Internet,Kherson,16.51
2024,pre-school educational institutions with high-speed (more than 30 Mbit/s) wired or wireless access to the Internet,Khmelnytskiy,72.66
2024,pre-school educational institutions with high-speed (more than 30 Mbit/s) wired or wireless access to the Internet,Cherkasy,82.26
2024,pre-school educational institutions with high-speed (more than 30 Mbit/s) wired or wireless access to the Internet,Chernivtsi,89.0
2024,pre-school educational institutions with high-speed (more than 30 Mbit/s) wired or wireless access to the Internet,Chernihiv,54.59
2024,pre-school educational institutions with high-speed (more than 30 Mbit/s) wired or wireless access to the Internet,city Kyiv,85.01
2024,pre-school educational institutions with high-speed (more than 30 Mbit/s) wired or wireless access to the Internet,city Sevastopol,
2025,pre-school educational institutions with high-speed (more than 30 Mbit/s) wired or wireless access to the Internet,Ukraine,74.98
2025,pre-school educational institutions with high-speed (more than 30 Mbit/s) wired or wireless access to the Internet,Autonomous Republic of Crimea,
2025,pre-school educational institutions with high-speed (more than 30 Mbit/s) wired or wireless access to the Internet,Vinnytsya,70.25
2025,pre-school educational institutions with high-speed (more than 30 Mbit/s) wired or wireless access to the Internet,Volyn,71.43
2025,pre-school educational institutions with high-speed (more than 30 Mbit/s) wired or wireless access to the Internet,Dnipropetrovsk,70.03
2025,pre-school educational institutions with high-speed (more than 30 Mbit/s) wired or wireless access to the Internet,Donetsk,25.24
2025,pre-school educational institutions with high-speed (more than 30 Mbit/s) wired or wireless access to the Internet,Zhytomyr,75.82
2025,pre-school educational institutions with high-speed (more than 30 Mbit/s) wired or wireless access to the Internet,Zakarpattya,70.7
2025,pre-school educational institutions with high-speed (more than 30 Mbit/s) wired or wireless access to the Internet,Zaporizhzhya,79.06
2025,pre-school educational institutions with high-speed (more than 30 Mbit/s) wired or wireless access to the Internet,Ivano-Frankivsk,68.24
2025,pre-school educational institutions with high-speed (more than 30 Mbit/s) wired or wireless access to the Internet,Kyiv,86.32
2025,pre-school educational institutions with high-speed (more than 30 Mbit/s) wired or wireless access to the Internet,Kirovohrad,67.96
2025,pre-school educational institutions with high-speed (more than 30 Mbit/s) wired or wireless access to the Internet,Luhansk,35.71
2025,pre-school educational institutions with high-speed (more than 30 Mbit/s) wired or wireless access to the Internet,Lviv,72.84
2025,pre-school educational institutions with high-speed (more than 30 Mbit/s) wired or wireless access to the Internet,Mykolayiv,67.83
2025,pre-school educational institutions with high-speed (more than 30 Mbit/s) wired or wireless access to the Internet,Odesa,88.15
2025,pre-school educational institutions with high-speed (more than 30 Mbit/s) wired or wireless access to the Internet,Poltava,77.22
2025,pre-school educational institutions with high-speed (more than 30 Mbit/s) wired or wireless access to the Internet,Rivne,75.5
2025,pre-school educational institutions with high-speed (more than 30 Mbit/s) wired or wireless access to the Internet,Sumy,87.95
2025,pre-school educational institutions with high-speed (more than 30 Mbit/s) wired or wireless access to the Internet,Ternopil,73.24
2025,pre-school educational institutions with high-speed (more than 30 Mbit/s) wired or wireless access to the Internet,Kharkiv,75.57
2025,pre-school educational institutions with high-speed (more than 30 Mbit/s) wired or wireless access to the Internet,Kherson,16.52
2025,pre-school educational institutions with high-speed (more than 30 Mbit/s) wired or wireless access to the Internet,Khmelnytskiy,81.48
2025,pre-school educational institutions with high-speed (more than 30 Mbit/s) wired or wireless access to the Internet,Cherkasy,86.19
2025,pre-school educational institutions with high-speed (more than 30 Mbit/s) wired or wireless access to the Internet,Chernivtsi,87.83
2025,pre-school educational institutions with high-speed (more than 30 Mbit/s) wired or wireless access to the Internet,Chernihiv,61.2
2025,pre-school educational institutions with high-speed (more than 30 Mbit/s) wired or wireless access to the Internet,city Kyiv,88.06
2025,pre-school educational institutions with high-speed (more than 30 Mbit/s) wired or wireless access to the Internet,city Sevastopol,
2015,general secondary educational institutions with access to the Internet (without specifying the speed),Ukraine,86.74
2015,general secondary educational institutions with access to the Internet (without specifying the speed),Autonomous Republic of Crimea,
2015,general secondary educational institutions with access to the Internet (without specifying the speed),Vinnytsya,83.91
2015,general secondary educational institutions with access to the Internet (without specifying the speed),Volyn,74.86
2015,general secondary educational institutions with access to the Internet (without specifying the speed),Dnipropetrovsk,97.71
2015,general secondary educational institutions with access to the Internet (without specifying the speed),Donetsk,90.98
2015,general secondary educational institutions with access to the Internet (without specifying the speed),Zhytomyr,63.21
2015,general secondary educational institutions with access to the Internet (without specifying the speed),Zakarpattya,76.75
2015,general secondary educational institutions with access to the Internet (without specifying the speed),Zaporizhzhya,100.0
2015,general secondary educational institutions with access to the Internet (without specifying the speed),Ivano-Frankivsk,81.78
2015,general secondary educational institutions with access to the Internet (without specifying the speed),Kyiv,100.0
2015,general secondary educational institutions with access to the Internet (without specifying the speed),Kirovohrad,96.53
2015,general secondary educational institutions with access to the Internet (without specifying the speed),Luhansk,94.39
2015,general secondary educational institutions with access to the Internet (without specifying the speed),Lviv,60.41
2015,general secondary educational institutions with access to the Internet (without specifying the speed),Mykolayiv,94.76
2015,general secondary educational institutions with access to the Internet (without specifying the speed),Odesa,80.38
2015,general secondary educational institutions with access to the Internet (without specifying the speed),Poltava,86.61
2015,general secondary educational institutions with access to the Internet (without specifying the speed),Rivne,92.72
2015,general secondary educational institutions with access to the Internet (without specifying the speed),Sumy,92.35
2015,general secondary educational institutions with access to the Internet (without specifying the speed),Ternopil,75.39
2015,general secondary educational institutions with access to the Internet (without specifying the speed),Kharkiv,99.75
2015,general secondary educational institutions with access to the Internet (without specifying the speed),Kherson,94.52
2015,general secondary educational institutions with access to the Internet (without specifying the speed),Khmelnytskiy,99.22
2015,general secondary educational institutions with access to the Internet (without specifying the speed),Cherkasy,98.21
2015,general secondary educational institutions with access to the Internet (without specifying the speed),Chernivtsi,92.22
2015,general secondary educational institutions with access to the Internet (without specifying the speed),Chernihiv,93.44
2015,general secondary educational institutions with access to the Internet (without specifying the speed),city Kyiv,95.7
2015,general secondary educational institutions with access to the Internet (without specifying the speed),city Sevastopol,
2016,general secondary educational institutions with access to the Internet (without specifying the speed),Ukraine,89.71
2016,general secondary educational institutions with access to the Internet (without specifying the speed),Autonomous Republic of Crimea,
2016,general secondary educational institutions with access to the Internet (without specifying the speed),Vinnytsya,85.48
2016,general secondary educational institutions with access to the Internet (without specifying the speed),Volyn,78.56
2016,general secondary educational institutions with access to the Internet (without specifying the speed),Dnipropetrovsk,94.28
2016,general secondary educational institutions with access to the Internet (without specifying the speed),Donetsk,93.33
2016,general secondary educational institutions with access to the Internet (without specifying the speed),Zhytomyr,90.25
2016,general secondary educational institutions with access to the Internet (without specifying the speed),Zakarpattya,78.81
2016,general secondary educational institutions with access to the Internet (without specifying the speed),Zaporizhzhya,99.29
2016,general secondary educational institutions with access to the Internet (without specifying the speed),Ivano-Frankivsk,85.11
2016,general secondary educational institutions with access to the Internet (without specifying the speed),Kyiv,99.86
2016,general secondary educational institutions with access to the Internet (without specifying the speed),Kirovohrad,98.65
2016,general secondary educational institutions with access to the Internet (without specifying the speed),Luhansk,94.24
2016,general secondary educational institutions with access to the Internet (without specifying the speed),Lviv,70.35
2016,general secondary educational institutions with access to the Internet (without specifying the speed),Mykolayiv,95.4
2016,general secondary educational institutions with access to the Internet (without specifying the speed),Odesa,84.98
2016,general secondary educational institutions with access to the Internet (without specifying the speed),Poltava,91.13
2016,general secondary educational institutions with access to the Internet (without specifying the speed),Rivne,93.92
2016,general secondary educational institutions with access to the Internet (without specifying the speed),Sumy,92.9
2016,general secondary educational institutions with access to the Internet (without specifying the speed),Ternopil,77.56
2016,general secondary educational institutions with access to the Internet (without specifying the speed),Kharkiv,100.0
2016,general secondary educational institutions with access to the Internet (without specifying the speed),Kherson,100.0
2016,general secondary educational institutions with access to the Internet (without specifying the speed),Khmelnytskiy,93.11
2016,general secondary educational institutions with access to the Internet (without specifying the speed),Cherkasy,96.55
2016,general secondary educational institutions with access to the Internet (without specifying the speed),Chernivtsi,99.05
2016,general secondary educational institutions with access to the Internet (without specifying the speed),Chernihiv,94.88
2016,general secondary educational institutions with access to the Internet (without specifying the speed),city Kyiv,96.54
2016,general secondary educational institutions with access to the Internet (without specifying the speed),city Sevastopol,
2017,general secondary educational institutions with access to the Internet (without specifying the speed),Ukraine,92.02
2017,general secondary educational institutions with access to the Internet (without specifying the speed),Autonomous Republic of Crimea,
2017,general secondary educational institutions with access to the Internet (without specifying the speed),Vinnytsya,86.46
2017,general secondary educational institutions with access to the Internet (without specifying the speed),Volyn,81.65
2017,general secondary educational institutions with access to the Internet (without specifying the speed),Dnipropetrovsk,95.87
2017,general secondary educational institutions with access to the Internet (without specifying the speed),Donetsk,96.98
2017,general secondary educational institutions with access to the Internet (without specifying the speed),Zhytomyr,73.59
2017,general secondary educational institutions with access to the Internet (without specifying the speed),Zakarpattya,81.74
2017,general secondary educational institutions with access to the Internet (without specifying the speed),Zaporizhzhya,98.9
2017,general secondary educational institutions with access to the Internet (without specifying the speed),Ivano-Frankivsk,89.24
2017,general secondary educational institutions with access to the Internet (without specifying the speed),Kyiv,99.57
2017,general secondary educational institutions with access to the Internet (without specifying the speed),Kirovohrad,100.0
2017,general secondary educational institutions with access to the Internet (without specifying the speed),Luhansk,96.53
2017,general secondary educational institutions with access to the Internet (without specifying the speed),Lviv,87.09
2017,general secondary educational institutions with access to the Internet (without specifying the speed),Mykolayiv,96.84
2017,general secondary educational institutions with access to the Internet (without specifying the speed),Odesa,88.92
2017,general secondary educational institutions with access to the Internet (without specifying the speed),Poltava,95.18
2017,general secondary educational institutions with access to the Internet (without specifying the speed),Rivne,95.51
2017,general secondary educational institutions with access to the Internet (without specifying the speed),Sumy,94.52
2017,general secondary educational institutions with access to the Internet (without specifying the speed),Ternopil,82.36
2017,general secondary educational institutions with access to the Internet (without specifying the speed),Kharkiv,100.0
2017,general secondary educational institutions with access to the Internet (without specifying the speed),Kherson,100.0
2017,general secondary educational institutions with access to the Internet (without specifying the speed),Khmelnytskiy,93.29
2017,general secondary educational institutions with access to the Internet (without specifying the speed),Cherkasy,98.82
2017,general secondary educational institutions with access to the Internet (without specifying the speed),Chernivtsi,99.52
2017,general secondary educational institutions with access to the Internet (without specifying the speed),Chernihiv,95.01
2017,general secondary educational institutions with access to the Internet (without specifying the speed),city Kyiv,98.49
2017,general secondary educational institutions with access to the Internet (without specifying the speed),city Sevastopol,
2018,general secondary educational institutions with access to the Internet (without specifying the speed),Ukraine,
2018,general secondary educational institutions with access to the Internet (without specifying the speed),Autonomous Republic of Crimea,
2018,general secondary educational institutions with access to the Internet (without specifying the speed),Vinnytsya,
2018,general secondary educational institutions with access to the Internet (without specifying the speed),Volyn,
2018,general secondary educational institutions with access to the Internet (without specifying the speed),Dnipropetrovsk,
2018,general secondary educational institutions with access to the Internet (without specifying the speed),Donetsk,
2018,general secondary educational institutions with access to the Internet (without specifying the speed),Zhytomyr,
2018,general secondary educational institutions with access to the Internet (without specifying the speed),Zakarpattya,
2018,general secondary educational institutions with access to the Internet (without specifying the speed),Zaporizhzhya,
2018,general secondary educational institutions with access to the Internet (without specifying the speed),Ivano-Frankivsk,
2018,general secondary educational institutions with access to the Internet (without specifying the speed),Kyiv,
2018,general secondary educational institutions with access to the Internet (without specifying the speed),Kirovohrad,
2018,general secondary educational institutions with access to the Internet (without specifying the speed),Luhansk,
2018,general secondary educational institutions with access to the Internet (without specifying the speed),Lviv,
2018,general secondary educational institutions with access to the Internet (without specifying the speed),Mykolayiv,
2018,general secondary educational institutions with access to the Internet (without specifying the speed),Odesa,
2018,general secondary educational institutions with access to the Internet (without specifying the speed),Poltava,
2018,general secondary educational institutions with access to the Internet (without specifying the speed),Rivne,
2018,general secondary educational institutions with access to the Internet (without specifying the speed),Sumy,
2018,general secondary educational institutions with access to the Internet (without specifying the speed),Ternopil,
2018,general secondary educational institutions with access to the Internet (without specifying the speed),Kharkiv,
2018,general secondary educational institutions with access to the Internet (without specifying the speed),Kherson,
2018,general secondary educational institutions with access to the Internet (without specifying the speed),Khmelnytskiy,
2018,general secondary educational institutions with access to the Internet (without specifying the speed),Cherkasy,
2018,general secondary educational institutions with access to the Internet (without specifying the speed),Chernivtsi,
2018,general secondary educational institutions with access to the Internet (without specifying the speed),Chernihiv,
2018,general secondary educational institutions with access to the Internet (without specifying the speed),city Kyiv,
2018,general secondary educational institutions with access to the Internet (without specifying the speed),city Sevastopol,
2019,general secondary educational institutions with access to the Internet (without specifying the speed),Ukraine,
2019,general secondary educational institutions with access to the Internet (without specifying the speed),Autonomous Republic of Crimea,
2019,general secondary educational institutions with access to the Internet (without specifying the speed),Vinnytsya,
2019,general secondary educational institutions with access to the Internet (without specifying the speed),Volyn,
2019,general secondary educational institutions with access to the Internet (without specifying the speed),Dnipropetrovsk,
2019,general secondary educational institutions with access to the Internet (without specifying the speed),Donetsk,
2019,general secondary educational institutions with access to the Internet (without specifying the speed),Zhytomyr,
2019,general secondary educational institutions with access to the Internet (without specifying the speed),Zakarpattya,
2019,general secondary educational institutions with access to the Internet (without specifying the speed),Zaporizhzhya,
2019,general secondary educational institutions with access to the Internet (without specifying the speed),Ivano-Frankivsk,
2019,general secondary educational institutions with access to the Internet (without specifying the speed),Kyiv,
2019,general secondary educational institutions with access to the Internet (without specifying the speed),Kirovohrad,
2019,general secondary educational institutions with access to the Internet (without specifying the speed),Luhansk,
2019,general secondary educational institutions with access to the Internet (without specifying the speed),Lviv,
2019,general secondary educational institutions with access to the Internet (without specifying the speed),Mykolayiv,
2019,general secondary educational institutions with access to the Internet (without specifying the speed),Odesa,
2019,general secondary educational institutions with access to the Internet (without specifying the speed),Poltava,
2019,general secondary educational institutions with access to the Internet (without specifying the speed),Rivne,
2019,general secondary educational institutions with access to the Internet (without specifying the speed),Sumy,
2019,general secondary educational institutions with access to the Internet (without specifying the speed),Ternopil,
2019,general secondary educational institutions with access to the Internet (without specifying the speed),Kharkiv,
2019,general secondary educational institutions with access to the Internet (without specifying the speed),Kherson,
2019,general secondary educational institutions with access to the Internet (without specifying the speed),Khmelnytskiy,
2019,general secondary educational institutions with access to the Internet (without specifying the speed),Cherkasy,
2019,general secondary educational institutions with access to the Internet (without specifying the speed),Chernivtsi,
2019,general secondary educational institutions with access to the Internet (without specifying the speed),Chernihiv,
2019,general secondary educational institutions with access to the Internet (without specifying the speed),city Kyiv,
2019,general secondary educational institutions with access to the Internet (without specifying the speed),city Sevastopol,
2020,general secondary educational institutions with access to the Internet (without specifying the speed),Ukraine,
2020,general secondary educational institutions with access to the Internet (without specifying the speed),Autonomous Republic of Crimea,
2020,general secondary educational institutions with access to the Internet (without specifying the speed),Vinnytsya,
2020,general secondary educational institutions with access to the Internet (without specifying the speed),Volyn,
2020,general secondary educational institutions with access to the Internet (without specifying the speed),Dnipropetrovsk,
2020,general secondary educational institutions with access to the Internet (without specifying the speed),Donetsk,
2020,general secondary educational institutions with access to the Internet (without specifying the speed),Zhytomyr,
2020,general secondary educational institutions with access to the Internet (without specifying the speed),Zakarpattya,
2020,general secondary educational institutions with access to the Internet (without specifying the speed),Zaporizhzhya,
2020,general secondary educational institutions with access to the Internet (without specifying the speed),Ivano-Frankivsk,
2020,general secondary educational institutions with access to the Internet (without specifying the speed),Kyiv,
2020,general secondary educational institutions with access to the Internet (without specifying the speed),Kirovohrad,
2020,general secondary educational institutions with access to the Internet (without specifying the speed),Luhansk,
2020,general secondary educational institutions with access to the Internet (without specifying the speed),Lviv,
2020,general secondary educational institutions with access to the Internet (without specifying the speed),Mykolayiv,
2020,general secondary educational institutions with access to the Internet (without specifying the speed),Odesa,
2020,general secondary educational institutions with access to the Internet (without specifying the speed),Poltava,
2020,general secondary educational institutions with access to the Internet (without specifying the speed),Rivne,
2020,general secondary educational institutions with access to the Internet (without specifying the speed),Sumy,
2020,general secondary educational institutions with access to the Internet (without specifying the speed),Ternopil,
2020,general secondary educational institutions with access to the Internet (without specifying the speed),Kharkiv,
2020,general secondary educational institutions with access to the Internet (without specifying the speed),Kherson,
2020,general secondary educational institutions with access to the Internet (without specifying the speed),Khmelnytskiy,
2020,general secondary educational institutions with access to the Internet (without specifying the speed),Cherkasy,
2020,general secondary educational institutions with access to the Internet (without specifying the speed),Chernivtsi,
2020,general secondary educational institutions with access to the Internet (without specifying the speed),Chernihiv,
2020,general secondary educational institutions with access to the Internet (without specifying the speed),city Kyiv,
2020,general secondary educational institutions with access to the Internet (without specifying the speed),city Sevastopol,
2021,general secondary educational institutions with access to the Internet (without specifying the speed),Ukraine,
2021,general secondary educational institutions with access to the Internet (without specifying the speed),Autonomous Republic of Crimea,
2021,general secondary educational institutions with access to the Internet (without specifying the speed),Vinnytsya,
2021,general secondary educational institutions with access to the Internet (without specifying the speed),Volyn,
2021,general secondary educational institutions with access to the Internet (without specifying the speed),Dnipropetrovsk,
2021,general secondary educational institutions with access to the Internet (without specifying the speed),Donetsk,
2021,general secondary educational institutions with access to the Internet (without specifying the speed),Zhytomyr,
2021,general secondary educational institutions with access to the Internet (without specifying the speed),Zakarpattya,
2021,general secondary educational institutions with access to the Internet (without specifying the speed),Zaporizhzhya,
2021,general secondary educational institutions with access to the Internet (without specifying the speed),Ivano-Frankivsk,
2021,general secondary educational institutions with access to the Internet (without specifying the speed),Kyiv,
2021,general secondary educational institutions with access to the Internet (without specifying the speed),Kirovohrad,
2021,general secondary educational institutions with access to the Internet (without specifying the speed),Luhansk,
2021,general secondary educational institutions with access to the Internet (without specifying the speed),Lviv,
2021,general secondary educational institutions with access to the Internet (without specifying the speed),Mykolayiv,
2021,general secondary educational institutions with access to the Internet (without specifying the speed),Odesa,
2021,general secondary educational institutions with access to the Internet (without specifying the speed),Poltava,
2021,general secondary educational institutions with access to the Internet (without specifying the speed),Rivne,
2021,general secondary educational institutions with access to the Internet (without specifying the speed),Sumy,
2021,general secondary educational institutions with access to the Internet (without specifying the speed),Ternopil,
2021,general secondary educational institutions with access to the Internet (without specifying the speed),Kharkiv,
2021,general secondary educational institutions with access to the Internet (without specifying the speed),Kherson,
2021,general secondary educational institutions with access to the Internet (without specifying the speed),Khmelnytskiy,
2021,general secondary educational institutions with access to the Internet (without specifying the speed),Cherkasy,
2021,general secondary educational institutions with access to the Internet (without specifying the speed),Chernivtsi,
2021,general secondary educational institutions with access to the Internet (without specifying the speed),Chernihiv,
2021,general secondary educational institutions with access to the Internet (without specifying the speed),city Kyiv,
2021,general secondary educational institutions with access to the Internet (without specifying the speed),city Sevastopol,
2022,general secondary educational institutions with access to the Internet (without specifying the speed),Ukraine,
2022,general secondary educational institutions with access to the Internet (without specifying the speed),Autonomous Republic of Crimea,
2022,general secondary educational institutions with access to the Internet (without specifying the speed),Vinnytsya,
2022,general secondary educational institutions with access to the Internet (without specifying the speed),Volyn,
2022,general secondary educational institutions with access to the Internet (without specifying the speed),Dnipropetrovsk,
2022,general secondary educational institutions with access to the Internet (without specifying the speed),Donetsk,
2022,general secondary educational institutions with access to the Internet (without specifying the speed),Zhytomyr,
2022,general secondary educational institutions with access to the Internet (without specifying the speed),Zakarpattya,
2022,general secondary educational institutions with access to the Internet (without specifying the speed),Zaporizhzhya,
2022,general secondary educational institutions with access to the Internet (without specifying the speed),Ivano-Frankivsk,
2022,general secondary educational institutions with access to the Internet (without specifying the speed),Kyiv,
2022,general secondary educational institutions with access to the Internet (without specifying the speed),Kirovohrad,
2022,general secondary educational institutions with access to the Internet (without specifying the speed),Luhansk,
2022,general secondary educational institutions with access to the Internet (without specifying the speed),Lviv,
2022,general secondary educational institutions with access to the Internet (without specifying the speed),Mykolayiv,
2022,general secondary educational institutions with access to the Internet (without specifying the speed),Odesa,
2022,general secondary educational institutions with access to the Internet (without specifying the speed),Poltava,
2022,general secondary educational institutions with access to the Internet (without specifying the speed),Rivne,
2022,general secondary educational institutions with access to the Internet (without specifying the speed),Sumy,
2022,general secondary educational institutions with access to the Internet (without specifying the speed),Ternopil,
2022,general secondary educational institutions with access to the Internet (without specifying the speed),Kharkiv,
2022,general secondary educational institutions with access to the Internet (without specifying the speed),Kherson,
2022,general secondary educational institutions with access to the Internet (without specifying the speed),Khmelnytskiy,
2022,general secondary educational institutions with access to the Internet (without specifying the speed),Cherkasy,
2022,general secondary educational institutions with access to the Internet (without specifying the speed),Chernivtsi,
2022,general secondary educational institutions with access to the Internet (without specifying the speed),Chernihiv,
2022,general secondary educational institutions with access to the Internet (without specifying the speed),city Kyiv,
2022,general secondary educational institutions with access to the Internet (without specifying the speed),city Sevastopol,
2023,general secondary educational institutions with access to the Internet (without specifying the speed),Ukraine,
2023,general secondary educational institutions with access to the Internet (without specifying the speed),Autonomous Republic of Crimea,
2023,general secondary educational institutions with access to the Internet (without specifying the speed),Vinnytsya,
2023,general secondary educational institutions with access to the Internet (without specifying the speed),Volyn,
2023,general secondary educational institutions with access to the Internet (without specifying the speed),Dnipropetrovsk,
2023,general secondary educational institutions with access to the Internet (without specifying the speed),Donetsk,
2023,general secondary educational institutions with access to the Internet (without specifying the speed),Zhytomyr,
2023,general secondary educational institutions with access to the Internet (without specifying the speed),Zakarpattya,
2023,general secondary educational institutions with access to the Internet (without specifying the speed),Zaporizhzhya,
2023,general secondary educational institutions with access to the Internet (without specifying the speed),Ivano-Frankivsk,
2023,general secondary educational institutions with access to the Internet (without specifying the speed),Kyiv,
2023,general secondary educational institutions with access to the Internet (without specifying the speed),Kirovohrad,
2023,general secondary educational institutions with access to the Internet (without specifying the speed),Luhansk,
2023,general secondary educational institutions with access to the Internet (without specifying the speed),Lviv,
2023,general secondary educational institutions with access to the Internet (without specifying the speed),Mykolayiv,
2023,general secondary educational institutions with access to the Internet (without specifying the speed),Odesa,
2023,general secondary educational institutions with access to the Internet (without specifying the speed),Poltava,
2023,general secondary educational institutions with access to the Internet (without specifying the speed),Rivne,
2023,general secondary educational institutions with access to the Internet (without specifying the speed),Sumy,
2023,general secondary educational institutions with access to the Internet (without specifying the speed),Ternopil,
2023,general secondary educational institutions with access to the Internet (without specifying the speed),Kharkiv,
2023,general secondary educational institutions with access to the Internet (without specifying the speed),Kherson,
2023,general secondary educational institutions with access to the Internet (without specifying the speed),Khmelnytskiy,
2023,general secondary educational institutions with access to the Internet (without specifying the speed),Cherkasy,
2023,general secondary educational institutions with access to the Internet (without specifying the speed),Chernivtsi,
2023,general secondary educational institutions with access to the Internet (without specifying the speed),Chernihiv,
2023,general secondary educational institutions with access to the Internet (without specifying the speed),city Kyiv,
2023,general secondary educational institutions with access to the Internet (without specifying the speed),city Sevastopol,
2024,general secondary educational institutions with access to the Internet (without specifying the speed),Ukraine,
2024,general secondary educational institutions with access to the Internet (without specifying the speed),Autonomous Republic of Crimea,
2024,general secondary educational institutions with access to the Internet (without specifying the speed),Vinnytsya,
2024,general secondary educational institutions with access to the Internet (without specifying the speed),Volyn,
2024,general secondary educational institutions with access to the Internet (without specifying the speed),Dnipropetrovsk,
2024,general secondary educational institutions with access to the Internet (without specifying the speed),Donetsk,
2024,general secondary educational institutions with access to the Internet (without specifying the speed),Zhytomyr,
2024,general secondary educational institutions with access to the Internet (without specifying the speed),Zakarpattya,
2024,general secondary educational institutions with access to the Internet (without specifying the speed),Zaporizhzhya,
2024,general secondary educational institutions with access to the Internet (without specifying the speed),Ivano-Frankivsk,
2024,general secondary educational institutions with access to the Internet (without specifying the speed),Kyiv,
2024,general secondary educational institutions with access to the Internet (without specifying the speed),Kirovohrad,
2024,general secondary educational institutions with access to the Internet (without specifying the speed),Luhansk,
2024,general secondary educational institutions with access to the Internet (without specifying the speed),Lviv,
2024,general secondary educational institutions with access to the Internet (without specifying the speed),Mykolayiv,
2024,general secondary educational institutions with access to the Internet (without specifying the speed),Odesa,
2024,general secondary educational institutions with access to the Internet (without specifying the speed),Poltava,
2024,general secondary educational institutions with access to the Internet (without specifying the speed),Rivne,
2024,general secondary educational institutions with access to the Internet (without specifying the speed),Sumy,
2024,general secondary educational institutions with access to the Internet (without specifying the speed),Ternopil,
2024,general secondary educational institutions with access to the Internet (without specifying the speed),Kharkiv,
2024,general secondary educational institutions with access to the Internet (without specifying the speed),Kherson,
2024,general secondary educational institutions with access to the Internet (without specifying the speed),Khmelnytskiy,
2024,general secondary educational institutions with access to the Internet (without specifying the speed),Cherkasy,
2024,general secondary educational institutions with access to the Internet (without specifying the speed),Chernivtsi,
2024,general secondary educational institutions with access to the Internet (without specifying the speed),Chernihiv,
2024,general secondary educational institutions with access to the Internet (without specifying the speed),city Kyiv,
2024,general secondary educational institutions with access to the Internet (without specifying the speed),city Sevastopol,
2025,general secondary educational institutions with access to the Internet (without specifying the speed),Ukraine,
2025,general secondary educational institutions with access to the Internet (without specifying the speed),Autonomous Republic of Crimea,
2025,general secondary educational institutions with access to the Internet (without specifying the speed),Vinnytsya,
2025,general secondary educational institutions with access to the Internet (without specifying the speed),Volyn,
2025,general secondary educational institutions with access to the Internet (without specifying the speed),Dnipropetrovsk,
2025,general secondary educational institutions with access to the Internet (without specifying the speed),Donetsk,
2025,general secondary educational institutions with access to the Internet (without specifying the speed),Zhytomyr,
2025,general secondary educational institutions with access to the Internet (without specifying the speed),Zakarpattya,
2025,general secondary educational institutions with access to the Internet (without specifying the speed),Zaporizhzhya,
2025,general secondary educational institutions with access to the Internet (without specifying the speed),Ivano-Frankivsk,
2025,general secondary educational institutions with access to the Internet (without specifying the speed),Kyiv,
2025,general secondary educational institutions with access to the Internet (without specifying the speed),Kirovohrad,
2025,general secondary educational institutions with access to the Internet (without specifying the speed),Luhansk,
2025,general secondary educational institutions with access to the Internet (without specifying the speed),Lviv,
2025,general secondary educational institutions with access to the Internet (without specifying the speed),Mykolayiv,
2025,general secondary educational institutions with access to the Internet (without specifying the speed),Odesa,
2025,general secondary educational institutions with access to the Internet (without specifying the speed),Poltava,
2025,general secondary educational institutions with access to the Internet (without specifying the speed),Rivne,
2025,general secondary educational institutions with access to the Internet (without specifying the speed),Sumy,
2025,general secondary educational institutions with access to the Internet (without specifying the speed),Ternopil,
2025,general secondary educational institutions with access to the Internet (without specifying the speed),Kharkiv,
2025,general secondary educational institutions with access to the Internet (without specifying the speed),Kherson,
2025,general secondary educational institutions with access to the Internet (without specifying the speed),Khmelnytskiy,
2025,general secondary educational institutions with access to the Internet (without specifying the speed),Cherkasy,
2025,general secondary educational institutions with access to the Internet (without specifying the speed),Chernivtsi,
2025,general secondary educational institutions with access to the Internet (without specifying the speed),Chernihiv,
2025,general secondary educational institutions with access to the Internet (without specifying the speed),city Kyiv,
2025,general secondary educational institutions with access to the Internet (without specifying the speed),city Sevastopol,
2015,general secondary educational institutions with broadband wired high-speed (more than 30 Mbit/s) access to the Internet,Ukraine,
2015,general secondary educational institutions with broadband wired high-speed (more than 30 Mbit/s) access to the Internet,Autonomous Republic of Crimea,
2015,general secondary educational institutions with broadband wired high-speed (more than 30 Mbit/s) access to the Internet,Vinnytsya,
2015,general secondary educational institutions with broadband wired high-speed (more than 30 Mbit/s) access to the Internet,Volyn,
2015,general secondary educational institutions with broadband wired high-speed (more than 30 Mbit/s) access to the Internet,Dnipropetrovsk,
2015,general secondary educational institutions with broadband wired high-speed (more than 30 Mbit/s) access to the Internet,Donetsk,
2015,general secondary educational institutions with broadband wired high-speed (more than 30 Mbit/s) access to the Internet,Zhytomyr,
2015,general secondary educational institutions with broadband wired high-speed (more than 30 Mbit/s) access to the Internet,Zakarpattya,
2015,general secondary educational institutions with broadband wired high-speed (more than 30 Mbit/s) access to the Internet,Zaporizhzhya,
2015,general secondary educational institutions with broadband wired high-speed (more than 30 Mbit/s) access to the Internet,Ivano-Frankivsk,
2015,general secondary educational institutions with broadband wired high-speed (more than 30 Mbit/s) access to the Internet,Kyiv,
2015,general secondary educational institutions with broadband wired high-speed (more than 30 Mbit/s) access to the Internet,Kirovohrad,
2015,general secondary educational institutions with broadband wired high-speed (more than 30 Mbit/s) access to the Internet,Luhansk,
2015,general secondary educational institutions with broadband wired high-speed (more than 30 Mbit/s) access to the Internet,Lviv,
2015,general secondary educational institutions with broadband wired high-speed (more than 30 Mbit/s) access to the Internet,Mykolayiv,
2015,general secondary educational institutions with broadband wired high-speed (more than 30 Mbit/s) access to the Internet,Odesa,
2015,general secondary educational institutions with broadband wired high-speed (more than 30 Mbit/s) access to the Internet,Poltava,
2015,general secondary educational institutions with broadband wired high-speed (more than 30 Mbit/s) access to the Internet,Rivne,
2015,general secondary educational institutions with broadband wired high-speed (more than 30 Mbit/s) access to the Internet,Sumy,
2015,general secondary educational institutions with broadband wired high-speed (more than 30 Mbit/s) access to the Internet,Ternopil,
2015,general secondary educational institutions with broadband wired high-speed (more than 30 Mbit/s) access to the Internet,Kharkiv,
2015,general secondary educational institutions with broadband wired high-speed (more than 30 Mbit/s) access to the Internet,Kherson,
2015,general secondary educational institutions with broadband wired high-speed (more than 30 Mbit/s) access to the Internet,Khmelnytskiy,
2015,general secondary educational institutions with broadband wired high-speed (more than 30 Mbit/s) access to the Internet,Cherkasy,
2015,general secondary educational institutions with broadband wired high-speed (more than 30 Mbit/s) access to the Internet,Chernivtsi,
2015,general secondary educational institutions with broadband wired high-speed (more than 30 Mbit/s) access to the Internet,Chernihiv,
2015,general secondary educational institutions with broadband wired high-speed (more than 30 Mbit/s) access to the Internet,city Kyiv,
2015,general secondary educational institutions with broadband wired high-speed (more than 30 Mbit/s) access to the Internet,city Sevastopol,
2016,general secondary educational institutions with broadband wired high-speed (more than 30 Mbit/s) access to the Internet,Ukraine,
2016,general secondary educational institutions with broadband wired high-speed (more than 30 Mbit/s) access to the Internet,Autonomous Republic of Crimea,
2016,general secondary educational institutions with broadband wired high-speed (more than 30 Mbit/s) access to the Internet,Vinnytsya,
2016,general secondary educational institutions with broadband wired high-speed (more than 30 Mbit/s) access to the Internet,Volyn,
2016,general secondary educational institutions with broadband wired high-speed (more than 30 Mbit/s) access to the Internet,Dnipropetrovsk,
2016,general secondary educational institutions with broadband wired high-speed (more than 30 Mbit/s) access to the Internet,Donetsk,
2016,general secondary educational institutions with broadband wired high-speed (more than 30 Mbit/s) access to the Internet,Zhytomyr,
2016,general secondary educational institutions with broadband wired high-speed (more than 30 Mbit/s) access to the Internet,Zakarpattya,
2016,general secondary educational institutions with broadband wired high-speed (more than 30 Mbit/s) access to the Internet,Zaporizhzhya,
2016,general secondary educational institutions with broadband wired high-speed (more than 30 Mbit/s) access to the Internet,Ivano-Frankivsk,
2016,general secondary educational institutions with broadband wired high-speed (more than 30 Mbit/s) access to the Internet,Kyiv,
2016,general secondary educational institutions with broadband wired high-speed (more than 30 Mbit/s) access to the Internet,Kirovohrad,
2016,general secondary educational institutions with broadband wired high-speed (more than 30 Mbit/s) access to the Internet,Luhansk,
2016,general secondary educational institutions with broadband wired high-speed (more than 30 Mbit/s) access to the Internet,Lviv,
2016,general secondary educational institutions with broadband wired high-speed (more than 30 Mbit/s) access to the Internet,Mykolayiv,
2016,general secondary educational institutions with broadband wired high-speed (more than 30 Mbit/s) access to the Internet,Odesa,
2016,general secondary educational institutions with broadband wired high-speed (more than 30 Mbit/s) access to the Internet,Poltava,
2016,general secondary educational institutions with broadband wired high-speed (more than 30 Mbit/s) access to the Internet,Rivne,
2016,general secondary educational institutions with broadband wired high-speed (more than 30 Mbit/s) access to the Internet,Sumy,
2016,general secondary educational institutions with broadband wired high-speed (more than 30 Mbit/s) access to the Internet,Ternopil,
2016,general secondary educational institutions with broadband wired high-speed (more than 30 Mbit/s) access to the Internet,Kharkiv,
2016,general secondary educational institutions with broadband wired high-speed (more than 30 Mbit/s) access to the Internet,Kherson,
2016,general secondary educational institutions with broadband wired high-speed (more than 30 Mbit/s) access to the Internet,Khmelnytskiy,
2016,general secondary educational institutions with broadband wired high-speed (more than 30 Mbit/s) access to the Internet,Cherkasy,
2016,general secondary educational institutions with broadband wired high-speed (more than 30 Mbit/s) access to the Internet,Chernivtsi,
2016,general secondary educational institutions with broadband wired high-speed (more than 30 Mbit/s) access to the Internet,Chernihiv,
2016,general secondary educational institutions with broadband wired high-speed (more than 30 Mbit/s) access to the Internet,city Kyiv,
2016,general secondary educational institutions with broadband wired high-speed (more than 30 Mbit/s) access to the Internet,city Sevastopol,
2017,general secondary educational institutions with broadband wired high-speed (more than 30 Mbit/s) access to the Internet,Ukraine,
2017,general secondary educational institutions with broadband wired high-speed (more than 30 Mbit/s) access to the Internet,Autonomous Republic of Crimea,
2017,general secondary educational institutions with broadband wired high-speed (more than 30 Mbit/s) access to the Internet,Vinnytsya,
2017,general secondary educational institutions with broadband wired high-speed (more than 30 Mbit/s) access to the Internet,Volyn,
2017,general secondary educational institutions with broadband wired high-speed (more than 30 Mbit/s) access to the Internet,Dnipropetrovsk,
2017,general secondary educational institutions with broadband wired high-speed (more than 30 Mbit/s) access to the Internet,Donetsk,
2017,general secondary educational institutions with broadband wired high-speed (more than 30 Mbit/s) access to the Internet,Zhytomyr,
2017,general secondary educational institutions with broadband wired high-speed (more than 30 Mbit/s) access to the Internet,Zakarpattya,
2017,general secondary educational institutions with broadband wired high-speed (more than 30 Mbit/s) access to the Internet,Zaporizhzhya,
2017,general secondary educational institutions with broadband wired high-speed (more than 30 Mbit/s) access to the Internet,Ivano-Frankivsk,
2017,general secondary educational institutions with broadband wired high-speed (more than 30 Mbit/s) access to the Internet,Kyiv,
2017,general secondary educational institutions with broadband wired high-speed (more than 30 Mbit/s) access to the Internet,Kirovohrad,
2017,general secondary educational institutions with broadband wired high-speed (more than 30 Mbit/s) access to the Internet,Luhansk,
2017,general secondary educational institutions with broadband wired high-speed (more than 30 Mbit/s) access to the Internet,Lviv,
2017,general secondary educational institutions with broadband wired high-speed (more than 30 Mbit/s) access to the Internet,Mykolayiv,
2017,general secondary educational institutions with broadband wired high-speed (more than 30 Mbit/s) access to the Internet,Odesa,
2017,general secondary educational institutions with broadband wired high-speed (more than 30 Mbit/s) access to the Internet,Poltava,
2017,general secondary educational institutions with broadband wired high-speed (more than 30 Mbit/s) access to the Internet,Rivne,
2017,general secondary educational institutions with broadband wired high-speed (more than 30 Mbit/s) access to the Internet,Sumy,
2017,general secondary educational institutions with broadband wired high-speed (more than 30 Mbit/s) access to the Internet,Ternopil,
2017,general secondary educational institutions with broadband wired high-speed (more than 30 Mbit/s) access to the Internet,Kharkiv,
2017,general secondary educational institutions with broadband wired high-speed (more than 30 Mbit/s) access to the Internet,Kherson,
2017,general secondary educational institutions with broadband wired high-speed (more than 30 Mbit/s) access to the Internet,Khmelnytskiy,
2017,general secondary educational institutions with broadband wired high-speed (more than 30 Mbit/s) access to the Internet,Cherkasy,
2017,general secondary educational institutions with broadband wired high-speed (more than 30 Mbit/s) access to the Internet,Chernivtsi,
2017,general secondary educational institutions with broadband wired high-speed (more than 30 Mbit/s) access to the Internet,Chernihiv,
2017,general secondary educational institutions with broadband wired high-speed (more than 30 Mbit/s) access to the Internet,city Kyiv,
2017,general secondary educational institutions with broadband wired high-speed (more than 30 Mbit/s) access to the Internet,city Sevastopol,
2018,general secondary educational institutions with broadband wired high-speed (more than 30 Mbit/s) access to the Internet,Ukraine,31.29
2018,general secondary educational institutions with broadband wired high-speed (more than 30 Mbit/s) access to the Internet,Autonomous Republic of Crimea,
2018,general secondary educational institutions with broadband wired high-speed (more than 30 Mbit/s) access to the Internet,Vinnytsya,14.67
2018,general secondary educational institutions with broadband wired high-speed (more than 30 Mbit/s) access to the Internet,Volyn,21.75
2018,general secondary educational institutions with broadband wired high-speed (more than 30 Mbit/s) access to the Internet,Dnipropetrovsk,48.62
2018,general secondary educational institutions with broadband wired high-speed (more than 30 Mbit/s) access to the Internet,Donetsk,42.29
2018,general secondary educational institutions with broadband wired high-speed (more than 30 Mbit/s) access to the Internet,Zhytomyr,18.83
2018,general secondary educational institutions with broadband wired high-speed (more than 30 Mbit/s) access to the Internet,Zakarpattya,22.63
2018,general secondary educational institutions with broadband wired high-speed (more than 30 Mbit/s) access to the Internet,Zaporizhzhya,41.15
2018,general secondary educational institutions with broadband wired high-speed (more than 30 Mbit/s) access to the Internet,Ivano-Frankivsk,31.15
2018,general secondary educational institutions with broadband wired high-speed (more than 30 Mbit/s) access to the Internet,Kyiv,47.17
2018,general secondary educational institutions with broadband wired high-speed (more than 30 Mbit/s) access to the Internet,Kirovohrad,23.96
2018,general secondary educational institutions with broadband wired high-speed (more than 30 Mbit/s) access to the Internet,Luhansk,25.82
2018,general secondary educational institutions with broadband wired high-speed (more than 30 Mbit/s) access to the Internet,Lviv,21.92
2018,general secondary educational institutions with broadband wired high-speed (more than 30 Mbit/s) access to the Internet,Mykolayiv,27.39
2018,general secondary educational institutions with broadband wired high-speed (more than 30 Mbit/s) access to the Internet,Odesa,39.9
2018,general secondary educational institutions with broadband wired high-speed (more than 30 Mbit/s) access to the Internet,Poltava,25.33
2018,general secondary educational institutions with broadband wired high-speed (more than 30 Mbit/s) access to the Internet,Rivne,23.86
2018,general secondary educational institutions with broadband wired high-speed (more than 30 Mbit/s) access to the Internet,Sumy,32.0
2018,general secondary educational institutions with broadband wired high-speed (more than 30 Mbit/s) access to the Internet,Ternopil,27.86
2018,general secondary educational institutions with broadband wired high-speed (more than 30 Mbit/s) access to the Internet,Kharkiv,41.46
2018,general secondary educational institutions with broadband wired high-speed (more than 30 Mbit/s) access to the Internet,Kherson,19.81
2018,general secondary educational institutions with broadband wired high-speed (more than 30 Mbit/s) access to the Internet,Khmelnytskiy,26.01
2018,general secondary educational institutions with broadband wired high-speed (more than 30 Mbit/s) access to the Internet,Cherkasy,23.89
2018,general secondary educational institutions with broadband wired high-speed (more than 30 Mbit/s) access to the Internet,Chernivtsi,44.72
2018,general secondary educational institutions with broadband wired high-speed (more than 30 Mbit/s) access to the Internet,Chernihiv,16.47
2018,general secondary educational institutions with broadband wired high-speed (more than 30 Mbit/s) access to the Internet,city Kyiv,79.87
2018,general secondary educational institutions with broadband wired high-speed (more than 30 Mbit/s) access to the Internet,city Sevastopol,
2019,general secondary educational institutions with broadband wired high-speed (more than 30 Mbit/s) access to the Internet,Ukraine,41.06
2019,general secondary educational institutions with broadband wired high-speed (more than 30 Mbit/s) access to the Internet,Autonomous Republic of Crimea,
2019,general secondary educational institutions with broadband wired high-speed (more than 30 Mbit/s) access to the Internet,Vinnytsya,21.22
2019,general secondary educational institutions with broadband wired high-speed (more than 30 Mbit/s) access to the Internet,Volyn,34.05
2019,general secondary educational institutions with broadband wired high-speed (more than 30 Mbit/s) access to the Internet,Dnipropetrovsk,52.8
2019,general secondary educational institutions with broadband wired high-speed (more than 30 Mbit/s) access to the Internet,Donetsk,58.72
2019,general secondary educational institutions with broadband wired high-speed (more than 30 Mbit/s) access to the Internet,Zhytomyr,28.59
2019,general secondary educational institutions with broadband wired high-speed (more than 30 Mbit/s) access to the Internet,Zakarpattya,26.26
2019,general secondary educational institutions with broadband wired high-speed (more than 30 Mbit/s) access to the Internet,Zaporizhzhya,50.39
2019,general secondary educational institutions with broadband wired high-speed (more than 30 Mbit/s) access to the Internet,Ivano-Frankivsk,40.95
2019,general secondary educational institutions with broadband wired high-speed (more than 30 Mbit/s) access to the Internet,Kyiv,66.28
2019,general secondary educational institutions with broadband wired high-speed (more than 30 Mbit/s) access to the Internet,Kirovohrad,36.04
2019,general secondary educational institutions with broadband wired high-speed (more than 30 Mbit/s) access to the Internet,Luhansk,32.1
2019,general secondary educational institutions with broadband wired high-speed (more than 30 Mbit/s) access to the Internet,Lviv,31.6
2019,general secondary educational institutions with broadband wired high-speed (more than 30 Mbit/s) access to the Internet,Mykolayiv,32.12
2019,general secondary educational institutions with broadband wired high-speed (more than 30 Mbit/s) access to the Internet,Odesa,46.43
2019,general secondary educational institutions with broadband wired high-speed (more than 30 Mbit/s) access to the Internet,Poltava,32.65
2019,general secondary educational institutions with broadband wired high-speed (more than 30 Mbit/s) access to the Internet,Rivne,40.31
2019,general secondary educational institutions with broadband wired high-speed (more than 30 Mbit/s) access to the Internet,Sumy,44.06
2019,general secondary educational institutions with broadband wired high-speed (more than 30 Mbit/s) access to the Internet,Ternopil,48.2
2019,general secondary educational institutions with broadband wired high-speed (more than 30 Mbit/s) access to the Internet,Kharkiv,51.04
2019,general secondary educational institutions with broadband wired high-speed (more than 30 Mbit/s) access to the Internet,Kherson,22.66
2019,general secondary educational institutions with broadband wired high-speed (more than 30 Mbit/s) access to the Internet,Khmelnytskiy,34.38
2019,general secondary educational institutions with broadband wired high-speed (more than 30 Mbit/s) access to the Internet,Cherkasy,35.66
2019,general secondary educational institutions with broadband wired high-speed (more than 30 Mbit/s) access to the Internet,Chernivtsi,63.54
2019,general secondary educational institutions with broadband wired high-speed (more than 30 Mbit/s) access to the Internet,Chernihiv,19.92
2019,general secondary educational institutions with broadband wired high-speed (more than 30 Mbit/s) access to the Internet,city Kyiv,78.3
2019,general secondary educational institutions with broadband wired high-speed (more than 30 Mbit/s) access to the Internet,city Sevastopol,
2020,general secondary educational institutions with broadband wired high-speed (more than 30 Mbit/s) access to the Internet,Ukraine,60.49
2020,general secondary educational institutions with broadband wired high-speed (more than 30 Mbit/s) access to the Internet,Autonomous Republic of Crimea,
2020,general secondary educational institutions with broadband wired high-speed (more than 30 Mbit/s) access to the Internet,Vinnytsya,42.8
2020,general secondary educational institutions with broadband wired high-speed (more than 30 Mbit/s) access to the Internet,Volyn,76.58
2020,general secondary educational institutions with broadband wired high-speed (more than 30 Mbit/s) access to the Internet,Dnipropetrovsk,68.81
2020,general secondary educational institutions with broadband wired high-speed (more than 30 Mbit/s) access to the Internet,Donetsk,73.58
2020,general secondary educational institutions with broadband wired high-speed (more than 30 Mbit/s) access to the Internet,Zhytomyr,36.82
2020,general secondary educational institutions with broadband wired high-speed (more than 30 Mbit/s) access to the Internet,Zakarpattya,50.08
2020,general secondary educational institutions with broadband wired high-speed (more than 30 Mbit/s) access to the Internet,Zaporizhzhya,64.34
2020,general secondary educational institutions with broadband wired high-speed (more than 30 Mbit/s) access to the Internet,Ivano-Frankivsk,57.98
2020,general secondary educational institutions with broadband wired high-speed (more than 30 Mbit/s) access to the Internet,Kyiv,79.22
2020,general secondary educational institutions with broadband wired high-speed (more than 30 Mbit/s) access to the Internet,Kirovohrad,67.79
2020,general secondary educational institutions with broadband wired high-speed (more than 30 Mbit/s) access to the Internet,Luhansk,43.87
2020,general secondary educational institutions with broadband wired high-speed (more than 30 Mbit/s) access to the Internet,Lviv,65.23
2020,general secondary educational institutions with broadband wired high-speed (more than 30 Mbit/s) access to the Internet,Mykolayiv,44.47
2020,general secondary educational institutions with broadband wired high-speed (more than 30 Mbit/s) access to the Internet,Odesa,56.24
2020,general secondary educational institutions with broadband wired high-speed (more than 30 Mbit/s) access to the Internet,Poltava,56.61
2020,general secondary educational institutions with broadband wired high-speed (more than 30 Mbit/s) access to the Internet,Rivne,78.67
2020,general secondary educational institutions with broadband wired high-speed (more than 30 Mbit/s) access to the Internet,Sumy,69.92
2020,general secondary educational institutions with broadband wired high-speed (more than 30 Mbit/s) access to the Internet,Ternopil,76.21
2020,general secondary educational institutions with broadband wired high-speed (more than 30 Mbit/s) access to the Internet,Kharkiv,65.73
2020,general secondary educational institutions with broadband wired high-speed (more than 30 Mbit/s) access to the Internet,Kherson,53.65
2020,general secondary educational institutions with broadband wired high-speed (more than 30 Mbit/s) access to the Internet,Khmelnytskiy,47.05
2020,general secondary educational institutions with broadband wired high-speed (more than 30 Mbit/s) access to the Internet,Cherkasy,61.42
2020,general secondary educational institutions with broadband wired high-speed (more than 30 Mbit/s) access to the Internet,Chernivtsi,95.88
2020,general secondary educational institutions with broadband wired high-speed (more than 30 Mbit/s) access to the Internet,Chernihiv,38.15
2020,general secondary educational institutions with broadband wired high-speed (more than 30 Mbit/s) access to the Internet,city Kyiv,34.26
2020,general secondary educational institutions with broadband wired high-speed (more than 30 Mbit/s) access to the Internet,city Sevastopol,
2021,general secondary educational institutions with broadband wired high-speed (more than 30 Mbit/s) access to the Internet,Ukraine,74.34
2021,general secondary educational institutions with broadband wired high-speed (more than 30 Mbit/s) access to the Internet,Autonomous Republic of Crimea,
2021,general secondary educational institutions with broadband wired high-speed (more than 30 Mbit/s) access to the Internet,Vinnytsya,63.21
2021,general secondary educational institutions with broadband wired high-speed (more than 30 Mbit/s) access to the Internet,Volyn,85.71
2021,general secondary educational institutions with broadband wired high-speed (more than 30 Mbit/s) access to the Internet,Dnipropetrovsk,75.43
2021,general secondary educational institutions with broadband wired high-speed (more than 30 Mbit/s) access to the Internet,Donetsk,88.03
2021,general secondary educational institutions with broadband wired high-speed (more than 30 Mbit/s) access to the Internet,Zhytomyr,56.36
2021,general secondary educational institutions with broadband wired high-speed (more than 30 Mbit/s) access to the Internet,Zakarpattya,63.75
2021,general secondary educational institutions with broadband wired high-speed (more than 30 Mbit/s) access to the Internet,Zaporizhzhya,75.63
2021,general secondary educational institutions with broadband wired high-speed (more than 30 Mbit/s) access to the Internet,Ivano-Frankivsk,71.12
2021,general secondary educational institutions with broadband wired high-speed (more than 30 Mbit/s) access to the Internet,Kyiv,87.13
2021,general secondary educational institutions with broadband wired high-speed (more than 30 Mbit/s) access to the Internet,Kirovohrad,75.17
2021,general secondary educational institutions with broadband wired high-speed (more than 30 Mbit/s) access to the Internet,Luhansk,46.8
2021,general secondary educational institutions with broadband wired high-speed (more than 30 Mbit/s) access to the Internet,Lviv,76.51
2021,general secondary educational institutions with broadband wired high-speed (more than 30 Mbit/s) access to the Internet,Mykolayiv,53.17
2021,general secondary educational institutions with broadband wired high-speed (more than 30 Mbit/s) access to the Internet,Odesa,75.6
2021,general secondary educational institutions with broadband wired high-speed (more than 30 Mbit/s) access to the Internet,Poltava,69.87
2021,general secondary educational institutions with broadband wired high-speed (more than 30 Mbit/s) access to the Internet,Rivne,87.76
2021,general secondary educational institutions with broadband wired high-speed (more than 30 Mbit/s) access to the Internet,Sumy,81.27
2021,general secondary educational institutions with broadband wired high-speed (more than 30 Mbit/s) access to the Internet,Ternopil,85.47
2021,general secondary educational institutions with broadband wired high-speed (more than 30 Mbit/s) access to the Internet,Kharkiv,74.0
2021,general secondary educational institutions with broadband wired high-speed (more than 30 Mbit/s) access to the Internet,Kherson,64.63
2021,general secondary educational institutions with broadband wired high-speed (more than 30 Mbit/s) access to the Internet,Khmelnytskiy,66.55
2021,general secondary educational institutions with broadband wired high-speed (more than 30 Mbit/s) access to the Internet,Cherkasy,78.42
2021,general secondary educational institutions with broadband wired high-speed (more than 30 Mbit/s) access to the Internet,Chernivtsi,99.13
2021,general secondary educational institutions with broadband wired high-speed (more than 30 Mbit/s) access to the Internet,Chernihiv,53.11
2021,general secondary educational institutions with broadband wired high-speed (more than 30 Mbit/s) access to the Internet,city Kyiv,88.01
2021,general secondary educational institutions with broadband wired high-speed (more than 30 Mbit/s) access to the Internet,city Sevastopol,
2022,general secondary educational institutions with broadband wired high-speed (more than 30 Mbit/s) access to the Internet,Ukraine,77.8
2022,general secondary educational institutions with broadband wired high-speed (more than 30 Mbit/s) access to the Internet,Autonomous Republic of Crimea,
2022,general secondary educational institutions with broadband wired high-speed (more than 30 Mbit/s) access to the Internet,Vinnytsya,75.51
2022,general secondary educational institutions with broadband wired high-speed (more than 30 Mbit/s) access to the Internet,Volyn,85.84
2022,general secondary educational institutions with broadband wired high-speed (more than 30 Mbit/s) access to the Internet,Dnipropetrovsk,80.17
2022,general secondary educational institutions with broadband wired high-speed (more than 30 Mbit/s) access to the Internet,Donetsk,78.86
2022,general secondary educational institutions with broadband wired high-speed (more than 30 Mbit/s) access to the Internet,Zhytomyr,65.94
2022,general secondary educational institutions with broadband wired high-speed (more than 30 Mbit/s) access to the Internet,Zakarpattya,69.23
2022,general secondary educational institutions with broadband wired high-speed (more than 30 Mbit/s) access to the Internet,Zaporizhzhya,63.23
2022,general secondary educational institutions with broadband wired high-speed (more than 30 Mbit/s) access to the Internet,Ivano-Frankivsk,72.06
2022,general secondary educational institutions with broadband wired high-speed (more than 30 Mbit/s) access to the Internet,Kyiv,88.46
2022,general secondary educational institutions with broadband wired high-speed (more than 30 Mbit/s) access to the Internet,Kirovohrad,78.69
2022,general secondary educational institutions with broadband wired high-speed (more than 30 Mbit/s) access to the Internet,Luhansk,0.0
2022,general secondary educational institutions with broadband wired high-speed (more than 30 Mbit/s) access to the Internet,Lviv,79.66
2022,general secondary educational institutions with broadband wired high-speed (more than 30 Mbit/s) access to the Internet,Mykolayiv,62.87
2022,general secondary educational institutions with broadband wired high-speed (more than 30 Mbit/s) access to the Internet,Odesa,83.81
2022,general secondary educational institutions with broadband wired high-speed (more than 30 Mbit/s) access to the Internet,Poltava,78.52
2022,general secondary educational institutions with broadband wired high-speed (more than 30 Mbit/s) access to the Internet,Rivne,92.55
2022,general secondary educational institutions with broadband wired high-speed (more than 30 Mbit/s) access to the Internet,Sumy,91.51
2022,general secondary educational institutions with broadband wired high-speed (more than 30 Mbit/s) access to the Internet,Ternopil,86.82
2022,general secondary educational institutions with broadband wired high-speed (more than 30 Mbit/s) access to the Internet,Kharkiv,71.11
2022,general secondary educational institutions with broadband wired high-speed (more than 30 Mbit/s) access to the Internet,Kherson,0.6
2022,general secondary educational institutions with broadband wired high-speed (more than 30 Mbit/s) access to the Internet,Khmelnytskiy,76.29
2022,general secondary educational institutions with broadband wired high-speed (more than 30 Mbit/s) access to the Internet,Cherkasy,86.53
2022,general secondary educational institutions with broadband wired high-speed (more than 30 Mbit/s) access to the Internet,Chernivtsi,97.68
2022,general secondary educational institutions with broadband wired high-speed (more than 30 Mbit/s) access to the Internet,Chernihiv,75.12
2022,general secondary educational institutions with broadband wired high-speed (more than 30 Mbit/s) access to the Internet,city Kyiv,86.18
2022,general secondary educational institutions with broadband wired high-speed (more than 30 Mbit/s) access to the Internet,city Sevastopol,
2023,general secondary educational institutions with broadband wired high-speed (more than 30 Mbit/s) access to the Internet,Ukraine,80.01
2023,general secondary educational institutions with broadband wired high-speed (more than 30 Mbit/s) access to the Internet,Autonomous Republic of Crimea,
2023,general secondary educational institutions with broadband wired high-speed (more than 30 Mbit/s) access to the Internet,Vinnytsya,77.51
2023,general secondary educational institutions with broadband wired high-speed (more than 30 Mbit/s) access to the Internet,Volyn,89.51
2023,general secondary educational institutions with broadband wired high-speed (more than 30 Mbit/s) access to the Internet,Dnipropetrovsk,80.07
2023,general secondary educational institutions with broadband wired high-speed (more than 30 Mbit/s) access to the Internet,Donetsk,87.64
2023,general secondary educational institutions with broadband wired high-speed (more than 30 Mbit/s) access to the Internet,Zhytomyr,68.88
2023,general secondary educational institutions with broadband wired high-speed (more than 30 Mbit/s) access to the Internet,Zakarpattya,72.0
2023,general secondary educational institutions with broadband wired high-speed (more than 30 Mbit/s) access to the Internet,Zaporizhzhya,46.8
2023,general secondary educational institutions with broadband wired high-speed (more than 30 Mbit/s) access to the Internet,Ivano-Frankivsk,75.54
2023,general secondary educational institutions with broadband wired high-speed (more than 30 Mbit/s) access to the Internet,Kyiv,90.68
2023,general secondary educational institutions with broadband wired high-speed (more than 30 Mbit/s) access to the Internet,Kirovohrad,84.81
2023,general secondary educational institutions with broadband wired high-speed (more than 30 Mbit/s) access to the Internet,Luhansk,0.0
2023,general secondary educational institutions with broadband wired high-speed (more than 30 Mbit/s) access to the Internet,Lviv,81.45
2023,general secondary educational institutions with broadband wired high-speed (more than 30 Mbit/s) access to the Internet,Mykolayiv,68.91
2023,general secondary educational institutions with broadband wired high-speed (more than 30 Mbit/s) access to the Internet,Odesa,86.03
2023,general secondary educational institutions with broadband wired high-speed (more than 30 Mbit/s) access to the Internet,Poltava,83.83
2023,general secondary educational institutions with broadband wired high-speed (more than 30 Mbit/s) access to the Internet,Rivne,92.24
2023,general secondary educational institutions with broadband wired high-speed (more than 30 Mbit/s) access to the Internet,Sumy,90.03
2023,general secondary educational institutions with broadband wired high-speed (more than 30 Mbit/s) access to the Internet,Ternopil,88.25
2023,general secondary educational institutions with broadband wired high-speed (more than 30 Mbit/s) access to the Internet,Kharkiv,71.0
2023,general secondary educational institutions with broadband wired high-speed (more than 30 Mbit/s) access to the Internet,Kherson,21.39
2023,general secondary educational institutions with broadband wired high-speed (more than 30 Mbit/s) access to the Internet,Khmelnytskiy,80.79
2023,general secondary educational institutions with broadband wired high-speed (more than 30 Mbit/s) access to the Internet,Cherkasy,93.0
2023,general secondary educational institutions with broadband wired high-speed (more than 30 Mbit/s) access to the Internet,Chernivtsi,98.82
2023,general secondary educational institutions with broadband wired high-speed (more than 30 Mbit/s) access to the Internet,Chernihiv,80.66
2023,general secondary educational institutions with broadband wired high-speed (more than 30 Mbit/s) access to the Internet,city Kyiv,87.78
2023,general secondary educational institutions with broadband wired high-speed (more than 30 Mbit/s) access to the Internet,city Sevastopol,
2024,general secondary educational institutions with broadband wired high-speed (more than 30 Mbit/s) access to the Internet,Ukraine,80.45
2024,general secondary educational institutions with broadband wired high-speed (more than 30 Mbit/s) access to the Internet,Autonomous Republic of Crimea,
2024,general secondary educational institutions with broadband wired high-speed (more than 30 Mbit/s) access to the Internet,Vinnytsya,81.73
2024,general secondary educational institutions with broadband wired high-speed (more than 30 Mbit/s) access to the Internet,Volyn,87.26
2024,general secondary educational institutions with broadband wired high-speed (more than 30 Mbit/s) access to the Internet,Dnipropetrovsk,82.22
2024,general secondary educational institutions with broadband wired high-speed (more than 30 Mbit/s) access to the Internet,Donetsk,89.88
2024,general secondary educational institutions with broadband wired high-speed (more than 30 Mbit/s) access to the Internet,Zhytomyr,70.25
2024,general secondary educational institutions with broadband wired high-speed (more than 30 Mbit/s) access to the Internet,Zakarpattya,71.73
2024,general secondary educational institutions with broadband wired high-speed (more than 30 Mbit/s) access to the Internet,Zaporizhzhya,42.33
2024,general secondary educational institutions with broadband wired high-speed (more than 30 Mbit/s) access to the Internet,Ivano-Frankivsk,73.09
2024,general secondary educational institutions with broadband wired high-speed (more than 30 Mbit/s) access to the Internet,Kyiv,90.16
2024,general secondary educational institutions with broadband wired high-speed (more than 30 Mbit/s) access to the Internet,Kirovohrad,84.56
2024,general secondary educational institutions with broadband wired high-speed (more than 30 Mbit/s) access to the Internet,Luhansk,1.2
2024,general secondary educational institutions with broadband wired high-speed (more than 30 Mbit/s) access to the Internet,Lviv,80.89
2024,general secondary educational institutions with broadband wired high-speed (more than 30 Mbit/s) access to the Internet,Mykolayiv,71.88
2024,general secondary educational institutions with broadband wired high-speed (more than 30 Mbit/s) access to the Internet,Odesa,88.31
2024,general secondary educational institutions with broadband wired high-speed (more than 30 Mbit/s) access to the Internet,Poltava,85.0
2024,general secondary educational institutions with broadband wired high-speed (more than 30 Mbit/s) access to the Internet,Rivne,92.74
2024,general secondary educational institutions with broadband wired high-speed (more than 30 Mbit/s) access to the Internet,Sumy,86.56
2024,general secondary educational institutions with broadband wired high-speed (more than 30 Mbit/s) access to the Internet,Ternopil,87.73
2024,general secondary educational institutions with broadband wired high-speed (more than 30 Mbit/s) access to the Internet,Kharkiv,70.58
2024,general secondary educational institutions with broadband wired high-speed (more than 30 Mbit/s) access to the Internet,Kherson,21.26
2024,general secondary educational institutions with broadband wired high-speed (more than 30 Mbit/s) access to the Internet,Khmelnytskiy,81.68
2024,general secondary educational institutions with broadband wired high-speed (more than 30 Mbit/s) access to the Internet,Cherkasy,95.61
2024,general secondary educational institutions with broadband wired high-speed (more than 30 Mbit/s) access to the Internet,Chernivtsi,97.91
2024,general secondary educational institutions with broadband wired high-speed (more than 30 Mbit/s) access to the Internet,Chernihiv,84.04
2024,general secondary educational institutions with broadband wired high-speed (more than 30 Mbit/s) access to the Internet,city Kyiv,87.87
2024,general secondary educational institutions with broadband wired high-speed (more than 30 Mbit/s) access to the Internet,city Sevastopol,
2025,general secondary educational institutions with broadband wired high-speed (more than 30 Mbit/s) access to the Internet,Ukraine,81.03
2025,general secondary educational institutions with broadband wired high-speed (more than 30 Mbit/s) access to the Internet,Autonomous Republic of Crimea,
2025,general secondary educational institutions with broadband wired high-speed (more than 30 Mbit/s) access to the Internet,Vinnytsya,83.0
2025,general secondary educational institutions with broadband wired high-speed (more than 30 Mbit/s) access to the Internet,Volyn,87.94
2025,general secondary educational institutions with broadband wired high-speed (more than 30 Mbit/s) access to the Internet,Dnipropetrovsk,78.18
2025,general secondary educational institutions with broadband wired high-speed (more than 30 Mbit/s) access to the Internet,Donetsk,89.77
2025,general secondary educational institutions with broadband wired high-speed (more than 30 Mbit/s) access to the Internet,Zhytomyr,69.51
2025,general secondary educational institutions with broadband wired high-speed (more than 30 Mbit/s) access to the Internet,Zakarpattya,73.81
2025,general secondary educational institutions with broadband wired high-speed (more than 30 Mbit/s) access to the Internet,Zaporizhzhya,46.67
2025,general secondary educational institutions with broadband wired high-speed (more than 30 Mbit/s) access to the Internet,Ivano-Frankivsk,76.1
2025,general secondary educational institutions with broadband wired high-speed (more than 30 Mbit/s) access to the Internet,Kyiv,91.99
2025,general secondary educational institutions with broadband wired high-speed (more than 30 Mbit/s) access to the Internet,Kirovohrad,81.88
2025,general secondary educational institutions with broadband wired high-speed (more than 30 Mbit/s) access to the Internet,Luhansk,0.0
2025,general secondary educational institutions with broadband wired high-speed (more than 30 Mbit/s) access to the Internet,Lviv,79.6
2025,general secondary educational institutions with broadband wired high-speed (more than 30 Mbit/s) access to the Internet,Mykolayiv,75.57
2025,general secondary educational institutions with broadband wired high-speed (more than 30 Mbit/s) access to the Internet,Odesa,87.87
2025,general secondary educational institutions with broadband wired high-speed (more than 30 Mbit/s) access to the Internet,Poltava,88.21
2025,general secondary educational institutions with broadband wired high-speed (more than 30 Mbit/s) access to the Internet,Rivne,93.75
2025,general secondary educational institutions with broadband wired high-speed (more than 30 Mbit/s) access to the Internet,Sumy,86.01
2025,general secondary educational institutions with broadband wired high-speed (more than 30 Mbit/s) access to the Internet,Ternopil,86.46
2025,general secondary educational institutions with broadband wired high-speed (more than 30 Mbit/s) access to the Internet,Kharkiv,72.87
2025,general secondary educational institutions with broadband wired high-speed (more than 30 Mbit/s) access to the Internet,Kherson,19.88
2025,general secondary educational institutions with broadband wired high-speed (more than 30 Mbit/s) access to the Internet,Khmelnytskiy,81.61
2025,general secondary educational institutions with broadband wired high-speed (more than 30 Mbit/s) access to the Internet,Cherkasy,95.66
2025,general secondary educational institutions with broadband wired high-speed (more than 30 Mbit/s) access to the Internet,Chernivtsi,98.49
2025,general secondary educational institutions with broadband wired high-speed (more than 30 Mbit/s) access to the Internet,Chernihiv,88.58
2025,general secondary educational institutions with broadband wired high-speed (more than 30 Mbit/s) access to the Internet,city Kyiv,86.6
2025,general secondary educational institutions with broadband wired high-speed (more than 30 Mbit/s) access to the Internet,city Sevastopol,
2015,general secondary educational institutions with high-speed (more than 30 Mbit/s) wireless access to the Internet,Ukraine,
2015,general secondary educational institutions with high-speed (more than 30 Mbit/s) wireless access to the Internet,Autonomous Republic of Crimea,
2015,general secondary educational institutions with high-speed (more than 30 Mbit/s) wireless access to the Internet,Vinnytsya,
2015,general secondary educational institutions with high-speed (more than 30 Mbit/s) wireless access to the Internet,Volyn,
2015,general secondary educational institutions with high-speed (more than 30 Mbit/s) wireless access to the Internet,Dnipropetrovsk,
2015,general secondary educational institutions with high-speed (more than 30 Mbit/s) wireless access to the Internet,Donetsk,
2015,general secondary educational institutions with high-speed (more than 30 Mbit/s) wireless access to the Internet,Zhytomyr,
2015,general secondary educational institutions with high-speed (more than 30 Mbit/s) wireless access to the Internet,Zakarpattya,
2015,general secondary educational institutions with high-speed (more than 30 Mbit/s) wireless access to the Internet,Zaporizhzhya,
2015,general secondary educational institutions with high-speed (more than 30 Mbit/s) wireless access to the Internet,Ivano-Frankivsk,
2015,general secondary educational institutions with high-speed (more than 30 Mbit/s) wireless access to the Internet,Kyiv,
2015,general secondary educational institutions with high-speed (more than 30 Mbit/s) wireless access to the Internet,Kirovohrad,
2015,general secondary educational institutions with high-speed (more than 30 Mbit/s) wireless access to the Internet,Luhansk,
2015,general secondary educational institutions with high-speed (more than 30 Mbit/s) wireless access to the Internet,Lviv,
2015,general secondary educational institutions with high-speed (more than 30 Mbit/s) wireless access to the Internet,Mykolayiv,
2015,general secondary educational institutions with high-speed (more than 30 Mbit/s) wireless access to the Internet,Odesa,
2015,general secondary educational institutions with high-speed (more than 30 Mbit/s) wireless access to the Internet,Poltava,
2015,general secondary educational institutions with high-speed (more than 30 Mbit/s) wireless access to the Internet,Rivne,
2015,general secondary educational institutions with high-speed (more than 30 Mbit/s) wireless access to the Internet,Sumy,
2015,general secondary educational institutions with high-speed (more than 30 Mbit/s) wireless access to the Internet,Ternopil,
2015,general secondary educational institutions with high-speed (more than 30 Mbit/s) wireless access to the Internet,Kharkiv,
2015,general secondary educational institutions with high-speed (more than 30 Mbit/s) wireless access to the Internet,Kherson,
2015,general secondary educational institutions with high-speed (more than 30 Mbit/s) wireless access to the Internet,Khmelnytskiy,
2015,general secondary educational institutions with high-speed (more than 30 Mbit/s) wireless access to the Internet,Cherkasy,
2015,general secondary educational institutions with high-speed (more than 30 Mbit/s) wireless access to the Internet,Chernivtsi,
2015,general secondary educational institutions with high-speed (more than 30 Mbit/s) wireless access to the Internet,Chernihiv,
2015,general secondary educational institutions with high-speed (more than 30 Mbit/s) wireless access to the Internet,city Kyiv,
2015,general secondary educational institutions with high-speed (more than 30 Mbit/s) wireless access to the Internet,city Sevastopol,
2016,general secondary educational institutions with high-speed (more than 30 Mbit/s) wireless access to the Internet,Ukraine,
2016,general secondary educational institutions with high-speed (more than 30 Mbit/s) wireless access to the Internet,Autonomous Republic of Crimea,
2016,general secondary educational institutions with high-speed (more than 30 Mbit/s) wireless access to the Internet,Vinnytsya,
2016,general secondary educational institutions with high-speed (more than 30 Mbit/s) wireless access to the Internet,Volyn,
2016,general secondary educational institutions with high-speed (more than 30 Mbit/s) wireless access to the Internet,Dnipropetrovsk,
2016,general secondary educational institutions with high-speed (more than 30 Mbit/s) wireless access to the Internet,Donetsk,
2016,general secondary educational institutions with high-speed (more than 30 Mbit/s) wireless access to the Internet,Zhytomyr,
2016,general secondary educational institutions with high-speed (more than 30 Mbit/s) wireless access to the Internet,Zakarpattya,
2016,general secondary educational institutions with high-speed (more than 30 Mbit/s) wireless access to the Internet,Zaporizhzhya,
2016,general secondary educational institutions with high-speed (more than 30 Mbit/s) wireless access to the Internet,Ivano-Frankivsk,
2016,general secondary educational institutions with high-speed (more than 30 Mbit/s) wireless access to the Internet,Kyiv,
2016,general secondary educational institutions with high-speed (more than 30 Mbit/s) wireless access to the Internet,Kirovohrad,
2016,general secondary educational institutions with high-speed (more than 30 Mbit/s) wireless access to the Internet,Luhansk,
2016,general secondary educational institutions with high-speed (more than 30 Mbit/s) wireless access to the Internet,Lviv,
2016,general secondary educational institutions with high-speed (more than 30 Mbit/s) wireless access to the Internet,Mykolayiv,
2016,general secondary educational institutions with high-speed (more than 30 Mbit/s) wireless access to the Internet,Odesa,
2016,general secondary educational institutions with high-speed (more than 30 Mbit/s) wireless access to the Internet,Poltava,
2016,general secondary educational institutions with high-speed (more than 30 Mbit/s) wireless access to the Internet,Rivne,
2016,general secondary educational institutions with high-speed (more than 30 Mbit/s) wireless access to the Internet,Sumy,
2016,general secondary educational institutions with high-speed (more than 30 Mbit/s) wireless access to the Internet,Ternopil,
2016,general secondary educational institutions with high-speed (more than 30 Mbit/s) wireless access to the Internet,Kharkiv,
2016,general secondary educational institutions with high-speed (more than 30 Mbit/s) wireless access to the Internet,Kherson,
2016,general secondary educational institutions with high-speed (more than 30 Mbit/s) wireless access to the Internet,Khmelnytskiy,
2016,general secondary educational institutions with high-speed (more than 30 Mbit/s) wireless access to the Internet,Cherkasy,
2016,general secondary educational institutions with high-speed (more than 30 Mbit/s) wireless access to the Internet,Chernivtsi,
2016,general secondary educational institutions with high-speed (more than 30 Mbit/s) wireless access to the Internet,Chernihiv,
2016,general secondary educational institutions with high-speed (more than 30 Mbit/s) wireless access to the Internet,city Kyiv,
2016,general secondary educational institutions with high-speed (more than 30 Mbit/s) wireless access to the Internet,city Sevastopol,
2017,general secondary educational institutions with high-speed (more than 30 Mbit/s) wireless access to the Internet,Ukraine,
2017,general secondary educational institutions with high-speed (more than 30 Mbit/s) wireless access to the Internet,Autonomous Republic of Crimea,
2017,general secondary educational institutions with high-speed (more than 30 Mbit/s) wireless access to the Internet,Vinnytsya,
2017,general secondary educational institutions with high-speed (more than 30 Mbit/s) wireless access to the Internet,Volyn,
2017,general secondary educational institutions with high-speed (more than 30 Mbit/s) wireless access to the Internet,Dnipropetrovsk,
2017,general secondary educational institutions with high-speed (more than 30 Mbit/s) wireless access to the Internet,Donetsk,
2017,general secondary educational institutions with high-speed (more than 30 Mbit/s) wireless access to the Internet,Zhytomyr,
2017,general secondary educational institutions with high-speed (more than 30 Mbit/s) wireless access to the Internet,Zakarpattya,
2017,general secondary educational institutions with high-speed (more than 30 Mbit/s) wireless access to the Internet,Zaporizhzhya,
2017,general secondary educational institutions with high-speed (more than 30 Mbit/s) wireless access to the Internet,Ivano-Frankivsk,
2017,general secondary educational institutions with high-speed (more than 30 Mbit/s) wireless access to the Internet,Kyiv,
2017,general secondary educational institutions with high-speed (more than 30 Mbit/s) wireless access to the Internet,Kirovohrad,
2017,general secondary educational institutions with high-speed (more than 30 Mbit/s) wireless access to the Internet,Luhansk,
2017,general secondary educational institutions with high-speed (more than 30 Mbit/s) wireless access to the Internet,Lviv,
2017,general secondary educational institutions with high-speed (more than 30 Mbit/s) wireless access to the Internet,Mykolayiv,
2017,general secondary educational institutions with high-speed (more than 30 Mbit/s) wireless access to the Internet,Odesa,
2017,general secondary educational institutions with high-speed (more than 30 Mbit/s) wireless access to the Internet,Poltava,
2017,general secondary educational institutions with high-speed (more than 30 Mbit/s) wireless access to the Internet,Rivne,
2017,general secondary educational institutions with high-speed (more than 30 Mbit/s) wireless access to the Internet,Sumy,
2017,general secondary educational institutions with high-speed (more than 30 Mbit/s) wireless access to the Internet,Ternopil,
2017,general secondary educational institutions with high-speed (more than 30 Mbit/s) wireless access to the Internet,Kharkiv,
2017,general secondary educational institutions with high-speed (more than 30 Mbit/s) wireless access to the Internet,Kherson,
2017,general secondary educational institutions with high-speed (more than 30 Mbit/s) wireless access to the Internet,Khmelnytskiy,
2017,general secondary educational institutions with high-speed (more than 30 Mbit/s) wireless access to the Internet,Cherkasy,
2017,general secondary educational institutions with high-speed (more than 30 Mbit/s) wireless access to the Internet,Chernivtsi,
2017,general secondary educational institutions with high-speed (more than 30 Mbit/s) wireless access to the Internet,Chernihiv,
2017,general secondary educational institutions with high-speed (more than 30 Mbit/s) wireless access to the Internet,city Kyiv,
2017,general secondary educational institutions with high-speed (more than 30 Mbit/s) wireless access to the Internet,city Sevastopol,
2018,general secondary educational institutions with high-speed (more than 30 Mbit/s) wireless access to the Internet,Ukraine,14.43
2018,general secondary educational institutions with high-speed (more than 30 Mbit/s) wireless access to the Internet,Autonomous Republic of Crimea,
2018,general secondary educational institutions with high-speed (more than 30 Mbit/s) wireless access to the Internet,Vinnytsya,6.82
2018,general secondary educational institutions with high-speed (more than 30 Mbit/s) wireless access to the Internet,Volyn,8.77
2018,general secondary educational institutions with high-speed (more than 30 Mbit/s) wireless access to the Internet,Dnipropetrovsk,24.88
2018,general secondary educational institutions with high-speed (more than 30 Mbit/s) wireless access to the Internet,Donetsk,19.17
2018,general secondary educational institutions with high-speed (more than 30 Mbit/s) wireless access to the Internet,Zhytomyr,8.02
2018,general secondary educational institutions with high-speed (more than 30 Mbit/s) wireless access to the Internet,Zakarpattya,10.4
2018,general secondary educational institutions with high-speed (more than 30 Mbit/s) wireless access to the Internet,Zaporizhzhya,22.53
2018,general secondary educational institutions with high-speed (more than 30 Mbit/s) wireless access to the Internet,Ivano-Frankivsk,10.63
2018,general secondary educational institutions with high-speed (more than 30 Mbit/s) wireless access to the Internet,Kyiv,22.06
2018,general secondary educational institutions with high-speed (more than 30 Mbit/s) wireless access to the Internet,Kirovohrad,14.7
2018,general secondary educational institutions with high-speed (more than 30 Mbit/s) wireless access to the Internet,Luhansk,12.0
2018,general secondary educational institutions with high-speed (more than 30 Mbit/s) wireless access to the Internet,Lviv,9.78
2018,general secondary educational institutions with high-speed (more than 30 Mbit/s) wireless access to the Internet,Mykolayiv,15.77
2018,general secondary educational institutions with high-speed (more than 30 Mbit/s) wireless access to the Internet,Odesa,13.9
2018,general secondary educational institutions with high-speed (more than 30 Mbit/s) wireless access to the Internet,Poltava,13.17
2018,general secondary educational institutions with high-speed (more than 30 Mbit/s) wireless access to the Internet,Rivne,10.66
2018,general secondary educational institutions with high-speed (more than 30 Mbit/s) wireless access to the Internet,Sumy,18.12
2018,general secondary educational institutions with high-speed (more than 30 Mbit/s) wireless access to the Internet,Ternopil,11.56
2018,general secondary educational institutions with high-speed (more than 30 Mbit/s) wireless access to the Internet,Kharkiv,18.18
2018,general secondary educational institutions with high-speed (more than 30 Mbit/s) wireless access to the Internet,Kherson,12.32
2018,general secondary educational institutions with high-speed (more than 30 Mbit/s) wireless access to the Internet,Khmelnytskiy,13.9
2018,general secondary educational institutions with high-speed (more than 30 Mbit/s) wireless access to the Internet,Cherkasy,9.38
2018,general secondary educational institutions with high-speed (more than 30 Mbit/s) wireless access to the Internet,Chernivtsi,23.87
2018,general secondary educational institutions with high-speed (more than 30 Mbit/s) wireless access to the Internet,Chernihiv,6.83
2018,general secondary educational institutions with high-speed (more than 30 Mbit/s) wireless access to the Internet,city Kyiv,32.08
2018,general secondary educational institutions with high-speed (more than 30 Mbit/s) wireless access to the Internet,city Sevastopol,
2019,general secondary educational institutions with high-speed (more than 30 Mbit/s) wireless access to the Internet,Ukraine,19.32
2019,general secondary educational institutions with high-speed (more than 30 Mbit/s) wireless access to the Internet,Autonomous Republic of Crimea,
2019,general secondary educational institutions with high-speed (more than 30 Mbit/s) wireless access to the Internet,Vinnytsya,8.09
2019,general secondary educational institutions with high-speed (more than 30 Mbit/s) wireless access to the Internet,Volyn,14.95
2019,general secondary educational institutions with high-speed (more than 30 Mbit/s) wireless access to the Internet,Dnipropetrovsk,35.76
2019,general secondary educational institutions with high-speed (more than 30 Mbit/s) wireless access to the Internet,Donetsk,23.45
2019,general secondary educational institutions with high-speed (more than 30 Mbit/s) wireless access to the Internet,Zhytomyr,11.95
2019,general secondary educational institutions with high-speed (more than 30 Mbit/s) wireless access to the Internet,Zakarpattya,14.2
2019,general secondary educational institutions with high-speed (more than 30 Mbit/s) wireless access to the Internet,Zaporizhzhya,26.64
2019,general secondary educational institutions with high-speed (more than 30 Mbit/s) wireless access to the Internet,Ivano-Frankivsk,13.95
2019,general secondary educational institutions with high-speed (more than 30 Mbit/s) wireless access to the Internet,Kyiv,38.1
2019,general secondary educational institutions with high-speed (more than 30 Mbit/s) wireless access to the Internet,Kirovohrad,25.0
2019,general secondary educational institutions with high-speed (more than 30 Mbit/s) wireless access to the Internet,Luhansk,15.13
2019,general secondary educational institutions with high-speed (more than 30 Mbit/s) wireless access to the Internet,Lviv,10.56
2019,general secondary educational institutions with high-speed (more than 30 Mbit/s) wireless access to the Internet,Mykolayiv,18.63
2019,general secondary educational institutions with high-speed (more than 30 Mbit/s) wireless access to the Internet,Odesa,18.55
2019,general secondary educational institutions with high-speed (more than 30 Mbit/s) wireless access to the Internet,Poltava,19.73
2019,general secondary educational institutions with high-speed (more than 30 Mbit/s) wireless access to the Internet,Rivne,10.99
2019,general secondary educational institutions with high-speed (more than 30 Mbit/s) wireless access to the Internet,Sumy,10.89
2019,general secondary educational institutions with high-speed (more than 30 Mbit/s) wireless access to the Internet,Ternopil,19.91
2019,general secondary educational institutions with high-speed (more than 30 Mbit/s) wireless access to the Internet,Kharkiv,29.68
2019,general secondary educational institutions with high-speed (more than 30 Mbit/s) wireless access to the Internet,Kherson,13.79
2019,general secondary educational institutions with high-speed (more than 30 Mbit/s) wireless access to the Internet,Khmelnytskiy,17.27
2019,general secondary educational institutions with high-speed (more than 30 Mbit/s) wireless access to the Internet,Cherkasy,15.26
2019,general secondary educational institutions with high-speed (more than 30 Mbit/s) wireless access to the Internet,Chernivtsi,30.13
2019,general secondary educational institutions with high-speed (more than 30 Mbit/s) wireless access to the Internet,Chernihiv,8.6
2019,general secondary educational institutions with high-speed (more than 30 Mbit/s) wireless access to the Internet,city Kyiv,33.93
2019,general secondary educational institutions with high-speed (more than 30 Mbit/s) wireless access to the Internet,city Sevastopol,
2020,general secondary educational institutions with high-speed (more than 30 Mbit/s) wireless access to the Internet,Ukraine,28.75
2020,general secondary educational institutions with high-speed (more than 30 Mbit/s) wireless access to the Internet,Autonomous Republic of Crimea,
2020,general secondary educational institutions with high-speed (more than 30 Mbit/s) wireless access to the Internet,Vinnytsya,17.56
2020,general secondary educational institutions with high-speed (more than 30 Mbit/s) wireless access to the Internet,Volyn,21.37
2020,general secondary educational institutions with high-speed (more than 30 Mbit/s) wireless access to the Internet,Dnipropetrovsk,50.97
2020,general secondary educational institutions with high-speed (more than 30 Mbit/s) wireless access to the Internet,Donetsk,38.21
2020,general secondary educational institutions with high-speed (more than 30 Mbit/s) wireless access to the Internet,Zhytomyr,18.08
2020,general secondary educational institutions with high-speed (more than 30 Mbit/s) wireless access to the Internet,Zakarpattya,32.64
2020,general secondary educational institutions with high-speed (more than 30 Mbit/s) wireless access to the Internet,Zaporizhzhya,37.4
2020,general secondary educational institutions with high-speed (more than 30 Mbit/s) wireless access to the Internet,Ivano-Frankivsk,0.31
2020,general secondary educational institutions with high-speed (more than 30 Mbit/s) wireless access to the Internet,Kyiv,48.4
2020,general secondary educational institutions with high-speed (more than 30 Mbit/s) wireless access to the Internet,Kirovohrad,40.6
2020,general secondary educational institutions with high-speed (more than 30 Mbit/s) wireless access to the Internet,Luhansk,21.19
2020,general secondary educational institutions with high-speed (more than 30 Mbit/s) wireless access to the Internet,Lviv,26.76
2020,general secondary educational institutions with high-speed (more than 30 Mbit/s) wireless access to the Internet,Mykolayiv,25.38
2020,general secondary educational institutions with high-speed (more than 30 Mbit/s) wireless access to the Internet,Odesa,29.17
2020,general secondary educational institutions with high-speed (more than 30 Mbit/s) wireless access to the Internet,Poltava,46.56
2020,general secondary educational institutions with high-speed (more than 30 Mbit/s) wireless access to the Internet,Rivne,12.59
2020,general secondary educational institutions with high-speed (more than 30 Mbit/s) wireless access to the Internet,Sumy,17.22
2020,general secondary educational institutions with high-speed (more than 30 Mbit/s) wireless access to the Internet,Ternopil,21.59
2020,general secondary educational institutions with high-speed (more than 30 Mbit/s) wireless access to the Internet,Kharkiv,35.24
2020,general secondary educational institutions with high-speed (more than 30 Mbit/s) wireless access to the Internet,Kherson,36.72
2020,general secondary educational institutions with high-speed (more than 30 Mbit/s) wireless access to the Internet,Khmelnytskiy,22.62
2020,general secondary educational institutions with high-speed (more than 30 Mbit/s) wireless access to the Internet,Cherkasy,29.17
2020,general secondary educational institutions with high-speed (more than 30 Mbit/s) wireless access to the Internet,Chernivtsi,52.58
2020,general secondary educational institutions with high-speed (more than 30 Mbit/s) wireless access to the Internet,Chernihiv,20.47
2020,general secondary educational institutions with high-speed (more than 30 Mbit/s) wireless access to the Internet,city Kyiv,19.44
2020,general secondary educational institutions with high-speed (more than 30 Mbit/s) wireless access to the Internet,city Sevastopol,
2021,general secondary educational institutions with high-speed (more than 30 Mbit/s) wireless access to the Internet,Ukraine,39.87
2021,general secondary educational institutions with high-speed (more than 30 Mbit/s) wireless access to the Internet,Autonomous Republic of Crimea,
2021,general secondary educational institutions with high-speed (more than 30 Mbit/s) wireless access to the Internet,Vinnytsya,26.1
2021,general secondary educational institutions with high-speed (more than 30 Mbit/s) wireless access to the Internet,Volyn,18.63
2021,general secondary educational institutions with high-speed (more than 30 Mbit/s) wireless access to the Internet,Dnipropetrovsk,56.97
2021,general secondary educational institutions with high-speed (more than 30 Mbit/s) wireless access to the Internet,Donetsk,76.26
2021,general secondary educational institutions with high-speed (more than 30 Mbit/s) wireless access to the Internet,Zhytomyr,33.57
2021,general secondary educational institutions with high-speed (more than 30 Mbit/s) wireless access to the Internet,Zakarpattya,45.88
2021,general secondary educational institutions with high-speed (more than 30 Mbit/s) wireless access to the Internet,Zaporizhzhya,50.0
2021,general secondary educational institutions with high-speed (more than 30 Mbit/s) wireless access to the Internet,Ivano-Frankivsk,0.17
2021,general secondary educational institutions with high-speed (more than 30 Mbit/s) wireless access to the Internet,Kyiv,53.8
2021,general secondary educational institutions with high-speed (more than 30 Mbit/s) wireless access to the Internet,Kirovohrad,61.56
2021,general secondary educational institutions with high-speed (more than 30 Mbit/s) wireless access to the Internet,Luhansk,14.0
2021,general secondary educational institutions with high-speed (more than 30 Mbit/s) wireless access to the Internet,Lviv,46.26
2021,general secondary educational institutions with high-speed (more than 30 Mbit/s) wireless access to the Internet,Mykolayiv,29.41
2021,general secondary educational institutions with high-speed (more than 30 Mbit/s) wireless access to the Internet,Odesa,41.94
2021,general secondary educational institutions with high-speed (more than 30 Mbit/s) wireless access to the Internet,Poltava,56.05
2021,general secondary educational institutions with high-speed (more than 30 Mbit/s) wireless access to the Internet,Rivne,0.93
2021,general secondary educational institutions with high-speed (more than 30 Mbit/s) wireless access to the Internet,Sumy,35.54
2021,general secondary educational institutions with high-speed (more than 30 Mbit/s) wireless access to the Internet,Ternopil,9.27
2021,general secondary educational institutions with high-speed (more than 30 Mbit/s) wireless access to the Internet,Kharkiv,38.29
2021,general secondary educational institutions with high-speed (more than 30 Mbit/s) wireless access to the Internet,Kherson,53.19
2021,general secondary educational institutions with high-speed (more than 30 Mbit/s) wireless access to the Internet,Khmelnytskiy,33.45
2021,general secondary educational institutions with high-speed (more than 30 Mbit/s) wireless access to the Internet,Cherkasy,48.13
2021,general secondary educational institutions with high-speed (more than 30 Mbit/s) wireless access to the Internet,Chernivtsi,57.73
2021,general secondary educational institutions with high-speed (more than 30 Mbit/s) wireless access to the Internet,Chernihiv,23.68
2021,general secondary educational institutions with high-speed (more than 30 Mbit/s) wireless access to the Internet,city Kyiv,61.36
2021,general secondary educational institutions with high-speed (more than 30 Mbit/s) wireless access to the Internet,city Sevastopol,
2022,general secondary educational institutions with high-speed (more than 30 Mbit/s) wireless access to the Internet,Ukraine,38.87
2022,general secondary educational institutions with high-speed (more than 30 Mbit/s) wireless access to the Internet,Autonomous Republic of Crimea,
2022,general secondary educational institutions with high-speed (more than 30 Mbit/s) wireless access to the Internet,Vinnytsya,34.28
2022,general secondary educational institutions with high-speed (more than 30 Mbit/s) wireless access to the Internet,Volyn,25.77
2022,general secondary educational institutions with high-speed (more than 30 Mbit/s) wireless access to the Internet,Dnipropetrovsk,61.17
2022,general secondary educational institutions with high-speed (more than 30 Mbit/s) wireless access to the Internet,Donetsk,48.32
2022,general secondary educational institutions with high-speed (more than 30 Mbit/s) wireless access to the Internet,Zhytomyr,39.53
2022,general secondary educational institutions with high-speed (more than 30 Mbit/s) wireless access to the Internet,Zakarpattya,47.86
2022,general secondary educational institutions with high-speed (more than 30 Mbit/s) wireless access to the Internet,Zaporizhzhya,42.83
2022,general secondary educational institutions with high-speed (more than 30 Mbit/s) wireless access to the Internet,Ivano-Frankivsk,8.01
2022,general secondary educational institutions with high-speed (more than 30 Mbit/s) wireless access to the Internet,Kyiv,53.2
2022,general secondary educational institutions with high-speed (more than 30 Mbit/s) wireless access to the Internet,Kirovohrad,59.45
2022,general secondary educational institutions with high-speed (more than 30 Mbit/s) wireless access to the Internet,Luhansk,0.0
2022,general secondary educational institutions with high-speed (more than 30 Mbit/s) wireless access to the Internet,Lviv,48.3
2022,general secondary educational institutions with high-speed (more than 30 Mbit/s) wireless access to the Internet,Mykolayiv,30.98
2022,general secondary educational institutions with high-speed (more than 30 Mbit/s) wireless access to the Internet,Odesa,47.05
2022,general secondary educational institutions with high-speed (more than 30 Mbit/s) wireless access to the Internet,Poltava,58.37
2022,general secondary educational institutions with high-speed (more than 30 Mbit/s) wireless access to the Internet,Rivne,3.09
2022,general secondary educational institutions with high-speed (more than 30 Mbit/s) wireless access to the Internet,Sumy,15.62
2022,general secondary educational institutions with high-speed (more than 30 Mbit/s) wireless access to the Internet,Ternopil,5.95
2022,general secondary educational institutions with high-speed (more than 30 Mbit/s) wireless access to the Internet,Kharkiv,38.25
2022,general secondary educational institutions with high-speed (more than 30 Mbit/s) wireless access to the Internet,Kherson,0.6
2022,general secondary educational institutions with high-speed (more than 30 Mbit/s) wireless access to the Internet,Khmelnytskiy,36.72
2022,general secondary educational institutions with high-speed (more than 30 Mbit/s) wireless access to the Internet,Cherkasy,47.79
2022,general secondary educational institutions with high-speed (more than 30 Mbit/s) wireless access to the Internet,Chernivtsi,58.84
2022,general secondary educational institutions with high-speed (more than 30 Mbit/s) wireless access to the Internet,Chernihiv,22.89
2022,general secondary educational institutions with high-speed (more than 30 Mbit/s) wireless access to the Internet,city Kyiv,66.72
2022,general secondary educational institutions with high-speed (more than 30 Mbit/s) wireless access to the Internet,city Sevastopol,
2023,general secondary educational institutions with high-speed (more than 30 Mbit/s) wireless access to the Internet,Ukraine,41.74
2023,general secondary educational institutions with high-speed (more than 30 Mbit/s) wireless access to the Internet,Autonomous Republic of Crimea,
2023,general secondary educational institutions with high-speed (more than 30 Mbit/s) wireless access to the Internet,Vinnytsya,39.0
2023,general secondary educational institutions with high-speed (more than 30 Mbit/s) wireless access to the Internet,Volyn,21.72
2023,general secondary educational institutions with high-speed (more than 30 Mbit/s) wireless access to the Internet,Dnipropetrovsk,63.91
2023,general secondary educational institutions with high-speed (more than 30 Mbit/s) wireless access to the Internet,Donetsk,52.73
2023,general secondary educational institutions with high-speed (more than 30 Mbit/s) wireless access to the Internet,Zhytomyr,43.26
2023,general secondary educational institutions with high-speed (more than 30 Mbit/s) wireless access to the Internet,Zakarpattya,48.7
2023,general secondary educational institutions with high-speed (more than 30 Mbit/s) wireless access to the Internet,Zaporizhzhya,36.32
2023,general secondary educational institutions with high-speed (more than 30 Mbit/s) wireless access to the Internet,Ivano-Frankivsk,10.54
2023,general secondary educational institutions with high-speed (more than 30 Mbit/s) wireless access to the Internet,Kyiv,55.77
2023,general secondary educational institutions with high-speed (more than 30 Mbit/s) wireless access to the Internet,Kirovohrad,66.78
2023,general secondary educational institutions with high-speed (more than 30 Mbit/s) wireless access to the Internet,Luhansk,0.0
2023,general secondary educational institutions with high-speed (more than 30 Mbit/s) wireless access to the Internet,Lviv,51.18
2023,general secondary educational institutions with high-speed (more than 30 Mbit/s) wireless access to the Internet,Mykolayiv,34.11
2023,general secondary educational institutions with high-speed (more than 30 Mbit/s) wireless access to the Internet,Odesa,48.74
2023,general secondary educational institutions with high-speed (more than 30 Mbit/s) wireless access to the Internet,Poltava,64.1
2023,general secondary educational institutions with high-speed (more than 30 Mbit/s) wireless access to the Internet,Rivne,5.36
2023,general secondary educational institutions with high-speed (more than 30 Mbit/s) wireless access to the Internet,Sumy,19.09
2023,general secondary educational institutions with high-speed (more than 30 Mbit/s) wireless access to the Internet,Ternopil,11.07
2023,general secondary educational institutions with high-speed (more than 30 Mbit/s) wireless access to the Internet,Kharkiv,36.61
2023,general secondary educational institutions with high-speed (more than 30 Mbit/s) wireless access to the Internet,Kherson,15.51
2023,general secondary educational institutions with high-speed (more than 30 Mbit/s) wireless access to the Internet,Khmelnytskiy,36.91
2023,general secondary educational institutions with high-speed (more than 30 Mbit/s) wireless access to the Internet,Cherkasy,59.52
2023,general secondary educational institutions with high-speed (more than 30 Mbit/s) wireless access to the Internet,Chernivtsi,58.24
2023,general secondary educational institutions with high-speed (more than 30 Mbit/s) wireless access to the Internet,Chernihiv,24.43
2023,general secondary educational institutions with high-speed (more than 30 Mbit/s) wireless access to the Internet,city Kyiv,74.7
2023,general secondary educational institutions with high-speed (more than 30 Mbit/s) wireless access to the Internet,city Sevastopol,
2024,general secondary educational institutions with high-speed (more than 30 Mbit/s) wireless access to the Internet,Ukraine,44.43
2024,general secondary educational institutions with high-speed (more than 30 Mbit/s) wireless access to the Internet,Autonomous Republic of Crimea,
2024,general secondary educational institutions with high-speed (more than 30 Mbit/s) wireless access to the Internet,Vinnytsya,39.04
2024,general secondary educational institutions with high-speed (more than 30 Mbit/s) wireless access to the Internet,Volyn,27.03
2024,general secondary educational institutions with high-speed (more than 30 Mbit/s) wireless access to the Internet,Dnipropetrovsk,63.7
2024,general secondary educational institutions with high-speed (more than 30 Mbit/s) wireless access to the Internet,Donetsk,62.26
2024,general secondary educational institutions with high-speed (more than 30 Mbit/s) wireless access to the Internet,Zhytomyr,45.79
2024,general secondary educational institutions with high-speed (more than 30 Mbit/s) wireless access to the Internet,Zakarpattya,48.76
2024,general secondary educational institutions with high-speed (more than 30 Mbit/s) wireless access to the Internet,Zaporizhzhya,33.33
2024,general secondary educational institutions with high-speed (more than 30 Mbit/s) wireless access to the Internet,Ivano-Frankivsk,12.73
2024,general secondary educational institutions with high-speed (more than 30 Mbit/s) wireless access to the Internet,Kyiv,59.05
2024,general secondary educational institutions with high-speed (more than 30 Mbit/s) wireless access to the Internet,Kirovohrad,60.0
2024,general secondary educational institutions with high-speed (more than 30 Mbit/s) wireless access to the Internet,Luhansk,1.2
2024,general secondary educational institutions with high-speed (more than 30 Mbit/s) wireless access to the Internet,Lviv,55.01
2024,general secondary educational institutions with high-speed (more than 30 Mbit/s) wireless access to the Internet,Mykolayiv,36.06
2024,general secondary educational institutions with high-speed (more than 30 Mbit/s) wireless access to the Internet,Odesa,48.17
2024,general secondary educational institutions with high-speed (more than 30 Mbit/s) wireless access to the Internet,Poltava,70.2
2024,general secondary educational institutions with high-speed (more than 30 Mbit/s) wireless access to the Internet,Rivne,4.1
2024,general secondary educational institutions with high-speed (more than 30 Mbit/s) wireless access to the Internet,Sumy,31.88
2024,general secondary educational institutions with high-speed (more than 30 Mbit/s) wireless access to the Internet,Ternopil,13.9
2024,general secondary educational institutions with high-speed (more than 30 Mbit/s) wireless access to the Internet,Kharkiv,42.93
2024,general secondary educational institutions with high-speed (more than 30 Mbit/s) wireless access to the Internet,Kherson,12.64
2024,general secondary educational institutions with high-speed (more than 30 Mbit/s) wireless access to the Internet,Khmelnytskiy,38.6
2024,general secondary educational institutions with high-speed (more than 30 Mbit/s) wireless access to the Internet,Cherkasy,66.97
2024,general secondary educational institutions with high-speed (more than 30 Mbit/s) wireless access to the Internet,Chernivtsi,64.18
2024,general secondary educational institutions with high-speed (more than 30 Mbit/s) wireless access to the Internet,Chernihiv,26.33
2024,general secondary educational institutions with high-speed (more than 30 Mbit/s) wireless access to the Internet,city Kyiv,76.41
2024,general secondary educational institutions with high-speed (more than 30 Mbit/s) wireless access to the Internet,city Sevastopol,
2025,general secondary educational institutions with high-speed (more than 30 Mbit/s) wireless access to the Internet,Ukraine,48.07
2025,general secondary educational institutions with high-speed (more than 30 Mbit/s) wireless access to the Internet,Autonomous Republic of Crimea,
2025,general secondary educational institutions with high-speed (more than 30 Mbit/s) wireless access to the Internet,Vinnytsya,44.12
2025,general secondary educational institutions with high-speed (more than 30 Mbit/s) wireless access to the Internet,Volyn,31.03
2025,general secondary educational institutions with high-speed (more than 30 Mbit/s) wireless access to the Internet,Dnipropetrovsk,64.44
2025,general secondary educational institutions with high-speed (more than 30 Mbit/s) wireless access to the Internet,Donetsk,58.6
2025,general secondary educational institutions with high-speed (more than 30 Mbit/s) wireless access to the Internet,Zhytomyr,46.54
2025,general secondary educational institutions with high-speed (more than 30 Mbit/s) wireless access to the Internet,Zakarpattya,52.74
2025,general secondary educational institutions with high-speed (more than 30 Mbit/s) wireless access to the Internet,Zaporizhzhya,38.41
2025,general secondary educational institutions with high-speed (more than 30 Mbit/s) wireless access to the Internet,Ivano-Frankivsk,22.61
2025,general secondary educational institutions with high-speed (more than 30 Mbit/s) wireless access to the Internet,Kyiv,65.78
2025,general secondary educational institutions with high-speed (more than 30 Mbit/s) wireless access to the Internet,Kirovohrad,61.59
2025,general secondary educational institutions with high-speed (more than 30 Mbit/s) wireless access to the Internet,Luhansk,0.0
2025,general secondary educational institutions with high-speed (more than 30 Mbit/s) wireless access to the Internet,Lviv,56.7
2025,general secondary educational institutions with high-speed (more than 30 Mbit/s) wireless access to the Internet,Mykolayiv,38.42
2025,general secondary educational institutions with high-speed (more than 30 Mbit/s) wireless access to the Internet,Odesa,47.67
2025,general secondary educational institutions with high-speed (more than 30 Mbit/s) wireless access to the Internet,Poltava,71.16
2025,general secondary educational institutions with high-speed (more than 30 Mbit/s) wireless access to the Internet,Rivne,4.69
2025,general secondary educational institutions with high-speed (more than 30 Mbit/s) wireless access to the Internet,Sumy,37.88
2025,general secondary educational institutions with high-speed (more than 30 Mbit/s) wireless access to the Internet,Ternopil,22.05
2025,general secondary educational institutions with high-speed (more than 30 Mbit/s) wireless access to the Internet,Kharkiv,47.78
2025,general secondary educational institutions with high-speed (more than 30 Mbit/s) wireless access to the Internet,Kherson,11.11
2025,general secondary educational institutions with high-speed (more than 30 Mbit/s) wireless access to the Internet,Khmelnytskiy,42.56
2025,general secondary educational institutions with high-speed (more than 30 Mbit/s) wireless access to the Internet,Cherkasy,68.43
2025,general secondary educational institutions with high-speed (more than 30 Mbit/s) wireless access to the Internet,Chernivtsi,71.9
2025,general secondary educational institutions with high-speed (more than 30 Mbit/s) wireless access to the Internet,Chernihiv,37.96
2025,general secondary educational institutions with high-speed (more than 30 Mbit/s) wireless access to the Internet,city Kyiv,77.61
2025,general secondary educational institutions with high-speed (more than 30 Mbit/s) wireless access to the Internet,city Sevastopol,
2015,general secondary educational institutions with high-speed (more than 30 Mbit/s) wired or wireless access to the Internet,Ukraine,
2015,general secondary educational institutions with high-speed (more than 30 Mbit/s) wired or wireless access to the Internet,Autonomous Republic of Crimea,
2015,general secondary educational institutions with high-speed (more than 30 Mbit/s) wired or wireless access to the Internet,Vinnytsya,
2015,general secondary educational institutions with high-speed (more than 30 Mbit/s) wired or wireless access to the Internet,Volyn,
2015,general secondary educational institutions with high-speed (more than 30 Mbit/s) wired or wireless access to the Internet,Dnipropetrovsk,
2015,general secondary educational institutions with high-speed (more than 30 Mbit/s) wired or wireless access to the Internet,Donetsk,
2015,general secondary educational institutions with high-speed (more than 30 Mbit/s) wired or wireless access to the Internet,Zhytomyr,
2015,general secondary educational institutions with high-speed (more than 30 Mbit/s) wired or wireless access to the Internet,Zakarpattya,
2015,general secondary educational institutions with high-speed (more than 30 Mbit/s) wired or wireless access to the Internet,Zaporizhzhya,
2015,general secondary educational institutions with high-speed (more than 30 Mbit/s) wired or wireless access to the Internet,Ivano-Frankivsk,
2015,general secondary educational institutions with high-speed (more than 30 Mbit/s) wired or wireless access to the Internet,Kyiv,
2015,general secondary educational institutions with high-speed (more than 30 Mbit/s) wired or wireless access to the Internet,Kirovohrad,
2015,general secondary educational institutions with high-speed (more than 30 Mbit/s) wired or wireless access to the Internet,Luhansk,
2015,general secondary educational institutions with high-speed (more than 30 Mbit/s) wired or wireless access to the Internet,Lviv,
2015,general secondary educational institutions with high-speed (more than 30 Mbit/s) wired or wireless access to the Internet,Mykolayiv,
2015,general secondary educational institutions with high-speed (more than 30 Mbit/s) wired or wireless access to the Internet,Odesa,
2015,general secondary educational institutions with high-speed (more than 30 Mbit/s) wired or wireless access to the Internet,Poltava,
2015,general secondary educational institutions with high-speed (more than 30 Mbit/s) wired or wireless access to the Internet,Rivne,
2015,general secondary educational institutions with high-speed (more than 30 Mbit/s) wired or wireless access to the Internet,Sumy,
2015,general secondary educational institutions with high-speed (more than 30 Mbit/s) wired or wireless access to the Internet,Ternopil,
2015,general secondary educational institutions with high-speed (more than 30 Mbit/s) wired or wireless access to the Internet,Kharkiv,
2015,general secondary educational institutions with high-speed (more than 30 Mbit/s) wired or wireless access to the Internet,Kherson,
2015,general secondary educational institutions with high-speed (more than 30 Mbit/s) wired or wireless access to the Internet,Khmelnytskiy,
2015,general secondary educational institutions with high-speed (more than 30 Mbit/s) wired or wireless access to the Internet,Cherkasy,
2015,general secondary educational institutions with high-speed (more than 30 Mbit/s) wired or wireless access to the Internet,Chernivtsi,
2015,general secondary educational institutions with high-speed (more than 30 Mbit/s) wired or wireless access to the Internet,Chernihiv,
2015,general secondary educational institutions with high-speed (more than 30 Mbit/s) wired or wireless access to the Internet,city Kyiv,
2015,general secondary educational institutions with high-speed (more than 30 Mbit/s) wired or wireless access to the Internet,city Sevastopol,
2016,general secondary educational institutions with high-speed (more than 30 Mbit/s) wired or wireless access to the Internet,Ukraine,
2016,general secondary educational institutions with high-speed (more than 30 Mbit/s) wired or wireless access to the Internet,Autonomous Republic of Crimea,
2016,general secondary educational institutions with high-speed (more than 30 Mbit/s) wired or wireless access to the Internet,Vinnytsya,
2016,general secondary educational institutions with high-speed (more than 30 Mbit/s) wired or wireless access to the Internet,Volyn,
2016,general secondary educational institutions with high-speed (more than 30 Mbit/s) wired or wireless access to the Internet,Dnipropetrovsk,
2016,general secondary educational institutions with high-speed (more than 30 Mbit/s) wired or wireless access to the Internet,Donetsk,
2016,general secondary educational institutions with high-speed (more than 30 Mbit/s) wired or wireless access to the Internet,Zhytomyr,
2016,general secondary educational institutions with high-speed (more than 30 Mbit/s) wired or wireless access to the Internet,Zakarpattya,
2016,general secondary educational institutions with high-speed (more than 30 Mbit/s) wired or wireless access to the Internet,Zaporizhzhya,
2016,general secondary educational institutions with high-speed (more than 30 Mbit/s) wired or wireless access to the Internet,Ivano-Frankivsk,
2016,general secondary educational institutions with high-speed (more than 30 Mbit/s) wired or wireless access to the Internet,Kyiv,
2016,general secondary educational institutions with high-speed (more than 30 Mbit/s) wired or wireless access to the Internet,Kirovohrad,
2016,general secondary educational institutions with high-speed (more than 30 Mbit/s) wired or wireless access to the Internet,Luhansk,
2016,general secondary educational institutions with high-speed (more than 30 Mbit/s) wired or wireless access to the Internet,Lviv,
2016,general secondary educational institutions with high-speed (more than 30 Mbit/s) wired or wireless access to the Internet,Mykolayiv,
2016,general secondary educational institutions with high-speed (more than 30 Mbit/s) wired or wireless access to the Internet,Odesa,
2016,general secondary educational institutions with high-speed (more than 30 Mbit/s) wired or wireless access to the Internet,Poltava,
2016,general secondary educational institutions with high-speed (more than 30 Mbit/s) wired or wireless access to the Internet,Rivne,
2016,general secondary educational institutions with high-speed (more than 30 Mbit/s) wired or wireless access to the Internet,Sumy,
2016,general secondary educational institutions with high-speed (more than 30 Mbit/s) wired or wireless access to the Internet,Ternopil,
2016,general secondary educational institutions with high-speed (more than 30 Mbit/s) wired or wireless access to the Internet,Kharkiv,
2016,general secondary educational institutions with high-speed (more than 30 Mbit/s) wired or wireless access to the Internet,Kherson,
2016,general secondary educational institutions with high-speed (more than 30 Mbit/s) wired or wireless access to the Internet,Khmelnytskiy,
2016,general secondary educational institutions with high-speed (more than 30 Mbit/s) wired or wireless access to the Internet,Cherkasy,
2016,general secondary educational institutions with high-speed (more than 30 Mbit/s) wired or wireless access to the Internet,Chernivtsi,
2016,general secondary educational institutions with high-speed (more than 30 Mbit/s) wired or wireless access to the Internet,Chernihiv,
2016,general secondary educational institutions with high-speed (more than 30 Mbit/s) wired or wireless access to the Internet,city Kyiv,
2016,general secondary educational institutions with high-speed (more than 30 Mbit/s) wired or wireless access to the Internet,city Sevastopol,
2017,general secondary educational institutions with high-speed (more than 30 Mbit/s) wired or wireless access to the Internet,Ukraine,
2017,general secondary educational institutions with high-speed (more than 30 Mbit/s) wired or wireless access to the Internet,Autonomous Republic of Crimea,
2017,general secondary educational institutions with high-speed (more than 30 Mbit/s) wired or wireless access to the Internet,Vinnytsya,
2017,general secondary educational institutions with high-speed (more than 30 Mbit/s) wired or wireless access to the Internet,Volyn,
2017,general secondary educational institutions with high-speed (more than 30 Mbit/s) wired or wireless access to the Internet,Dnipropetrovsk,
2017,general secondary educational institutions with high-speed (more than 30 Mbit/s) wired or wireless access to the Internet,Donetsk,
2017,general secondary educational institutions with high-speed (more than 30 Mbit/s) wired or wireless access to the Internet,Zhytomyr,
2017,general secondary educational institutions with high-speed (more than 30 Mbit/s) wired or wireless access to the Internet,Zakarpattya,
2017,general secondary educational institutions with high-speed (more than 30 Mbit/s) wired or wireless access to the Internet,Zaporizhzhya,
2017,general secondary educational institutions with high-speed (more than 30 Mbit/s) wired or wireless access to the Internet,Ivano-Frankivsk,
2017,general secondary educational institutions with high-speed (more than 30 Mbit/s) wired or wireless access to the Internet,Kyiv,
2017,general secondary educational institutions with high-speed (more than 30 Mbit/s) wired or wireless access to the Internet,Kirovohrad,
2017,general secondary educational institutions with high-speed (more than 30 Mbit/s) wired or wireless access to the Internet,Luhansk,
2017,general secondary educational institutions with high-speed (more than 30 Mbit/s) wired or wireless access to the Internet,Lviv,
2017,general secondary educational institutions with high-speed (more than 30 Mbit/s) wired or wireless access to the Internet,Mykolayiv,
2017,general secondary educational institutions with high-speed (more than 30 Mbit/s) wired or wireless access to the Internet,Odesa,
2017,general secondary educational institutions with high-speed (more than 30 Mbit/s) wired or wireless access to the Internet,Poltava,
2017,general secondary educational institutions with high-speed (more than 30 Mbit/s) wired or wireless access to the Internet,Rivne,
2017,general secondary educational institutions with high-speed (more than 30 Mbit/s) wired or wireless access to the Internet,Sumy,
2017,general secondary educational institutions with high-speed (more than 30 Mbit/s) wired or wireless access to the Internet,Ternopil,
2017,general secondary educational institutions with high-speed (more than 30 Mbit/s) wired or wireless access to the Internet,Kharkiv,
2017,general secondary educational institutions with high-speed (more than 30 Mbit/s) wired or wireless access to the Internet,Kherson,
2017,general secondary educational institutions with high-speed (more than 30 Mbit/s) wired or wireless access to the Internet,Khmelnytskiy,
2017,general secondary educational institutions with high-speed (more than 30 Mbit/s) wired or wireless access to the Internet,Cherkasy,
2017,general secondary educational institutions with high-speed (more than 30 Mbit/s) wired or wireless access to the Internet,Chernivtsi,
2017,general secondary educational institutions with high-speed (more than 30 Mbit/s) wired or wireless access to the Internet,Chernihiv,
2017,general secondary educational institutions with high-speed (more than 30 Mbit/s) wired or wireless access to the Internet,city Kyiv,
2017,general secondary educational institutions with high-speed (more than 30 Mbit/s) wired or wireless access to the Internet,city Sevastopol,
2018,general secondary educational institutions with high-speed (more than 30 Mbit/s) wired or wireless access to the Internet,Ukraine,
2018,general secondary educational institutions with high-speed (more than 30 Mbit/s) wired or wireless access to the Internet,Autonomous Republic of Crimea,
2018,general secondary educational institutions with high-speed (more than 30 Mbit/s) wired or wireless access to the Internet,Vinnytsya,
2018,general secondary educational institutions with high-speed (more than 30 Mbit/s) wired or wireless access to the Internet,Volyn,
2018,general secondary educational institutions with high-speed (more than 30 Mbit/s) wired or wireless access to the Internet,Dnipropetrovsk,
2018,general secondary educational institutions with high-speed (more than 30 Mbit/s) wired or wireless access to the Internet,Donetsk,
2018,general secondary educational institutions with high-speed (more than 30 Mbit/s) wired or wireless access to the Internet,Zhytomyr,
2018,general secondary educational institutions with high-speed (more than 30 Mbit/s) wired or wireless access to the Internet,Zakarpattya,
2018,general secondary educational institutions with high-speed (more than 30 Mbit/s) wired or wireless access to the Internet,Zaporizhzhya,
2018,general secondary educational institutions with high-speed (more than 30 Mbit/s) wired or wireless access to the Internet,Ivano-Frankivsk,
2018,general secondary educational institutions with high-speed (more than 30 Mbit/s) wired or wireless access to the Internet,Kyiv,
2018,general secondary educational institutions with high-speed (more than 30 Mbit/s) wired or wireless access to the Internet,Kirovohrad,
2018,general secondary educational institutions with high-speed (more than 30 Mbit/s) wired or wireless access to the Internet,Luhansk,
2018,general secondary educational institutions with high-speed (more than 30 Mbit/s) wired or wireless access to the Internet,Lviv,
2018,general secondary educational institutions with high-speed (more than 30 Mbit/s) wired or wireless access to the Internet,Mykolayiv,
2018,general secondary educational institutions with high-speed (more than 30 Mbit/s) wired or wireless access to the Internet,Odesa,
2018,general secondary educational institutions with high-speed (more than 30 Mbit/s) wired or wireless access to the Internet,Poltava,
2018,general secondary educational institutions with high-speed (more than 30 Mbit/s) wired or wireless access to the Internet,Rivne,
2018,general secondary educational institutions with high-speed (more than 30 Mbit/s) wired or wireless access to the Internet,Sumy,
2018,general secondary educational institutions with high-speed (more than 30 Mbit/s) wired or wireless access to the Internet,Ternopil,
2018,general secondary educational institutions with high-speed (more than 30 Mbit/s) wired or wireless access to the Internet,Kharkiv,
2018,general secondary educational institutions with high-speed (more than 30 Mbit/s) wired or wireless access to the Internet,Kherson,
2018,general secondary educational institutions with high-speed (more than 30 Mbit/s) wired or wireless access to the Internet,Khmelnytskiy,
2018,general secondary educational institutions with high-speed (more than 30 Mbit/s) wired or wireless access to the Internet,Cherkasy,
2018,general secondary educational institutions with high-speed (more than 30 Mbit/s) wired or wireless access to the Internet,Chernivtsi,
2018,general secondary educational institutions with high-speed (more than 30 Mbit/s) wired or wireless access to the Internet,Chernihiv,
2018,general secondary educational institutions with high-speed (more than 30 Mbit/s) wired or wireless access to the Internet,city Kyiv,
2018,general secondary educational institutions with high-speed (more than 30 Mbit/s) wired or wireless access to the Internet,city Sevastopol,
2019,general secondary educational institutions with high-speed (more than 30 Mbit/s) wired or wireless access to the Internet,Ukraine,
2019,general secondary educational institutions with high-speed (more than 30 Mbit/s) wired or wireless access to the Internet,Autonomous Republic of Crimea,
2019,general secondary educational institutions with high-speed (more than 30 Mbit/s) wired or wireless access to the Internet,Vinnytsya,
2019,general secondary educational institutions with high-speed (more than 30 Mbit/s) wired or wireless access to the Internet,Volyn,
2019,general secondary educational institutions with high-speed (more than 30 Mbit/s) wired or wireless access to the Internet,Dnipropetrovsk,
2019,general secondary educational institutions with high-speed (more than 30 Mbit/s) wired or wireless access to the Internet,Donetsk,
2019,general secondary educational institutions with high-speed (more than 30 Mbit/s) wired or wireless access to the Internet,Zhytomyr,
2019,general secondary educational institutions with high-speed (more than 30 Mbit/s) wired or wireless access to the Internet,Zakarpattya,
2019,general secondary educational institutions with high-speed (more than 30 Mbit/s) wired or wireless access to the Internet,Zaporizhzhya,
2019,general secondary educational institutions with high-speed (more than 30 Mbit/s) wired or wireless access to the Internet,Ivano-Frankivsk,
2019,general secondary educational institutions with high-speed (more than 30 Mbit/s) wired or wireless access to the Internet,Kyiv,
2019,general secondary educational institutions with high-speed (more than 30 Mbit/s) wired or wireless access to the Internet,Kirovohrad,
2019,general secondary educational institutions with high-speed (more than 30 Mbit/s) wired or wireless access to the Internet,Luhansk,
2019,general secondary educational institutions with high-speed (more than 30 Mbit/s) wired or wireless access to the Internet,Lviv,
2019,general secondary educational institutions with high-speed (more than 30 Mbit/s) wired or wireless access to the Internet,Mykolayiv,
2019,general secondary educational institutions with high-speed (more than 30 Mbit/s) wired or wireless access to the Internet,Odesa,
2019,general secondary educational institutions with high-speed (more than 30 Mbit/s) wired or wireless access to the Internet,Poltava,
2019,general secondary educational institutions with high-speed (more than 30 Mbit/s) wired or wireless access to the Internet,Rivne,
2019,general secondary educational institutions with high-speed (more than 30 Mbit/s) wired or wireless access to the Internet,Sumy,
2019,general secondary educational institutions with high-speed (more than 30 Mbit/s) wired or wireless access to the Internet,Ternopil,
2019,general secondary educational institutions with high-speed (more than 30 Mbit/s) wired or wireless access to the Internet,Kharkiv,
2019,general secondary educational institutions with high-speed (more than 30 Mbit/s) wired or wireless access to the Internet,Kherson,
2019,general secondary educational institutions with high-speed (more than 30 Mbit/s) wired or wireless access to the Internet,Khmelnytskiy,
2019,general secondary educational institutions with high-speed (more than 30 Mbit/s) wired or wireless access to the Internet,Cherkasy,
2019,general secondary educational institutions with high-speed (more than 30 Mbit/s) wired or wireless access to the Internet,Chernivtsi,
2019,general secondary educational institutions with high-speed (more than 30 Mbit/s) wired or wireless access to the Internet,Chernihiv,
2019,general secondary educational institutions with high-speed (more than 30 Mbit/s) wired or wireless access to the Internet,city Kyiv,
2019,general secondary educational institutions with high-speed (more than 30 Mbit/s) wired or wireless access to the Internet,city Sevastopol,
2020,general secondary educational institutions with high-speed (more than 30 Mbit/s) wired or wireless access to the Internet,Ukraine,
2020,general secondary educational institutions with high-speed (more than 30 Mbit/s) wired or wireless access to the Internet,Autonomous Republic of Crimea,
2020,general secondary educational institutions with high-speed (more than 30 Mbit/s) wired or wireless access to the Internet,Vinnytsya,
2020,general secondary educational institutions with high-speed (more than 30 Mbit/s) wired or wireless access to the Internet,Volyn,
2020,general secondary educational institutions with high-speed (more than 30 Mbit/s) wired or wireless access to the Internet,Dnipropetrovsk,
2020,general secondary educational institutions with high-speed (more than 30 Mbit/s) wired or wireless access to the Internet,Donetsk,
2020,general secondary educational institutions with high-speed (more than 30 Mbit/s) wired or wireless access to the Internet,Zhytomyr,
2020,general secondary educational institutions with high-speed (more than 30 Mbit/s) wired or wireless access to the Internet,Zakarpattya,
2020,general secondary educational institutions with high-speed (more than 30 Mbit/s) wired or wireless access to the Internet,Zaporizhzhya,
2020,general secondary educational institutions with high-speed (more than 30 Mbit/s) wired or wireless access to the Internet,Ivano-Frankivsk,
2020,general secondary educational institutions with high-speed (more than 30 Mbit/s) wired or wireless access to the Internet,Kyiv,
2020,general secondary educational institutions with high-speed (more than 30 Mbit/s) wired or wireless access to the Internet,Kirovohrad,
2020,general secondary educational institutions with high-speed (more than 30 Mbit/s) wired or wireless access to the Internet,Luhansk,
2020,general secondary educational institutions with high-speed (more than 30 Mbit/s) wired or wireless access to the Internet,Lviv,
2020,general secondary educational institutions with high-speed (more than 30 Mbit/s) wired or wireless access to the Internet,Mykolayiv,
2020,general secondary educational institutions with high-speed (more than 30 Mbit/s) wired or wireless access to the Internet,Odesa,
2020,general secondary educational institutions with high-speed (more than 30 Mbit/s) wired or wireless access to the Internet,Poltava,
2020,general secondary educational institutions with high-speed (more than 30 Mbit/s) wired or wireless access to the Internet,Rivne,
2020,general secondary educational institutions with high-speed (more than 30 Mbit/s) wired or wireless access to the Internet,Sumy,
2020,general secondary educational institutions with high-speed (more than 30 Mbit/s) wired or wireless access to the Internet,Ternopil,
2020,general secondary educational institutions with high-speed (more than 30 Mbit/s) wired or wireless access to the Internet,Kharkiv,
2020,general secondary educational institutions with high-speed (more than 30 Mbit/s) wired or wireless access to the Internet,Kherson,
2020,general secondary educational institutions with high-speed (more than 30 Mbit/s) wired or wireless access to the Internet,Khmelnytskiy,
2020,general secondary educational institutions with high-speed (more than 30 Mbit/s) wired or wireless access to the Internet,Cherkasy,
2020,general secondary educational institutions with high-speed (more than 30 Mbit/s) wired or wireless access to the Internet,Chernivtsi,
2020,general secondary educational institutions with high-speed (more than 30 Mbit/s) wired or wireless access to the Internet,Chernihiv,
2020,general secondary educational institutions with high-speed (more than 30 Mbit/s) wired or wireless access to the Internet,city Kyiv,
2020,general secondary educational institutions with high-speed (more than 30 Mbit/s) wired or wireless access to the Internet,city Sevastopol,
2021,general secondary educational institutions with high-speed (more than 30 Mbit/s) wired or wireless access to the Internet,Ukraine,
2021,general secondary educational institutions with high-speed (more than 30 Mbit/s) wired or wireless access to the Internet,Autonomous Republic of Crimea,
2021,general secondary educational institutions with high-speed (more than 30 Mbit/s) wired or wireless access to the Internet,Vinnytsya,
2021,general secondary educational institutions with high-speed (more than 30 Mbit/s) wired or wireless access to the Internet,Volyn,
2021,general secondary educational institutions with high-speed (more than 30 Mbit/s) wired or wireless access to the Internet,Dnipropetrovsk,
2021,general secondary educational institutions with high-speed (more than 30 Mbit/s) wired or wireless access to the Internet,Donetsk,
2021,general secondary educational institutions with high-speed (more than 30 Mbit/s) wired or wireless access to the Internet,Zhytomyr,
2021,general secondary educational institutions with high-speed (more than 30 Mbit/s) wired or wireless access to the Internet,Zakarpattya,
2021,general secondary educational institutions with high-speed (more than 30 Mbit/s) wired or wireless access to the Internet,Zaporizhzhya,
2021,general secondary educational institutions with high-speed (more than 30 Mbit/s) wired or wireless access to the Internet,Ivano-Frankivsk,
2021,general secondary educational institutions with high-speed (more than 30 Mbit/s) wired or wireless access to the Internet,Kyiv,
2021,general secondary educational institutions with high-speed (more than 30 Mbit/s) wired or wireless access to the Internet,Kirovohrad,
2021,general secondary educational institutions with high-speed (more than 30 Mbit/s) wired or wireless access to the Internet,Luhansk,
2021,general secondary educational institutions with high-speed (more than 30 Mbit/s) wired or wireless access to the Internet,Lviv,
2021,general secondary educational institutions with high-speed (more than 30 Mbit/s) wired or wireless access to the Internet,Mykolayiv,
2021,general secondary educational institutions with high-speed (more than 30 Mbit/s) wired or wireless access to the Internet,Odesa,
2021,general secondary educational institutions with high-speed (more than 30 Mbit/s) wired or wireless access to the Internet,Poltava,
2021,general secondary educational institutions with high-speed (more than 30 Mbit/s) wired or wireless access to the Internet,Rivne,
2021,general secondary educational institutions with high-speed (more than 30 Mbit/s) wired or wireless access to the Internet,Sumy,
2021,general secondary educational institutions with high-speed (more than 30 Mbit/s) wired or wireless access to the Internet,Ternopil,
2021,general secondary educational institutions with high-speed (more than 30 Mbit/s) wired or wireless access to the Internet,Kharkiv,
2021,general secondary educational institutions with high-speed (more than 30 Mbit/s) wired or wireless access to the Internet,Kherson,
2021,general secondary educational institutions with high-speed (more than 30 Mbit/s) wired or wireless access to the Internet,Khmelnytskiy,
2021,general secondary educational institutions with high-speed (more than 30 Mbit/s) wired or wireless access to the Internet,Cherkasy,
2021,general secondary educational institutions with high-speed (more than 30 Mbit/s) wired or wireless access to the Internet,Chernivtsi,
2021,general secondary educational institutions with high-speed (more than 30 Mbit/s) wired or wireless access to the Internet,Chernihiv,
2021,general secondary educational institutions with high-speed (more than 30 Mbit/s) wired or wireless access to the Internet,city Kyiv,
2021,general secondary educational institutions with high-speed (more than 30 Mbit/s) wired or wireless access to the Internet,city Sevastopol,
2022,general secondary educational institutions with high-speed (more than 30 Mbit/s) wired or wireless access to the Internet,Ukraine,
2022,general secondary educational institutions with high-speed (more than 30 Mbit/s) wired or wireless access to the Internet,Autonomous Republic of Crimea,
2022,general secondary educational institutions with high-speed (more than 30 Mbit/s) wired or wireless access to the Internet,Vinnytsya,
2022,general secondary educational institutions with high-speed (more than 30 Mbit/s) wired or wireless access to the Internet,Volyn,
2022,general secondary educational institutions with high-speed (more than 30 Mbit/s) wired or wireless access to the Internet,Dnipropetrovsk,
2022,general secondary educational institutions with high-speed (more than 30 Mbit/s) wired or wireless access to the Internet,Donetsk,
2022,general secondary educational institutions with high-speed (more than 30 Mbit/s) wired or wireless access to the Internet,Zhytomyr,
2022,general secondary educational institutions with high-speed (more than 30 Mbit/s) wired or wireless access to the Internet,Zakarpattya,
2022,general secondary educational institutions with high-speed (more than 30 Mbit/s) wired or wireless access to the Internet,Zaporizhzhya,
2022,general secondary educational institutions with high-speed (more than 30 Mbit/s) wired or wireless access to the Internet,Ivano-Frankivsk,
2022,general secondary educational institutions with high-speed (more than 30 Mbit/s) wired or wireless access to the Internet,Kyiv,
2022,general secondary educational institutions with high-speed (more than 30 Mbit/s) wired or wireless access to the Internet,Kirovohrad,
2022,general secondary educational institutions with high-speed (more than 30 Mbit/s) wired or wireless access to the Internet,Luhansk,
2022,general secondary educational institutions with high-speed (more than 30 Mbit/s) wired or wireless access to the Internet,Lviv,
2022,general secondary educational institutions with high-speed (more than 30 Mbit/s) wired or wireless access to the Internet,Mykolayiv,
2022,general secondary educational institutions with high-speed (more than 30 Mbit/s) wired or wireless access to the Internet,Odesa,
2022,general secondary educational institutions with high-speed (more than 30 Mbit/s) wired or wireless access to the Internet,Poltava,
2022,general secondary educational institutions with high-speed (more than 30 Mbit/s) wired or wireless access to the Internet,Rivne,
2022,general secondary educational institutions with high-speed (more than 30 Mbit/s) wired or wireless access to the Internet,Sumy,
2022,general secondary educational institutions with high-speed (more than 30 Mbit/s) wired or wireless access to the Internet,Ternopil,
2022,general secondary educational institutions with high-speed (more than 30 Mbit/s) wired or wireless access to the Internet,Kharkiv,
2022,general secondary educational institutions with high-speed (more than 30 Mbit/s) wired or wireless access to the Internet,Kherson,
2022,general secondary educational institutions with high-speed (more than 30 Mbit/s) wired or wireless access to the Internet,Khmelnytskiy,
2022,general secondary educational institutions with high-speed (more than 30 Mbit/s) wired or wireless access to the Internet,Cherkasy,
2022,general secondary educational institutions with high-speed (more than 30 Mbit/s) wired or wireless access to the Internet,Chernivtsi,
2022,general secondary educational institutions with high-speed (more than 30 Mbit/s) wired or wireless access to the Internet,Chernihiv,
2022,general secondary educational institutions with high-speed (more than 30 Mbit/s) wired or wireless access to the Internet,city Kyiv,
2022,general secondary educational institutions with high-speed (more than 30 Mbit/s) wired or wireless access to the Internet,city Sevastopol,
2023,general secondary educational institutions with high-speed (more than 30 Mbit/s) wired or wireless access to the Internet,Ukraine,
2023,general secondary educational institutions with high-speed (more than 30 Mbit/s) wired or wireless access to the Internet,Autonomous Republic of Crimea,
2023,general secondary educational institutions with high-speed (more than 30 Mbit/s) wired or wireless access to the Internet,Vinnytsya,
2023,general secondary educational institutions with high-speed (more than 30 Mbit/s) wired or wireless access to the Internet,Volyn,
2023,general secondary educational institutions with high-speed (more than 30 Mbit/s) wired or wireless access to the Internet,Dnipropetrovsk,
2023,general secondary educational institutions with high-speed (more than 30 Mbit/s) wired or wireless access to the Internet,Donetsk,
2023,general secondary educational institutions with high-speed (more than 30 Mbit/s) wired or wireless access to the Internet,Zhytomyr,
2023,general secondary educational institutions with high-speed (more than 30 Mbit/s) wired or wireless access to the Internet,Zakarpattya,
2023,general secondary educational institutions with high-speed (more than 30 Mbit/s) wired or wireless access to the Internet,Zaporizhzhya,
2023,general secondary educational institutions with high-speed (more than 30 Mbit/s) wired or wireless access to the Internet,Ivano-Frankivsk,
2023,general secondary educational institutions with high-speed (more than 30 Mbit/s) wired or wireless access to the Internet,Kyiv,
2023,general secondary educational institutions with high-speed (more than 30 Mbit/s) wired or wireless access to the Internet,Kirovohrad,
2023,general secondary educational institutions with high-speed (more than 30 Mbit/s) wired or wireless access to the Internet,Luhansk,
2023,general secondary educational institutions with high-speed (more than 30 Mbit/s) wired or wireless access to the Internet,Lviv,
2023,general secondary educational institutions with high-speed (more than 30 Mbit/s) wired or wireless access to the Internet,Mykolayiv,
2023,general secondary educational institutions with high-speed (more than 30 Mbit/s) wired or wireless access to the Internet,Odesa,
2023,general secondary educational institutions with high-speed (more than 30 Mbit/s) wired or wireless access to the Internet,Poltava,
2023,general secondary educational institutions with high-speed (more than 30 Mbit/s) wired or wireless access to the Internet,Rivne,
2023,general secondary educational institutions with high-speed (more than 30 Mbit/s) wired or wireless access to the Internet,Sumy,
2023,general secondary educational institutions with high-speed (more than 30 Mbit/s) wired or wireless access to the Internet,Ternopil,
2023,general secondary educational institutions with high-speed (more than 30 Mbit/s) wired or wireless access to the Internet,Kharkiv,
2023,general secondary educational institutions with high-speed (more than 30 Mbit/s) wired or wireless access to the Internet,Kherson,
2023,general secondary educational institutions with high-speed (more than 30 Mbit/s) wired or wireless access to the Internet,Khmelnytskiy,
2023,general secondary educational institutions with high-speed (more than 30 Mbit/s) wired or wireless access to the Internet,Cherkasy,
2023,general secondary educational institutions with high-speed (more than 30 Mbit/s) wired or wireless access to the Internet,Chernivtsi,
2023,general secondary educational institutions with high-speed (more than 30 Mbit/s) wired or wireless access to the Internet,Chernihiv,
2023,general secondary educational institutions with high-speed (more than 30 Mbit/s) wired or wireless access to the Internet,city Kyiv,
2023,general secondary educational institutions with high-speed (more than 30 Mbit/s) wired or wireless access to the Internet,city Sevastopol,
2024,general secondary educational institutions with high-speed (more than 30 Mbit/s) wired or wireless access to the Internet,Ukraine,84.33
2024,general secondary educational institutions with high-speed (more than 30 Mbit/s) wired or wireless access to the Internet,Autonomous Republic of Crimea,
2024,general secondary educational institutions with high-speed (more than 30 Mbit/s) wired or wireless access to the Internet,Vinnytsya,86.71
2024,general secondary educational institutions with high-speed (more than 30 Mbit/s) wired or wireless access to the Internet,Volyn,89.58
2024,general secondary educational institutions with high-speed (more than 30 Mbit/s) wired or wireless access to the Internet,Dnipropetrovsk,85.51
2024,general secondary educational institutions with high-speed (more than 30 Mbit/s) wired or wireless access to the Internet,Donetsk,94.94
2024,general secondary educational institutions with high-speed (more than 30 Mbit/s) wired or wireless access to the Internet,Zhytomyr,77.5
2024,general secondary educational institutions with high-speed (more than 30 Mbit/s) wired or wireless access to the Internet,Zakarpattya,75.97
2024,general secondary educational institutions with high-speed (more than 30 Mbit/s) wired or wireless access to the Internet,Zaporizhzhya,45.77
2024,general secondary educational institutions with high-speed (more than 30 Mbit/s) wired or wireless access to the Internet,Ivano-Frankivsk,74.91
2024,general secondary educational institutions with high-speed (more than 30 Mbit/s) wired or wireless access to the Internet,Kyiv,93.97
2024,general secondary educational institutions with high-speed (more than 30 Mbit/s) wired or wireless access to the Internet,Kirovohrad,90.18
2024,general secondary educational institutions with high-speed (more than 30 Mbit/s) wired or wireless access to the Internet,Luhansk,1.2
2024,general secondary educational institutions with high-speed (more than 30 Mbit/s) wired or wireless access to the Internet,Lviv,85.62
2024,general secondary educational institutions with high-speed (more than 30 Mbit/s) wired or wireless access to the Internet,Mykolayiv,77.64
2024,general secondary educational institutions with high-speed (more than 30 Mbit/s) wired or wireless access to the Internet,Odesa,95.49
2024,general secondary educational institutions with high-speed (more than 30 Mbit/s) wired or wireless access to the Internet,Poltava,91.4
2024,general secondary educational institutions with high-speed (more than 30 Mbit/s) wired or wireless access to the Internet,Rivne,93.48
2024,general secondary educational institutions with high-speed (more than 30 Mbit/s) wired or wireless access to the Internet,Sumy,88.13
2024,general secondary educational institutions with high-speed (more than 30 Mbit/s) wired or wireless access to the Internet,Ternopil,89.71
2024,general secondary educational institutions with high-speed (more than 30 Mbit/s) wired or wireless access to the Internet,Kharkiv,73.31
2024,general secondary educational institutions with high-speed (more than 30 Mbit/s) wired or wireless access to the Internet,Kherson,24.14
2024,general secondary educational institutions with high-speed (more than 30 Mbit/s) wired or wireless access to the Internet,Khmelnytskiy,84.6
2024,general secondary educational institutions with high-speed (more than 30 Mbit/s) wired or wireless access to the Internet,Cherkasy,97.46
2024,general secondary educational institutions with high-speed (more than 30 Mbit/s) wired or wireless access to the Internet,Chernivtsi,99.1
2024,general secondary educational institutions with high-speed (more than 30 Mbit/s) wired or wireless access to the Internet,Chernihiv,87.77
2024,general secondary educational institutions with high-speed (more than 30 Mbit/s) wired or wireless access to the Internet,city Kyiv,93.19
2024,general secondary educational institutions with high-speed (more than 30 Mbit/s) wired or wireless access to the Internet,city Sevastopol,
2025,general secondary educational institutions with high-speed (more than 30 Mbit/s) wired or wireless access to the Internet,Ukraine,85.46
2025,general secondary educational institutions with high-speed (more than 30 Mbit/s) wired or wireless access to the Internet,Autonomous Republic of Crimea,
2025,general secondary educational institutions with high-speed (more than 30 Mbit/s) wired or wireless access to the Internet,Vinnytsya,88.07
2025,general secondary educational institutions with high-speed (more than 30 Mbit/s) wired or wireless access to the Internet,Volyn,92.09
2025,general secondary educational institutions with high-speed (more than 30 Mbit/s) wired or wireless access to the Internet,Dnipropetrovsk,83.23
2025,general secondary educational institutions with high-speed (more than 30 Mbit/s) wired or wireless access to the Internet,Donetsk,97.67
2025,general secondary educational institutions with high-speed (more than 30 Mbit/s) wired or wireless access to the Internet,Zhytomyr,78.25
2025,general secondary educational institutions with high-speed (more than 30 Mbit/s) wired or wireless access to the Internet,Zakarpattya,78.94
2025,general secondary educational institutions with high-speed (more than 30 Mbit/s) wired or wireless access to the Internet,Zaporizhzhya,50.48
2025,general secondary educational institutions with high-speed (more than 30 Mbit/s) wired or wireless access to the Internet,Ivano-Frankivsk,79.78
2025,general secondary educational institutions with high-speed (more than 30 Mbit/s) wired or wireless access to the Internet,Kyiv,95.6
2025,general secondary educational institutions with high-speed (more than 30 Mbit/s) wired or wireless access to the Internet,Kirovohrad,89.13
2025,general secondary educational institutions with high-speed (more than 30 Mbit/s) wired or wireless access to the Internet,Luhansk,0.0
2025,general secondary educational institutions with high-speed (more than 30 Mbit/s) wired or wireless access to the Internet,Lviv,83.91
2025,general secondary educational institutions with high-speed (more than 30 Mbit/s) wired or wireless access to the Internet,Mykolayiv,80.92
2025,general secondary educational institutions with high-speed (more than 30 Mbit/s) wired or wireless access to the Internet,Odesa,95.06
2025,general secondary educational institutions with high-speed (more than 30 Mbit/s) wired or wireless access to the Internet,Poltava,92.42
2025,general secondary educational institutions with high-speed (more than 30 Mbit/s) wired or wireless access to the Internet,Rivne,94.92
2025,general secondary educational institutions with high-speed (more than 30 Mbit/s) wired or wireless access to the Internet,Sumy,89.42
2025,general secondary educational institutions with high-speed (more than 30 Mbit/s) wired or wireless access to the Internet,Ternopil,88.78
2025,general secondary educational institutions with high-speed (more than 30 Mbit/s) wired or wireless access to the Internet,Kharkiv,76.45
2025,general secondary educational institutions with high-speed (more than 30 Mbit/s) wired or wireless access to the Internet,Kherson,22.81
2025,general secondary educational institutions with high-speed (more than 30 Mbit/s) wired or wireless access to the Internet,Khmelnytskiy,85.74
2025,general secondary educational institutions with high-speed (more than 30 Mbit/s) wired or wireless access to the Internet,Cherkasy,98.07
2025,general secondary educational institutions with high-speed (more than 30 Mbit/s) wired or wireless access to the Internet,Chernivtsi,100.0
2025,general secondary educational institutions with high-speed (more than 30 Mbit/s) wired or wireless access to the Internet,Chernihiv,91.05
2025,general secondary educational institutions with high-speed (more than 30 Mbit/s) wired or wireless access to the Internet,city Kyiv,92.81
2025,general secondary educational institutions with high-speed (more than 30 Mbit/s) wired or wireless access to the Internet,city Sevastopol,
2015,extracurricular educational institutions with broadband wired high-speed (more than 30 Mbit/s) access to the Internet,Ukraine,
2015,extracurricular educational institutions with broadband wired high-speed (more than 30 Mbit/s) access to the Internet,Autonomous Republic of Crimea,
2015,extracurricular educational institutions with broadband wired high-speed (more than 30 Mbit/s) access to the Internet,Vinnytsya,
2015,extracurricular educational institutions with broadband wired high-speed (more than 30 Mbit/s) access to the Internet,Volyn,
2015,extracurricular educational institutions with broadband wired high-speed (more than 30 Mbit/s) access to the Internet,Dnipropetrovsk,
2015,extracurricular educational institutions with broadband wired high-speed (more than 30 Mbit/s) access to the Internet,Donetsk,
2015,extracurricular educational institutions with broadband wired high-speed (more than 30 Mbit/s) access to the Internet,Zhytomyr,
2015,extracurricular educational institutions with broadband wired high-speed (more than 30 Mbit/s) access to the Internet,Zakarpattya,
2015,extracurricular educational institutions with broadband wired high-speed (more than 30 Mbit/s) access to the Internet,Zaporizhzhya,
2015,extracurricular educational institutions with broadband wired high-speed (more than 30 Mbit/s) access to the Internet,Ivano-Frankivsk,
2015,extracurricular educational institutions with broadband wired high-speed (more than 30 Mbit/s) access to the Internet,Kyiv,
2015,extracurricular educational institutions with broadband wired high-speed (more than 30 Mbit/s) access to the Internet,Kirovohrad,
2015,extracurricular educational institutions with broadband wired high-speed (more than 30 Mbit/s) access to the Internet,Luhansk,
2015,extracurricular educational institutions with broadband wired high-speed (more than 30 Mbit/s) access to the Internet,Lviv,
2015,extracurricular educational institutions with broadband wired high-speed (more than 30 Mbit/s) access to the Internet,Mykolayiv,
2015,extracurricular educational institutions with broadband wired high-speed (more than 30 Mbit/s) access to the Internet,Odesa,
2015,extracurricular educational institutions with broadband wired high-speed (more than 30 Mbit/s) access to the Internet,Poltava,
2015,extracurricular educational institutions with broadband wired high-speed (more than 30 Mbit/s) access to the Internet,Rivne,
2015,extracurricular educational institutions with broadband wired high-speed (more than 30 Mbit/s) access to the Internet,Sumy,
2015,extracurricular educational institutions with broadband wired high-speed (more than 30 Mbit/s) access to the Internet,Ternopil,
2015,extracurricular educational institutions with broadband wired high-speed (more than 30 Mbit/s) access to the Internet,Kharkiv,
2015,extracurricular educational institutions with broadband wired high-speed (more than 30 Mbit/s) access to the Internet,Kherson,
2015,extracurricular educational institutions with broadband wired high-speed (more than 30 Mbit/s) access to the Internet,Khmelnytskiy,
2015,extracurricular educational institutions with broadband wired high-speed (more than 30 Mbit/s) access to the Internet,Cherkasy,
2015,extracurricular educational institutions with broadband wired high-speed (more than 30 Mbit/s) access to the Internet,Chernivtsi,
2015,extracurricular educational institutions with broadband wired high-speed (more than 30 Mbit/s) access to the Internet,Chernihiv,
2015,extracurricular educational institutions with broadband wired high-speed (more than 30 Mbit/s) access to the Internet,city Kyiv,
2015,extracurricular educational institutions with broadband wired high-speed (more than 30 Mbit/s) access to the Internet,city Sevastopol,
2016,extracurricular educational institutions with broadband wired high-speed (more than 30 Mbit/s) access to the Internet,Ukraine,
2016,extracurricular educational institutions with broadband wired high-speed (more than 30 Mbit/s) access to the Internet,Autonomous Republic of Crimea,
2016,extracurricular educational institutions with broadband wired high-speed (more than 30 Mbit/s) access to the Internet,Vinnytsya,
2016,extracurricular educational institutions with broadband wired high-speed (more than 30 Mbit/s) access to the Internet,Volyn,
2016,extracurricular educational institutions with broadband wired high-speed (more than 30 Mbit/s) access to the Internet,Dnipropetrovsk,
2016,extracurricular educational institutions with broadband wired high-speed (more than 30 Mbit/s) access to the Internet,Donetsk,
2016,extracurricular educational institutions with broadband wired high-speed (more than 30 Mbit/s) access to the Internet,Zhytomyr,
2016,extracurricular educational institutions with broadband wired high-speed (more than 30 Mbit/s) access to the Internet,Zakarpattya,
2016,extracurricular educational institutions with broadband wired high-speed (more than 30 Mbit/s) access to the Internet,Zaporizhzhya,
2016,extracurricular educational institutions with broadband wired high-speed (more than 30 Mbit/s) access to the Internet,Ivano-Frankivsk,
2016,extracurricular educational institutions with broadband wired high-speed (more than 30 Mbit/s) access to the Internet,Kyiv,
2016,extracurricular educational institutions with broadband wired high-speed (more than 30 Mbit/s) access to the Internet,Kirovohrad,
2016,extracurricular educational institutions with broadband wired high-speed (more than 30 Mbit/s) access to the Internet,Luhansk,
2016,extracurricular educational institutions with broadband wired high-speed (more than 30 Mbit/s) access to the Internet,Lviv,
2016,extracurricular educational institutions with broadband wired high-speed (more than 30 Mbit/s) access to the Internet,Mykolayiv,
2016,extracurricular educational institutions with broadband wired high-speed (more than 30 Mbit/s) access to the Internet,Odesa,
2016,extracurricular educational institutions with broadband wired high-speed (more than 30 Mbit/s) access to the Internet,Poltava,
2016,extracurricular educational institutions with broadband wired high-speed (more than 30 Mbit/s) access to the Internet,Rivne,
2016,extracurricular educational institutions with broadband wired high-speed (more than 30 Mbit/s) access to the Internet,Sumy,
2016,extracurricular educational institutions with broadband wired high-speed (more than 30 Mbit/s) access to the Internet,Ternopil,
2016,extracurricular educational institutions with broadband wired high-speed (more than 30 Mbit/s) access to the Internet,Kharkiv,
2016,extracurricular educational institutions with broadband wired high-speed (more than 30 Mbit/s) access to the Internet,Kherson,
2016,extracurricular educational institutions with broadband wired high-speed (more than 30 Mbit/s) access to the Internet,Khmelnytskiy,
2016,extracurricular educational institutions with broadband wired high-speed (more than 30 Mbit/s) access to the Internet,Cherkasy,
2016,extracurricular educational institutions with broadband wired high-speed (more than 30 Mbit/s) access to the Internet,Chernivtsi,
2016,extracurricular educational institutions with broadband wired high-speed (more than 30 Mbit/s) access to the Internet,Chernihiv,
2016,extracurricular educational institutions with broadband wired high-speed (more than 30 Mbit/s) access to the Internet,city Kyiv,
2016,extracurricular educational institutions with broadband wired high-speed (more than 30 Mbit/s) access to the Internet,city Sevastopol,
2017,extracurricular educational institutions with broadband wired high-speed (more than 30 Mbit/s) access to the Internet,Ukraine,
2017,extracurricular educational institutions with broadband wired high-speed (more than 30 Mbit/s) access to the Internet,Autonomous Republic of Crimea,
2017,extracurricular educational institutions with broadband wired high-speed (more than 30 Mbit/s) access to the Internet,Vinnytsya,
2017,extracurricular educational institutions with broadband wired high-speed (more than 30 Mbit/s) access to the Internet,Volyn,
2017,extracurricular educational institutions with broadband wired high-speed (more than 30 Mbit/s) access to the Internet,Dnipropetrovsk,
2017,extracurricular educational institutions with broadband wired high-speed (more than 30 Mbit/s) access to the Internet,Donetsk,
2017,extracurricular educational institutions with broadband wired high-speed (more than 30 Mbit/s) access to the Internet,Zhytomyr,
2017,extracurricular educational institutions with broadband wired high-speed (more than 30 Mbit/s) access to the Internet,Zakarpattya,
2017,extracurricular educational institutions with broadband wired high-speed (more than 30 Mbit/s) access to the Internet,Zaporizhzhya,
2017,extracurricular educational institutions with broadband wired high-speed (more than 30 Mbit/s) access to the Internet,Ivano-Frankivsk,
2017,extracurricular educational institutions with broadband wired high-speed (more than 30 Mbit/s) access to the Internet,Kyiv,
2017,extracurricular educational institutions with broadband wired high-speed (more than 30 Mbit/s) access to the Internet,Kirovohrad,
2017,extracurricular educational institutions with broadband wired high-speed (more than 30 Mbit/s) access to the Internet,Luhansk,
2017,extracurricular educational institutions with broadband wired high-speed (more than 30 Mbit/s) access to the Internet,Lviv,
2017,extracurricular educational institutions with broadband wired high-speed (more than 30 Mbit/s) access to the Internet,Mykolayiv,
2017,extracurricular educational institutions with broadband wired high-speed (more than 30 Mbit/s) access to the Internet,Odesa,
2017,extracurricular educational institutions with broadband wired high-speed (more than 30 Mbit/s) access to the Internet,Poltava,
2017,extracurricular educational institutions with broadband wired high-speed (more than 30 Mbit/s) access to the Internet,Rivne,
2017,extracurricular educational institutions with broadband wired high-speed (more than 30 Mbit/s) access to the Internet,Sumy,
2017,extracurricular educational institutions with broadband wired high-speed (more than 30 Mbit/s) access to the Internet,Ternopil,
2017,extracurricular educational institutions with broadband wired high-speed (more than 30 Mbit/s) access to the Internet,Kharkiv,
2017,extracurricular educational institutions with broadband wired high-speed (more than 30 Mbit/s) access to the Internet,Kherson,
2017,extracurricular educational institutions with broadband wired high-speed (more than 30 Mbit/s) access to the Internet,Khmelnytskiy,
2017,extracurricular educational institutions with broadband wired high-speed (more than 30 Mbit/s) access to the Internet,Cherkasy,
2017,extracurricular educational institutions with broadband wired high-speed (more than 30 Mbit/s) access to the Internet,Chernivtsi,
2017,extracurricular educational institutions with broadband wired high-speed (more than 30 Mbit/s) access to the Internet,Chernihiv,
2017,extracurricular educational institutions with broadband wired high-speed (more than 30 Mbit/s) access to the Internet,city Kyiv,
2017,extracurricular educational institutions with broadband wired high-speed (more than 30 Mbit/s) access to the Internet,city Sevastopol,
2018,extracurricular educational institutions with broadband wired high-speed (more than 30 Mbit/s) access to the Internet,Ukraine,
2018,extracurricular educational institutions with broadband wired high-speed (more than 30 Mbit/s) access to the Internet,Autonomous Republic of Crimea,
2018,extracurricular educational institutions with broadband wired high-speed (more than 30 Mbit/s) access to the Internet,Vinnytsya,
2018,extracurricular educational institutions with broadband wired high-speed (more than 30 Mbit/s) access to the Internet,Volyn,
2018,extracurricular educational institutions with broadband wired high-speed (more than 30 Mbit/s) access to the Internet,Dnipropetrovsk,
2018,extracurricular educational institutions with broadband wired high-speed (more than 30 Mbit/s) access to the Internet,Donetsk,
2018,extracurricular educational institutions with broadband wired high-speed (more than 30 Mbit/s) access to the Internet,Zhytomyr,
2018,extracurricular educational institutions with broadband wired high-speed (more than 30 Mbit/s) access to the Internet,Zakarpattya,
2018,extracurricular educational institutions with broadband wired high-speed (more than 30 Mbit/s) access to the Internet,Zaporizhzhya,
2018,extracurricular educational institutions with broadband wired high-speed (more than 30 Mbit/s) access to the Internet,Ivano-Frankivsk,
2018,extracurricular educational institutions with broadband wired high-speed (more than 30 Mbit/s) access to the Internet,Kyiv,
2018,extracurricular educational institutions with broadband wired high-speed (more than 30 Mbit/s) access to the Internet,Kirovohrad,
2018,extracurricular educational institutions with broadband wired high-speed (more than 30 Mbit/s) access to the Internet,Luhansk,
2018,extracurricular educational institutions with broadband wired high-speed (more than 30 Mbit/s) access to the Internet,Lviv,
2018,extracurricular educational institutions with broadband wired high-speed (more than 30 Mbit/s) access to the Internet,Mykolayiv,
2018,extracurricular educational institutions with broadband wired high-speed (more than 30 Mbit/s) access to the Internet,Odesa,
2018,extracurricular educational institutions with broadband wired high-speed (more than 30 Mbit/s) access to the Internet,Poltava,
2018,extracurricular educational institutions with broadband wired high-speed (more than 30 Mbit/s) access to the Internet,Rivne,
2018,extracurricular educational institutions with broadband wired high-speed (more than 30 Mbit/s) access to the Internet,Sumy,
2018,extracurricular educational institutions with broadband wired high-speed (more than 30 Mbit/s) access to the Internet,Ternopil,
2018,extracurricular educational institutions with broadband wired high-speed (more than 30 Mbit/s) access to the Internet,Kharkiv,
2018,extracurricular educational institutions with broadband wired high-speed (more than 30 Mbit/s) access to the Internet,Kherson,
2018,extracurricular educational institutions with broadband wired high-speed (more than 30 Mbit/s) access to the Internet,Khmelnytskiy,
2018,extracurricular educational institutions with broadband wired high-speed (more than 30 Mbit/s) access to the Internet,Cherkasy,
2018,extracurricular educational institutions with broadband wired high-speed (more than 30 Mbit/s) access to the Internet,Chernivtsi,
2018,extracurricular educational institutions with broadband wired high-speed (more than 30 Mbit/s) access to the Internet,Chernihiv,
2018,extracurricular educational institutions with broadband wired high-speed (more than 30 Mbit/s) access to the Internet,city Kyiv,
2018,extracurricular educational institutions with broadband wired high-speed (more than 30 Mbit/s) access to the Internet,city Sevastopol,
2019,extracurricular educational institutions with broadband wired high-speed (more than 30 Mbit/s) access to the Internet,Ukraine,
2019,extracurricular educational institutions with broadband wired high-speed (more than 30 Mbit/s) access to the Internet,Autonomous Republic of Crimea,
2019,extracurricular educational institutions with broadband wired high-speed (more than 30 Mbit/s) access to the Internet,Vinnytsya,
2019,extracurricular educational institutions with broadband wired high-speed (more than 30 Mbit/s) access to the Internet,Volyn,
2019,extracurricular educational institutions with broadband wired high-speed (more than 30 Mbit/s) access to the Internet,Dnipropetrovsk,
2019,extracurricular educational institutions with broadband wired high-speed (more than 30 Mbit/s) access to the Internet,Donetsk,
2019,extracurricular educational institutions with broadband wired high-speed (more than 30 Mbit/s) access to the Internet,Zhytomyr,
2019,extracurricular educational institutions with broadband wired high-speed (more than 30 Mbit/s) access to the Internet,Zakarpattya,
2019,extracurricular educational institutions with broadband wired high-speed (more than 30 Mbit/s) access to the Internet,Zaporizhzhya,
2019,extracurricular educational institutions with broadband wired high-speed (more than 30 Mbit/s) access to the Internet,Ivano-Frankivsk,
2019,extracurricular educational institutions with broadband wired high-speed (more than 30 Mbit/s) access to the Internet,Kyiv,
2019,extracurricular educational institutions with broadband wired high-speed (more than 30 Mbit/s) access to the Internet,Kirovohrad,
2019,extracurricular educational institutions with broadband wired high-speed (more than 30 Mbit/s) access to the Internet,Luhansk,
2019,extracurricular educational institutions with broadband wired high-speed (more than 30 Mbit/s) access to the Internet,Lviv,
2019,extracurricular educational institutions with broadband wired high-speed (more than 30 Mbit/s) access to the Internet,Mykolayiv,
2019,extracurricular educational institutions with broadband wired high-speed (more than 30 Mbit/s) access to the Internet,Odesa,
2019,extracurricular educational institutions with broadband wired high-speed (more than 30 Mbit/s) access to the Internet,Poltava,
2019,extracurricular educational institutions with broadband wired high-speed (more than 30 Mbit/s) access to the Internet,Rivne,
2019,extracurricular educational institutions with broadband wired high-speed (more than 30 Mbit/s) access to the Internet,Sumy,
2019,extracurricular educational institutions with broadband wired high-speed (more than 30 Mbit/s) access to the Internet,Ternopil,
2019,extracurricular educational institutions with broadband wired high-speed (more than 30 Mbit/s) access to the Internet,Kharkiv,
2019,extracurricular educational institutions with broadband wired high-speed (more than 30 Mbit/s) access to the Internet,Kherson,
2019,extracurricular educational institutions with broadband wired high-speed (more than 30 Mbit/s) access to the Internet,Khmelnytskiy,
2019,extracurricular educational institutions with broadband wired high-speed (more than 30 Mbit/s) access to the Internet,Cherkasy,
2019,extracurricular educational institutions with broadband wired high-speed (more than 30 Mbit/s) access to the Internet,Chernivtsi,
2019,extracurricular educational institutions with broadband wired high-speed (more than 30 Mbit/s) access to the Internet,Chernihiv,
2019,extracurricular educational institutions with broadband wired high-speed (more than 30 Mbit/s) access to the Internet,city Kyiv,
2019,extracurricular educational institutions with broadband wired high-speed (more than 30 Mbit/s) access to the Internet,city Sevastopol,
2020,extracurricular educational institutions with broadband wired high-speed (more than 30 Mbit/s) access to the Internet,Ukraine,
2020,extracurricular educational institutions with broadband wired high-speed (more than 30 Mbit/s) access to the Internet,Autonomous Republic of Crimea,
2020,extracurricular educational institutions with broadband wired high-speed (more than 30 Mbit/s) access to the Internet,Vinnytsya,
2020,extracurricular educational institutions with broadband wired high-speed (more than 30 Mbit/s) access to the Internet,Volyn,
2020,extracurricular educational institutions with broadband wired high-speed (more than 30 Mbit/s) access to the Internet,Dnipropetrovsk,
2020,extracurricular educational institutions with broadband wired high-speed (more than 30 Mbit/s) access to the Internet,Donetsk,
2020,extracurricular educational institutions with broadband wired high-speed (more than 30 Mbit/s) access to the Internet,Zhytomyr,
2020,extracurricular educational institutions with broadband wired high-speed (more than 30 Mbit/s) access to the Internet,Zakarpattya,
2020,extracurricular educational institutions with broadband wired high-speed (more than 30 Mbit/s) access to the Internet,Zaporizhzhya,
2020,extracurricular educational institutions with broadband wired high-speed (more than 30 Mbit/s) access to the Internet,Ivano-Frankivsk,
2020,extracurricular educational institutions with broadband wired high-speed (more than 30 Mbit/s) access to the Internet,Kyiv,
2020,extracurricular educational institutions with broadband wired high-speed (more than 30 Mbit/s) access to the Internet,Kirovohrad,
2020,extracurricular educational institutions with broadband wired high-speed (more than 30 Mbit/s) access to the Internet,Luhansk,
2020,extracurricular educational institutions with broadband wired high-speed (more than 30 Mbit/s) access to the Internet,Lviv,
2020,extracurricular educational institutions with broadband wired high-speed (more than 30 Mbit/s) access to the Internet,Mykolayiv,
2020,extracurricular educational institutions with broadband wired high-speed (more than 30 Mbit/s) access to the Internet,Odesa,
2020,extracurricular educational institutions with broadband wired high-speed (more than 30 Mbit/s) access to the Internet,Poltava,
2020,extracurricular educational institutions with broadband wired high-speed (more than 30 Mbit/s) access to the Internet,Rivne,
2020,extracurricular educational institutions with broadband wired high-speed (more than 30 Mbit/s) access to the Internet,Sumy,
2020,extracurricular educational institutions with broadband wired high-speed (more than 30 Mbit/s) access to the Internet,Ternopil,
2020,extracurricular educational institutions with broadband wired high-speed (more than 30 Mbit/s) access to the Internet,Kharkiv,
2020,extracurricular educational institutions with broadband wired high-speed (more than 30 Mbit/s) access to the Internet,Kherson,
2020,extracurricular educational institutions with broadband wired high-speed (more than 30 Mbit/s) access to the Internet,Khmelnytskiy,
2020,extracurricular educational institutions with broadband wired high-speed (more than 30 Mbit/s) access to the Internet,Cherkasy,
2020,extracurricular educational institutions with broadband wired high-speed (more than 30 Mbit/s) access to the Internet,Chernivtsi,
2020,extracurricular educational institutions with broadband wired high-speed (more than 30 Mbit/s) access to the Internet,Chernihiv,
2020,extracurricular educational institutions with broadband wired high-speed (more than 30 Mbit/s) access to the Internet,city Kyiv,
2020,extracurricular educational institutions with broadband wired high-speed (more than 30 Mbit/s) access to the Internet,city Sevastopol,
2021,extracurricular educational institutions with broadband wired high-speed (more than 30 Mbit/s) access to the Internet,Ukraine,
2021,extracurricular educational institutions with broadband wired high-speed (more than 30 Mbit/s) access to the Internet,Autonomous Republic of Crimea,
2021,extracurricular educational institutions with broadband wired high-speed (more than 30 Mbit/s) access to the Internet,Vinnytsya,
2021,extracurricular educational institutions with broadband wired high-speed (more than 30 Mbit/s) access to the Internet,Volyn,
2021,extracurricular educational institutions with broadband wired high-speed (more than 30 Mbit/s) access to the Internet,Dnipropetrovsk,
2021,extracurricular educational institutions with broadband wired high-speed (more than 30 Mbit/s) access to the Internet,Donetsk,
2021,extracurricular educational institutions with broadband wired high-speed (more than 30 Mbit/s) access to the Internet,Zhytomyr,
2021,extracurricular educational institutions with broadband wired high-speed (more than 30 Mbit/s) access to the Internet,Zakarpattya,
2021,extracurricular educational institutions with broadband wired high-speed (more than 30 Mbit/s) access to the Internet,Zaporizhzhya,
2021,extracurricular educational institutions with broadband wired high-speed (more than 30 Mbit/s) access to the Internet,Ivano-Frankivsk,
2021,extracurricular educational institutions with broadband wired high-speed (more than 30 Mbit/s) access to the Internet,Kyiv,
2021,extracurricular educational institutions with broadband wired high-speed (more than 30 Mbit/s) access to the Internet,Kirovohrad,
2021,extracurricular educational institutions with broadband wired high-speed (more than 30 Mbit/s) access to the Internet,Luhansk,
2021,extracurricular educational institutions with broadband wired high-speed (more than 30 Mbit/s) access to the Internet,Lviv,
2021,extracurricular educational institutions with broadband wired high-speed (more than 30 Mbit/s) access to the Internet,Mykolayiv,
2021,extracurricular educational institutions with broadband wired high-speed (more than 30 Mbit/s) access to the Internet,Odesa,
2021,extracurricular educational institutions with broadband wired high-speed (more than 30 Mbit/s) access to the Internet,Poltava,
2021,extracurricular educational institutions with broadband wired high-speed (more than 30 Mbit/s) access to the Internet,Rivne,
2021,extracurricular educational institutions with broadband wired high-speed (more than 30 Mbit/s) access to the Internet,Sumy,
2021,extracurricular educational institutions with broadband wired high-speed (more than 30 Mbit/s) access to the Internet,Ternopil,
2021,extracurricular educational institutions with broadband wired high-speed (more than 30 Mbit/s) access to the Internet,Kharkiv,
2021,extracurricular educational institutions with broadband wired high-speed (more than 30 Mbit/s) access to the Internet,Kherson,
2021,extracurricular educational institutions with broadband wired high-speed (more than 30 Mbit/s) access to the Internet,Khmelnytskiy,
2021,extracurricular educational institutions with broadband wired high-speed (more than 30 Mbit/s) access to the Internet,Cherkasy,
2021,extracurricular educational institutions with broadband wired high-speed (more than 30 Mbit/s) access to the Internet,Chernivtsi,
2021,extracurricular educational institutions with broadband wired high-speed (more than 30 Mbit/s) access to the Internet,Chernihiv,
2021,extracurricular educational institutions with broadband wired high-speed (more than 30 Mbit/s) access to the Internet,city Kyiv,
2021,extracurricular educational institutions with broadband wired high-speed (more than 30 Mbit/s) access to the Internet,city Sevastopol,
2022,extracurricular educational institutions with broadband wired high-speed (more than 30 Mbit/s) access to the Internet,Ukraine,57.35
2022,extracurricular educational institutions with broadband wired high-speed (more than 30 Mbit/s) access to the Internet,Autonomous Republic of Crimea,
2022,extracurricular educational institutions with broadband wired high-speed (more than 30 Mbit/s) access to the Internet,Vinnytsya,59.65
2022,extracurricular educational institutions with broadband wired high-speed (more than 30 Mbit/s) access to the Internet,Volyn,65.71
2022,extracurricular educational institutions with broadband wired high-speed (more than 30 Mbit/s) access to the Internet,Dnipropetrovsk,46.23
2022,extracurricular educational institutions with broadband wired high-speed (more than 30 Mbit/s) access to the Internet,Donetsk,61.11
2022,extracurricular educational institutions with broadband wired high-speed (more than 30 Mbit/s) access to the Internet,Zhytomyr,45.0
2022,extracurricular educational institutions with broadband wired high-speed (more than 30 Mbit/s) access to the Internet,Zakarpattya,46.15
2022,extracurricular educational institutions with broadband wired high-speed (more than 30 Mbit/s) access to the Internet,Zaporizhzhya,66.07
2022,extracurricular educational institutions with broadband wired high-speed (more than 30 Mbit/s) access to the Internet,Ivano-Frankivsk,54.0
2022,extracurricular educational institutions with broadband wired high-speed (more than 30 Mbit/s) access to the Internet,Kyiv,72.15
2022,extracurricular educational institutions with broadband wired high-speed (more than 30 Mbit/s) access to the Internet,Kirovohrad,54.67
2022,extracurricular educational institutions with broadband wired high-speed (more than 30 Mbit/s) access to the Internet,Luhansk,56.52
2022,extracurricular educational institutions with broadband wired high-speed (more than 30 Mbit/s) access to the Internet,Lviv,52.11
2022,extracurricular educational institutions with broadband wired high-speed (more than 30 Mbit/s) access to the Internet,Mykolayiv,51.43
2022,extracurricular educational institutions with broadband wired high-speed (more than 30 Mbit/s) access to the Internet,Odesa,59.38
2022,extracurricular educational institutions with broadband wired high-speed (more than 30 Mbit/s) access to the Internet,Poltava,70.91
2022,extracurricular educational institutions with broadband wired high-speed (more than 30 Mbit/s) access to the Internet,Rivne,45.71
2022,extracurricular educational institutions with broadband wired high-speed (more than 30 Mbit/s) access to the Internet,Sumy,47.62
2022,extracurricular educational institutions with broadband wired high-speed (more than 30 Mbit/s) access to the Internet,Ternopil,61.11
2022,extracurricular educational institutions with broadband wired high-speed (more than 30 Mbit/s) access to the Internet,Kharkiv,59.09
2022,extracurricular educational institutions with broadband wired high-speed (more than 30 Mbit/s) access to the Internet,Kherson,50.0
2022,extracurricular educational institutions with broadband wired high-speed (more than 30 Mbit/s) access to the Internet,Khmelnytskiy,56.1
2022,extracurricular educational institutions with broadband wired high-speed (more than 30 Mbit/s) access to the Internet,Cherkasy,83.33
2022,extracurricular educational institutions with broadband wired high-speed (more than 30 Mbit/s) access to the Internet,Chernivtsi,77.78
2022,extracurricular educational institutions with broadband wired high-speed (more than 30 Mbit/s) access to the Internet,Chernihiv,32.61
2022,extracurricular educational institutions with broadband wired high-speed (more than 30 Mbit/s) access to the Internet,city Kyiv,61.9
2022,extracurricular educational institutions with broadband wired high-speed (more than 30 Mbit/s) access to the Internet,city Sevastopol,
2023,extracurricular educational institutions with broadband wired high-speed (more than 30 Mbit/s) access to the Internet,Ukraine,61.33
2023,extracurricular educational institutions with broadband wired high-speed (more than 30 Mbit/s) access to the Internet,Autonomous Republic of Crimea,
2023,extracurricular educational institutions with broadband wired high-speed (more than 30 Mbit/s) access to the Internet,Vinnytsya,73.47
2023,extracurricular educational institutions with broadband wired high-speed (more than 30 Mbit/s) access to the Internet,Volyn,69.7
2023,extracurricular educational institutions with broadband wired high-speed (more than 30 Mbit/s) access to the Internet,Dnipropetrovsk,51.96
2023,extracurricular educational institutions with broadband wired high-speed (more than 30 Mbit/s) access to the Internet,Donetsk,28.57
2023,extracurricular educational institutions with broadband wired high-speed (more than 30 Mbit/s) access to the Internet,Zhytomyr,67.39
2023,extracurricular educational institutions with broadband wired high-speed (more than 30 Mbit/s) access to the Internet,Zakarpattya,68.18
2023,extracurricular educational institutions with broadband wired high-speed (more than 30 Mbit/s) access to the Internet,Zaporizhzhya,53.85
2023,extracurricular educational institutions with broadband wired high-speed (more than 30 Mbit/s) access to the Internet,Ivano-Frankivsk,78.43
2023,extracurricular educational institutions with broadband wired high-speed (more than 30 Mbit/s) access to the Internet,Kyiv,65.93
2023,extracurricular educational institutions with broadband wired high-speed (more than 30 Mbit/s) access to the Internet,Kirovohrad,67.9
2023,extracurricular educational institutions with broadband wired high-speed (more than 30 Mbit/s) access to the Internet,Luhansk,0.0
2023,extracurricular educational institutions with broadband wired high-speed (more than 30 Mbit/s) access to the Internet,Lviv,57.35
2023,extracurricular educational institutions with broadband wired high-speed (more than 30 Mbit/s) access to the Internet,Mykolayiv,59.46
2023,extracurricular educational institutions with broadband wired high-speed (more than 30 Mbit/s) access to the Internet,Odesa,56.45
2023,extracurricular educational institutions with broadband wired high-speed (more than 30 Mbit/s) access to the Internet,Poltava,81.03
2023,extracurricular educational institutions with broadband wired high-speed (more than 30 Mbit/s) access to the Internet,Rivne,63.79
2023,extracurricular educational institutions with broadband wired high-speed (more than 30 Mbit/s) access to the Internet,Sumy,63.89
2023,extracurricular educational institutions with broadband wired high-speed (more than 30 Mbit/s) access to the Internet,Ternopil,75.0
2023,extracurricular educational institutions with broadband wired high-speed (more than 30 Mbit/s) access to the Internet,Kharkiv,55.0
2023,extracurricular educational institutions with broadband wired high-speed (more than 30 Mbit/s) access to the Internet,Kherson,9.09
2023,extracurricular educational institutions with broadband wired high-speed (more than 30 Mbit/s) access to the Internet,Khmelnytskiy,66.67
2023,extracurricular educational institutions with broadband wired high-speed (more than 30 Mbit/s) access to the Internet,Cherkasy,85.71
2023,extracurricular educational institutions with broadband wired high-speed (more than 30 Mbit/s) access to the Internet,Chernivtsi,62.96
2023,extracurricular educational institutions with broadband wired high-speed (more than 30 Mbit/s) access to the Internet,Chernihiv,51.28
2023,extracurricular educational institutions with broadband wired high-speed (more than 30 Mbit/s) access to the Internet,city Kyiv,74.42
2023,extracurricular educational institutions with broadband wired high-speed (more than 30 Mbit/s) access to the Internet,city Sevastopol,
2024,extracurricular educational institutions with broadband wired high-speed (more than 30 Mbit/s) access to the Internet,Ukraine,62.04
2024,extracurricular educational institutions with broadband wired high-speed (more than 30 Mbit/s) access to the Internet,Autonomous Republic of Crimea,
2024,extracurricular educational institutions with broadband wired high-speed (more than 30 Mbit/s) access to the Internet,Vinnytsya,80.85
2024,extracurricular educational institutions with broadband wired high-speed (more than 30 Mbit/s) access to the Internet,Volyn,69.7
2024,extracurricular educational institutions with broadband wired high-speed (more than 30 Mbit/s) access to the Internet,Dnipropetrovsk,51.49
2024,extracurricular educational institutions with broadband wired high-speed (more than 30 Mbit/s) access to the Internet,Donetsk,27.03
2024,extracurricular educational institutions with broadband wired high-speed (more than 30 Mbit/s) access to the Internet,Zhytomyr,60.42
2024,extracurricular educational institutions with broadband wired high-speed (more than 30 Mbit/s) access to the Internet,Zakarpattya,80.95
2024,extracurricular educational institutions with broadband wired high-speed (more than 30 Mbit/s) access to the Internet,Zaporizhzhya,40.48
2024,extracurricular educational institutions with broadband wired high-speed (more than 30 Mbit/s) access to the Internet,Ivano-Frankivsk,65.96
2024,extracurricular educational institutions with broadband wired high-speed (more than 30 Mbit/s) access to the Internet,Kyiv,59.57
2024,extracurricular educational institutions with broadband wired high-speed (more than 30 Mbit/s) access to the Internet,Kirovohrad,66.22
2024,extracurricular educational institutions with broadband wired high-speed (more than 30 Mbit/s) access to the Internet,Luhansk,0.0
2024,extracurricular educational institutions with broadband wired high-speed (more than 30 Mbit/s) access to the Internet,Lviv,63.24
2024,extracurricular educational institutions with broadband wired high-speed (more than 30 Mbit/s) access to the Internet,Mykolayiv,58.33
2024,extracurricular educational institutions with broadband wired high-speed (more than 30 Mbit/s) access to the Internet,Odesa,54.1
2024,extracurricular educational institutions with broadband wired high-speed (more than 30 Mbit/s) access to the Internet,Poltava,76.92
2024,extracurricular educational institutions with broadband wired high-speed (more than 30 Mbit/s) access to the Internet,Rivne,61.76
2024,extracurricular educational institutions with broadband wired high-speed (more than 30 Mbit/s) access to the Internet,Sumy,72.88
2024,extracurricular educational institutions with broadband wired high-speed (more than 30 Mbit/s) access to the Internet,Ternopil,69.44
2024,extracurricular educational institutions with broadband wired high-speed (more than 30 Mbit/s) access to the Internet,Kharkiv,65.0
2024,extracurricular educational institutions with broadband wired high-speed (more than 30 Mbit/s) access to the Internet,Kherson,16.67
2024,extracurricular educational institutions with broadband wired high-speed (more than 30 Mbit/s) access to the Internet,Khmelnytskiy,66.67
2024,extracurricular educational institutions with broadband wired high-speed (more than 30 Mbit/s) access to the Internet,Cherkasy,85.71
2024,extracurricular educational institutions with broadband wired high-speed (more than 30 Mbit/s) access to the Internet,Chernivtsi,75.0
2024,extracurricular educational institutions with broadband wired high-speed (more than 30 Mbit/s) access to the Internet,Chernihiv,56.76
2024,extracurricular educational institutions with broadband wired high-speed (more than 30 Mbit/s) access to the Internet,city Kyiv,79.55
2024,extracurricular educational institutions with broadband wired high-speed (more than 30 Mbit/s) access to the Internet,city Sevastopol,
2025,extracurricular educational institutions with broadband wired high-speed (more than 30 Mbit/s) access to the Internet,Ukraine,65.51
2025,extracurricular educational institutions with broadband wired high-speed (more than 30 Mbit/s) access to the Internet,Autonomous Republic of Crimea,
2025,extracurricular educational institutions with broadband wired high-speed (more than 30 Mbit/s) access to the Internet,Vinnytsya,74.47
2025,extracurricular educational institutions with broadband wired high-speed (more than 30 Mbit/s) access to the Internet,Volyn,66.67
2025,extracurricular educational institutions with broadband wired high-speed (more than 30 Mbit/s) access to the Internet,Dnipropetrovsk,58.76
2025,extracurricular educational institutions with broadband wired high-speed (more than 30 Mbit/s) access to the Internet,Donetsk,29.41
2025,extracurricular educational institutions with broadband wired high-speed (more than 30 Mbit/s) access to the Internet,Zhytomyr,62.0
2025,extracurricular educational institutions with broadband wired high-speed (more than 30 Mbit/s) access to the Internet,Zakarpattya,85.0
2025,extracurricular educational institutions with broadband wired high-speed (more than 30 Mbit/s) access to the Internet,Zaporizhzhya,66.67
2025,extracurricular educational institutions with broadband wired high-speed (more than 30 Mbit/s) access to the Internet,Ivano-Frankivsk,70.21
2025,extracurricular educational institutions with broadband wired high-speed (more than 30 Mbit/s) access to the Internet,Kyiv,66.32
2025,extracurricular educational institutions with broadband wired high-speed (more than 30 Mbit/s) access to the Internet,Kirovohrad,69.33
2025,extracurricular educational institutions with broadband wired high-speed (more than 30 Mbit/s) access to the Internet,Luhansk,0.0
2025,extracurricular educational institutions with broadband wired high-speed (more than 30 Mbit/s) access to the Internet,Lviv,61.76
2025,extracurricular educational institutions with broadband wired high-speed (more than 30 Mbit/s) access to the Internet,Mykolayiv,61.11
2025,extracurricular educational institutions with broadband wired high-speed (more than 30 Mbit/s) access to the Internet,Odesa,61.67
2025,extracurricular educational institutions with broadband wired high-speed (more than 30 Mbit/s) access to the Internet,Poltava,75.51
2025,extracurricular educational institutions with broadband wired high-speed (more than 30 Mbit/s) access to the Internet,Rivne,71.43
2025,extracurricular educational institutions with broadband wired high-speed (more than 30 Mbit/s) access to the Internet,Sumy,72.41
2025,extracurricular educational institutions with broadband wired high-speed (more than 30 Mbit/s) access to the Internet,Ternopil,72.22
2025,extracurricular educational institutions with broadband wired high-speed (more than 30 Mbit/s) access to the Internet,Kharkiv,66.67
2025,extracurricular educational institutions with broadband wired high-speed (more than 30 Mbit/s) access to the Internet,Kherson,20.0
2025,extracurricular educational institutions with broadband wired high-speed (more than 30 Mbit/s) access to the Internet,Khmelnytskiy,78.05
2025,extracurricular educational institutions with broadband wired high-speed (more than 30 Mbit/s) access to the Internet,Cherkasy,92.86
2025,extracurricular educational institutions with broadband wired high-speed (more than 30 Mbit/s) access to the Internet,Chernivtsi,60.87
2025,extracurricular educational institutions with broadband wired high-speed (more than 30 Mbit/s) access to the Internet,Chernihiv,57.14
2025,extracurricular educational institutions with broadband wired high-speed (more than 30 Mbit/s) access to the Internet,city Kyiv,69.77
2025,extracurricular educational institutions with broadband wired high-speed (more than 30 Mbit/s) access to the Internet,city Sevastopol,
2015,extracurricular educational institutions with high-speed (more than 30 Mbit/s) wireless access to the Internet,Ukraine,
2015,extracurricular educational institutions with high-speed (more than 30 Mbit/s) wireless access to the Internet,Autonomous Republic of Crimea,
2015,extracurricular educational institutions with high-speed (more than 30 Mbit/s) wireless access to the Internet,Vinnytsya,
2015,extracurricular educational institutions with high-speed (more than 30 Mbit/s) wireless access to the Internet,Volyn,
2015,extracurricular educational institutions with high-speed (more than 30 Mbit/s) wireless access to the Internet,Dnipropetrovsk,
2015,extracurricular educational institutions with high-speed (more than 30 Mbit/s) wireless access to the Internet,Donetsk,
2015,extracurricular educational institutions with high-speed (more than 30 Mbit/s) wireless access to the Internet,Zhytomyr,
2015,extracurricular educational institutions with high-speed (more than 30 Mbit/s) wireless access to the Internet,Zakarpattya,
2015,extracurricular educational institutions with high-speed (more than 30 Mbit/s) wireless access to the Internet,Zaporizhzhya,
2015,extracurricular educational institutions with high-speed (more than 30 Mbit/s) wireless access to the Internet,Ivano-Frankivsk,
2015,extracurricular educational institutions with high-speed (more than 30 Mbit/s) wireless access to the Internet,Kyiv,
2015,extracurricular educational institutions with high-speed (more than 30 Mbit/s) wireless access to the Internet,Kirovohrad,
2015,extracurricular educational institutions with high-speed (more than 30 Mbit/s) wireless access to the Internet,Luhansk,
2015,extracurricular educational institutions with high-speed (more than 30 Mbit/s) wireless access to the Internet,Lviv,
2015,extracurricular educational institutions with high-speed (more than 30 Mbit/s) wireless access to the Internet,Mykolayiv,
2015,extracurricular educational institutions with high-speed (more than 30 Mbit/s) wireless access to the Internet,Odesa,
2015,extracurricular educational institutions with high-speed (more than 30 Mbit/s) wireless access to the Internet,Poltava,
2015,extracurricular educational institutions with high-speed (more than 30 Mbit/s) wireless access to the Internet,Rivne,
2015,extracurricular educational institutions with high-speed (more than 30 Mbit/s) wireless access to the Internet,Sumy,
2015,extracurricular educational institutions with high-speed (more than 30 Mbit/s) wireless access to the Internet,Ternopil,
2015,extracurricular educational institutions with high-speed (more than 30 Mbit/s) wireless access to the Internet,Kharkiv,
2015,extracurricular educational institutions with high-speed (more than 30 Mbit/s) wireless access to the Internet,Kherson,
2015,extracurricular educational institutions with high-speed (more than 30 Mbit/s) wireless access to the Internet,Khmelnytskiy,
2015,extracurricular educational institutions with high-speed (more than 30 Mbit/s) wireless access to the Internet,Cherkasy,
2015,extracurricular educational institutions with high-speed (more than 30 Mbit/s) wireless access to the Internet,Chernivtsi,
2015,extracurricular educational institutions with high-speed (more than 30 Mbit/s) wireless access to the Internet,Chernihiv,
2015,extracurricular educational institutions with high-speed (more than 30 Mbit/s) wireless access to the Internet,city Kyiv,
2015,extracurricular educational institutions with high-speed (more than 30 Mbit/s) wireless access to the Internet,city Sevastopol,
2016,extracurricular educational institutions with high-speed (more than 30 Mbit/s) wireless access to the Internet,Ukraine,
2016,extracurricular educational institutions with high-speed (more than 30 Mbit/s) wireless access to the Internet,Autonomous Republic of Crimea,
2016,extracurricular educational institutions with high-speed (more than 30 Mbit/s) wireless access to the Internet,Vinnytsya,
2016,extracurricular educational institutions with high-speed (more than 30 Mbit/s) wireless access to the Internet,Volyn,
2016,extracurricular educational institutions with high-speed (more than 30 Mbit/s) wireless access to the Internet,Dnipropetrovsk,
2016,extracurricular educational institutions with high-speed (more than 30 Mbit/s) wireless access to the Internet,Donetsk,
2016,extracurricular educational institutions with high-speed (more than 30 Mbit/s) wireless access to the Internet,Zhytomyr,
2016,extracurricular educational institutions with high-speed (more than 30 Mbit/s) wireless access to the Internet,Zakarpattya,
2016,extracurricular educational institutions with high-speed (more than 30 Mbit/s) wireless access to the Internet,Zaporizhzhya,
2016,extracurricular educational institutions with high-speed (more than 30 Mbit/s) wireless access to the Internet,Ivano-Frankivsk,
2016,extracurricular educational institutions with high-speed (more than 30 Mbit/s) wireless access to the Internet,Kyiv,
2016,extracurricular educational institutions with high-speed (more than 30 Mbit/s) wireless access to the Internet,Kirovohrad,
2016,extracurricular educational institutions with high-speed (more than 30 Mbit/s) wireless access to the Internet,Luhansk,
2016,extracurricular educational institutions with high-speed (more than 30 Mbit/s) wireless access to the Internet,Lviv,
2016,extracurricular educational institutions with high-speed (more than 30 Mbit/s) wireless access to the Internet,Mykolayiv,
2016,extracurricular educational institutions with high-speed (more than 30 Mbit/s) wireless access to the Internet,Odesa,
2016,extracurricular educational institutions with high-speed (more than 30 Mbit/s) wireless access to the Internet,Poltava,
2016,extracurricular educational institutions with high-speed (more than 30 Mbit/s) wireless access to the Internet,Rivne,
2016,extracurricular educational institutions with high-speed (more than 30 Mbit/s) wireless access to the Internet,Sumy,
2016,extracurricular educational institutions with high-speed (more than 30 Mbit/s) wireless access to the Internet,Ternopil,
2016,extracurricular educational institutions with high-speed (more than 30 Mbit/s) wireless access to the Internet,Kharkiv,
2016,extracurricular educational institutions with high-speed (more than 30 Mbit/s) wireless access to the Internet,Kherson,
2016,extracurricular educational institutions with high-speed (more than 30 Mbit/s) wireless access to the Internet,Khmelnytskiy,
2016,extracurricular educational institutions with high-speed (more than 30 Mbit/s) wireless access to the Internet,Cherkasy,
2016,extracurricular educational institutions with high-speed (more than 30 Mbit/s) wireless access to the Internet,Chernivtsi,
2016,extracurricular educational institutions with high-speed (more than 30 Mbit/s) wireless access to the Internet,Chernihiv,
2016,extracurricular educational institutions with high-speed (more than 30 Mbit/s) wireless access to the Internet,city Kyiv,
2016,extracurricular educational institutions with high-speed (more than 30 Mbit/s) wireless access to the Internet,city Sevastopol,
2017,extracurricular educational institutions with high-speed (more than 30 Mbit/s) wireless access to the Internet,Ukraine,
2017,extracurricular educational institutions with high-speed (more than 30 Mbit/s) wireless access to the Internet,Autonomous Republic of Crimea,
2017,extracurricular educational institutions with high-speed (more than 30 Mbit/s) wireless access to the Internet,Vinnytsya,
2017,extracurricular educational institutions with high-speed (more than 30 Mbit/s) wireless access to the Internet,Volyn,
2017,extracurricular educational institutions with high-speed (more than 30 Mbit/s) wireless access to the Internet,Dnipropetrovsk,
2017,extracurricular educational institutions with high-speed (more than 30 Mbit/s) wireless access to the Internet,Donetsk,
2017,extracurricular educational institutions with high-speed (more than 30 Mbit/s) wireless access to the Internet,Zhytomyr,
2017,extracurricular educational institutions with high-speed (more than 30 Mbit/s) wireless access to the Internet,Zakarpattya,
2017,extracurricular educational institutions with high-speed (more than 30 Mbit/s) wireless access to the Internet,Zaporizhzhya,
2017,extracurricular educational institutions with high-speed (more than 30 Mbit/s) wireless access to the Internet,Ivano-Frankivsk,
2017,extracurricular educational institutions with high-speed (more than 30 Mbit/s) wireless access to the Internet,Kyiv,
2017,extracurricular educational institutions with high-speed (more than 30 Mbit/s) wireless access to the Internet,Kirovohrad,
2017,extracurricular educational institutions with high-speed (more than 30 Mbit/s) wireless access to the Internet,Luhansk,
2017,extracurricular educational institutions with high-speed (more than 30 Mbit/s) wireless access to the Internet,Lviv,
2017,extracurricular educational institutions with high-speed (more than 30 Mbit/s) wireless access to the Internet,Mykolayiv,
2017,extracurricular educational institutions with high-speed (more than 30 Mbit/s) wireless access to the Internet,Odesa,
2017,extracurricular educational institutions with high-speed (more than 30 Mbit/s) wireless access to the Internet,Poltava,
2017,extracurricular educational institutions with high-speed (more than 30 Mbit/s) wireless access to the Internet,Rivne,
2017,extracurricular educational institutions with high-speed (more than 30 Mbit/s) wireless access to the Internet,Sumy,
2017,extracurricular educational institutions with high-speed (more than 30 Mbit/s) wireless access to the Internet,Ternopil,
2017,extracurricular educational institutions with high-speed (more than 30 Mbit/s) wireless access to the Internet,Kharkiv,
2017,extracurricular educational institutions with high-speed (more than 30 Mbit/s) wireless access to the Internet,Kherson,
2017,extracurricular educational institutions with high-speed (more than 30 Mbit/s) wireless access to the Internet,Khmelnytskiy,
2017,extracurricular educational institutions with high-speed (more than 30 Mbit/s) wireless access to the Internet,Cherkasy,
2017,extracurricular educational institutions with high-speed (more than 30 Mbit/s) wireless access to the Internet,Chernivtsi,
2017,extracurricular educational institutions with high-speed (more than 30 Mbit/s) wireless access to the Internet,Chernihiv,
2017,extracurricular educational institutions with high-speed (more than 30 Mbit/s) wireless access to the Internet,city Kyiv,
2017,extracurricular educational institutions with high-speed (more than 30 Mbit/s) wireless access to the Internet,city Sevastopol,
2018,extracurricular educational institutions with high-speed (more than 30 Mbit/s) wireless access to the Internet,Ukraine,
2018,extracurricular educational institutions with high-speed (more than 30 Mbit/s) wireless access to the Internet,Autonomous Republic of Crimea,
2018,extracurricular educational institutions with high-speed (more than 30 Mbit/s) wireless access to the Internet,Vinnytsya,
2018,extracurricular educational institutions with high-speed (more than 30 Mbit/s) wireless access to the Internet,Volyn,
2018,extracurricular educational institutions with high-speed (more than 30 Mbit/s) wireless access to the Internet,Dnipropetrovsk,
2018,extracurricular educational institutions with high-speed (more than 30 Mbit/s) wireless access to the Internet,Donetsk,
2018,extracurricular educational institutions with high-speed (more than 30 Mbit/s) wireless access to the Internet,Zhytomyr,
2018,extracurricular educational institutions with high-speed (more than 30 Mbit/s) wireless access to the Internet,Zakarpattya,
2018,extracurricular educational institutions with high-speed (more than 30 Mbit/s) wireless access to the Internet,Zaporizhzhya,
2018,extracurricular educational institutions with high-speed (more than 30 Mbit/s) wireless access to the Internet,Ivano-Frankivsk,
2018,extracurricular educational institutions with high-speed (more than 30 Mbit/s) wireless access to the Internet,Kyiv,
2018,extracurricular educational institutions with high-speed (more than 30 Mbit/s) wireless access to the Internet,Kirovohrad,
2018,extracurricular educational institutions with high-speed (more than 30 Mbit/s) wireless access to the Internet,Luhansk,
2018,extracurricular educational institutions with high-speed (more than 30 Mbit/s) wireless access to the Internet,Lviv,
2018,extracurricular educational institutions with high-speed (more than 30 Mbit/s) wireless access to the Internet,Mykolayiv,
2018,extracurricular educational institutions with high-speed (more than 30 Mbit/s) wireless access to the Internet,Odesa,
2018,extracurricular educational institutions with high-speed (more than 30 Mbit/s) wireless access to the Internet,Poltava,
2018,extracurricular educational institutions with high-speed (more than 30 Mbit/s) wireless access to the Internet,Rivne,
2018,extracurricular educational institutions with high-speed (more than 30 Mbit/s) wireless access to the Internet,Sumy,
2018,extracurricular educational institutions with high-speed (more than 30 Mbit/s) wireless access to the Internet,Ternopil,
2018,extracurricular educational institutions with high-speed (more than 30 Mbit/s) wireless access to the Internet,Kharkiv,
2018,extracurricular educational institutions with high-speed (more than 30 Mbit/s) wireless access to the Internet,Kherson,
2018,extracurricular educational institutions with high-speed (more than 30 Mbit/s) wireless access to the Internet,Khmelnytskiy,
2018,extracurricular educational institutions with high-speed (more than 30 Mbit/s) wireless access to the Internet,Cherkasy,
2018,extracurricular educational institutions with high-speed (more than 30 Mbit/s) wireless access to the Internet,Chernivtsi,
2018,extracurricular educational institutions with high-speed (more than 30 Mbit/s) wireless access to the Internet,Chernihiv,
2018,extracurricular educational institutions with high-speed (more than 30 Mbit/s) wireless access to the Internet,city Kyiv,
2018,extracurricular educational institutions with high-speed (more than 30 Mbit/s) wireless access to the Internet,city Sevastopol,
2019,extracurricular educational institutions with high-speed (more than 30 Mbit/s) wireless access to the Internet,Ukraine,
2019,extracurricular educational institutions with high-speed (more than 30 Mbit/s) wireless access to the Internet,Autonomous Republic of Crimea,
2019,extracurricular educational institutions with high-speed (more than 30 Mbit/s) wireless access to the Internet,Vinnytsya,
2019,extracurricular educational institutions with high-speed (more than 30 Mbit/s) wireless access to the Internet,Volyn,
2019,extracurricular educational institutions with high-speed (more than 30 Mbit/s) wireless access to the Internet,Dnipropetrovsk,
2019,extracurricular educational institutions with high-speed (more than 30 Mbit/s) wireless access to the Internet,Donetsk,
2019,extracurricular educational institutions with high-speed (more than 30 Mbit/s) wireless access to the Internet,Zhytomyr,
2019,extracurricular educational institutions with high-speed (more than 30 Mbit/s) wireless access to the Internet,Zakarpattya,
2019,extracurricular educational institutions with high-speed (more than 30 Mbit/s) wireless access to the Internet,Zaporizhzhya,
2019,extracurricular educational institutions with high-speed (more than 30 Mbit/s) wireless access to the Internet,Ivano-Frankivsk,
2019,extracurricular educational institutions with high-speed (more than 30 Mbit/s) wireless access to the Internet,Kyiv,
2019,extracurricular educational institutions with high-speed (more than 30 Mbit/s) wireless access to the Internet,Kirovohrad,
2019,extracurricular educational institutions with high-speed (more than 30 Mbit/s) wireless access to the Internet,Luhansk,
2019,extracurricular educational institutions with high-speed (more than 30 Mbit/s) wireless access to the Internet,Lviv,
2019,extracurricular educational institutions with high-speed (more than 30 Mbit/s) wireless access to the Internet,Mykolayiv,
2019,extracurricular educational institutions with high-speed (more than 30 Mbit/s) wireless access to the Internet,Odesa,
2019,extracurricular educational institutions with high-speed (more than 30 Mbit/s) wireless access to the Internet,Poltava,
2019,extracurricular educational institutions with high-speed (more than 30 Mbit/s) wireless access to the Internet,Rivne,
2019,extracurricular educational institutions with high-speed (more than 30 Mbit/s) wireless access to the Internet,Sumy,
2019,extracurricular educational institutions with high-speed (more than 30 Mbit/s) wireless access to the Internet,Ternopil,
2019,extracurricular educational institutions with high-speed (more than 30 Mbit/s) wireless access to the Internet,Kharkiv,
2019,extracurricular educational institutions with high-speed (more than 30 Mbit/s) wireless access to the Internet,Kherson,
2019,extracurricular educational institutions with high-speed (more than 30 Mbit/s) wireless access to the Internet,Khmelnytskiy,
2019,extracurricular educational institutions with high-speed (more than 30 Mbit/s) wireless access to the Internet,Cherkasy,
2019,extracurricular educational institutions with high-speed (more than 30 Mbit/s) wireless access to the Internet,Chernivtsi,
2019,extracurricular educational institutions with high-speed (more than 30 Mbit/s) wireless access to the Internet,Chernihiv,
2019,extracurricular educational institutions with high-speed (more than 30 Mbit/s) wireless access to the Internet,city Kyiv,
2019,extracurricular educational institutions with high-speed (more than 30 Mbit/s) wireless access to the Internet,city Sevastopol,
2020,extracurricular educational institutions with high-speed (more than 30 Mbit/s) wireless access to the Internet,Ukraine,
2020,extracurricular educational institutions with high-speed (more than 30 Mbit/s) wireless access to the Internet,Autonomous Republic of Crimea,
2020,extracurricular educational institutions with high-speed (more than 30 Mbit/s) wireless access to the Internet,Vinnytsya,
2020,extracurricular educational institutions with high-speed (more than 30 Mbit/s) wireless access to the Internet,Volyn,
2020,extracurricular educational institutions with high-speed (more than 30 Mbit/s) wireless access to the Internet,Dnipropetrovsk,
2020,extracurricular educational institutions with high-speed (more than 30 Mbit/s) wireless access to the Internet,Donetsk,
2020,extracurricular educational institutions with high-speed (more than 30 Mbit/s) wireless access to the Internet,Zhytomyr,
2020,extracurricular educational institutions with high-speed (more than 30 Mbit/s) wireless access to the Internet,Zakarpattya,
2020,extracurricular educational institutions with high-speed (more than 30 Mbit/s) wireless access to the Internet,Zaporizhzhya,
2020,extracurricular educational institutions with high-speed (more than 30 Mbit/s) wireless access to the Internet,Ivano-Frankivsk,
2020,extracurricular educational institutions with high-speed (more than 30 Mbit/s) wireless access to the Internet,Kyiv,
2020,extracurricular educational institutions with high-speed (more than 30 Mbit/s) wireless access to the Internet,Kirovohrad,
2020,extracurricular educational institutions with high-speed (more than 30 Mbit/s) wireless access to the Internet,Luhansk,
2020,extracurricular educational institutions with high-speed (more than 30 Mbit/s) wireless access to the Internet,Lviv,
2020,extracurricular educational institutions with high-speed (more than 30 Mbit/s) wireless access to the Internet,Mykolayiv,
2020,extracurricular educational institutions with high-speed (more than 30 Mbit/s) wireless access to the Internet,Odesa,
2020,extracurricular educational institutions with high-speed (more than 30 Mbit/s) wireless access to the Internet,Poltava,
2020,extracurricular educational institutions with high-speed (more than 30 Mbit/s) wireless access to the Internet,Rivne,
2020,extracurricular educational institutions with high-speed (more than 30 Mbit/s) wireless access to the Internet,Sumy,
2020,extracurricular educational institutions with high-speed (more than 30 Mbit/s) wireless access to the Internet,Ternopil,
2020,extracurricular educational institutions with high-speed (more than 30 Mbit/s) wireless access to the Internet,Kharkiv,
2020,extracurricular educational institutions with high-speed (more than 30 Mbit/s) wireless access to the Internet,Kherson,
2020,extracurricular educational institutions with high-speed (more than 30 Mbit/s) wireless access to the Internet,Khmelnytskiy,
2020,extracurricular educational institutions with high-speed (more than 30 Mbit/s) wireless access to the Internet,Cherkasy,
2020,extracurricular educational institutions with high-speed (more than 30 Mbit/s) wireless access to the Internet,Chernivtsi,
2020,extracurricular educational institutions with high-speed (more than 30 Mbit/s) wireless access to the Internet,Chernihiv,
2020,extracurricular educational institutions with high-speed (more than 30 Mbit/s) wireless access to the Internet,city Kyiv,
2020,extracurricular educational institutions with high-speed (more than 30 Mbit/s) wireless access to the Internet,city Sevastopol,
2021,extracurricular educational institutions with high-speed (more than 30 Mbit/s) wireless access to the Internet,Ukraine,
2021,extracurricular educational institutions with high-speed (more than 30 Mbit/s) wireless access to the Internet,Autonomous Republic of Crimea,
2021,extracurricular educational institutions with high-speed (more than 30 Mbit/s) wireless access to the Internet,Vinnytsya,
2021,extracurricular educational institutions with high-speed (more than 30 Mbit/s) wireless access to the Internet,Volyn,
2021,extracurricular educational institutions with high-speed (more than 30 Mbit/s) wireless access to the Internet,Dnipropetrovsk,
2021,extracurricular educational institutions with high-speed (more than 30 Mbit/s) wireless access to the Internet,Donetsk,
2021,extracurricular educational institutions with high-speed (more than 30 Mbit/s) wireless access to the Internet,Zhytomyr,
2021,extracurricular educational institutions with high-speed (more than 30 Mbit/s) wireless access to the Internet,Zakarpattya,
2021,extracurricular educational institutions with high-speed (more than 30 Mbit/s) wireless access to the Internet,Zaporizhzhya,
2021,extracurricular educational institutions with high-speed (more than 30 Mbit/s) wireless access to the Internet,Ivano-Frankivsk,
2021,extracurricular educational institutions with high-speed (more than 30 Mbit/s) wireless access to the Internet,Kyiv,
2021,extracurricular educational institutions with high-speed (more than 30 Mbit/s) wireless access to the Internet,Kirovohrad,
2021,extracurricular educational institutions with high-speed (more than 30 Mbit/s) wireless access to the Internet,Luhansk,
2021,extracurricular educational institutions with high-speed (more than 30 Mbit/s) wireless access to the Internet,Lviv,
2021,extracurricular educational institutions with high-speed (more than 30 Mbit/s) wireless access to the Internet,Mykolayiv,
2021,extracurricular educational institutions with high-speed (more than 30 Mbit/s) wireless access to the Internet,Odesa,
2021,extracurricular educational institutions with high-speed (more than 30 Mbit/s) wireless access to the Internet,Poltava,
2021,extracurricular educational institutions with high-speed (more than 30 Mbit/s) wireless access to the Internet,Rivne,
2021,extracurricular educational institutions with high-speed (more than 30 Mbit/s) wireless access to the Internet,Sumy,
2021,extracurricular educational institutions with high-speed (more than 30 Mbit/s) wireless access to the Internet,Ternopil,
2021,extracurricular educational institutions with high-speed (more than 30 Mbit/s) wireless access to the Internet,Kharkiv,
2021,extracurricular educational institutions with high-speed (more than 30 Mbit/s) wireless access to the Internet,Kherson,
2021,extracurricular educational institutions with high-speed (more than 30 Mbit/s) wireless access to the Internet,Khmelnytskiy,
2021,extracurricular educational institutions with high-speed (more than 30 Mbit/s) wireless access to the Internet,Cherkasy,
2021,extracurricular educational institutions with high-speed (more than 30 Mbit/s) wireless access to the Internet,Chernivtsi,
2021,extracurricular educational institutions with high-speed (more than 30 Mbit/s) wireless access to the Internet,Chernihiv,
2021,extracurricular educational institutions with high-speed (more than 30 Mbit/s) wireless access to the Internet,city Kyiv,
2021,extracurricular educational institutions with high-speed (more than 30 Mbit/s) wireless access to the Internet,city Sevastopol,
2022,extracurricular educational institutions with high-speed (more than 30 Mbit/s) wireless access to the Internet,Ukraine,30.6
2022,extracurricular educational institutions with high-speed (more than 30 Mbit/s) wireless access to the Internet,Autonomous Republic of Crimea,
2022,extracurricular educational institutions with high-speed (more than 30 Mbit/s) wireless access to the Internet,Vinnytsya,29.82
2022,extracurricular educational institutions with high-speed (more than 30 Mbit/s) wireless access to the Internet,Volyn,25.71
2022,extracurricular educational institutions with high-speed (more than 30 Mbit/s) wireless access to the Internet,Dnipropetrovsk,30.19
2022,extracurricular educational institutions with high-speed (more than 30 Mbit/s) wireless access to the Internet,Donetsk,33.33
2022,extracurricular educational institutions with high-speed (more than 30 Mbit/s) wireless access to the Internet,Zhytomyr,17.5
2022,extracurricular educational institutions with high-speed (more than 30 Mbit/s) wireless access to the Internet,Zakarpattya,11.54
2022,extracurricular educational institutions with high-speed (more than 30 Mbit/s) wireless access to the Internet,Zaporizhzhya,32.14
2022,extracurricular educational institutions with high-speed (more than 30 Mbit/s) wireless access to the Internet,Ivano-Frankivsk,18.0
2022,extracurricular educational institutions with high-speed (more than 30 Mbit/s) wireless access to the Internet,Kyiv,40.51
2022,extracurricular educational institutions with high-speed (more than 30 Mbit/s) wireless access to the Internet,Kirovohrad,38.67
2022,extracurricular educational institutions with high-speed (more than 30 Mbit/s) wireless access to the Internet,Luhansk,30.43
2022,extracurricular educational institutions with high-speed (more than 30 Mbit/s) wireless access to the Internet,Lviv,25.35
2022,extracurricular educational institutions with high-speed (more than 30 Mbit/s) wireless access to the Internet,Mykolayiv,28.57
2022,extracurricular educational institutions with high-speed (more than 30 Mbit/s) wireless access to the Internet,Odesa,35.94
2022,extracurricular educational institutions with high-speed (more than 30 Mbit/s) wireless access to the Internet,Poltava,38.18
2022,extracurricular educational institutions with high-speed (more than 30 Mbit/s) wireless access to the Internet,Rivne,2.86
2022,extracurricular educational institutions with high-speed (more than 30 Mbit/s) wireless access to the Internet,Sumy,38.1
2022,extracurricular educational institutions with high-speed (more than 30 Mbit/s) wireless access to the Internet,Ternopil,41.67
2022,extracurricular educational institutions with high-speed (more than 30 Mbit/s) wireless access to the Internet,Kharkiv,39.39
2022,extracurricular educational institutions with high-speed (more than 30 Mbit/s) wireless access to the Internet,Kherson,33.33
2022,extracurricular educational institutions with high-speed (more than 30 Mbit/s) wireless access to the Internet,Khmelnytskiy,24.39
2022,extracurricular educational institutions with high-speed (more than 30 Mbit/s) wireless access to the Internet,Cherkasy,50.0
2022,extracurricular educational institutions with high-speed (more than 30 Mbit/s) wireless access to the Internet,Chernivtsi,3.7
2022,extracurricular educational institutions with high-speed (more than 30 Mbit/s) wireless access to the Internet,Chernihiv,21.74
2022,extracurricular educational institutions with high-speed (more than 30 Mbit/s) wireless access to the Internet,city Kyiv,33.33
2022,extracurricular educational institutions with high-speed (more than 30 Mbit/s) wireless access to the Internet,city Sevastopol,
2023,extracurricular educational institutions with high-speed (more than 30 Mbit/s) wireless access to the Internet,Ukraine,36.71
2023,extracurricular educational institutions with high-speed (more than 30 Mbit/s) wireless access to the Internet,Autonomous Republic of Crimea,
2023,extracurricular educational institutions with high-speed (more than 30 Mbit/s) wireless access to the Internet,Vinnytsya,36.73
2023,extracurricular educational institutions with high-speed (more than 30 Mbit/s) wireless access to the Internet,Volyn,27.27
2023,extracurricular educational institutions with high-speed (more than 30 Mbit/s) wireless access to the Internet,Dnipropetrovsk,33.33
2023,extracurricular educational institutions with high-speed (more than 30 Mbit/s) wireless access to the Internet,Donetsk,21.43
2023,extracurricular educational institutions with high-speed (more than 30 Mbit/s) wireless access to the Internet,Zhytomyr,41.3
2023,extracurricular educational institutions with high-speed (more than 30 Mbit/s) wireless access to the Internet,Zakarpattya,50.0
2023,extracurricular educational institutions with high-speed (more than 30 Mbit/s) wireless access to the Internet,Zaporizhzhya,25.64
2023,extracurricular educational institutions with high-speed (more than 30 Mbit/s) wireless access to the Internet,Ivano-Frankivsk,41.18
2023,extracurricular educational institutions with high-speed (more than 30 Mbit/s) wireless access to the Internet,Kyiv,51.65
2023,extracurricular educational institutions with high-speed (more than 30 Mbit/s) wireless access to the Internet,Kirovohrad,38.27
2023,extracurricular educational institutions with high-speed (more than 30 Mbit/s) wireless access to the Internet,Luhansk,0.0
2023,extracurricular educational institutions with high-speed (more than 30 Mbit/s) wireless access to the Internet,Lviv,36.76
2023,extracurricular educational institutions with high-speed (more than 30 Mbit/s) wireless access to the Internet,Mykolayiv,35.14
2023,extracurricular educational institutions with high-speed (more than 30 Mbit/s) wireless access to the Internet,Odesa,41.94
2023,extracurricular educational institutions with high-speed (more than 30 Mbit/s) wireless access to the Internet,Poltava,46.55
2023,extracurricular educational institutions with high-speed (more than 30 Mbit/s) wireless access to the Internet,Rivne,29.31
2023,extracurricular educational institutions with high-speed (more than 30 Mbit/s) wireless access to the Internet,Sumy,33.33
2023,extracurricular educational institutions with high-speed (more than 30 Mbit/s) wireless access to the Internet,Ternopil,33.33
2023,extracurricular educational institutions with high-speed (more than 30 Mbit/s) wireless access to the Internet,Kharkiv,38.33
2023,extracurricular educational institutions with high-speed (more than 30 Mbit/s) wireless access to the Internet,Kherson,6.06
2023,extracurricular educational institutions with high-speed (more than 30 Mbit/s) wireless access to the Internet,Khmelnytskiy,38.46
2023,extracurricular educational institutions with high-speed (more than 30 Mbit/s) wireless access to the Internet,Cherkasy,47.62
2023,extracurricular educational institutions with high-speed (more than 30 Mbit/s) wireless access to the Internet,Chernivtsi,37.04
2023,extracurricular educational institutions with high-speed (more than 30 Mbit/s) wireless access to the Internet,Chernihiv,20.51
2023,extracurricular educational institutions with high-speed (more than 30 Mbit/s) wireless access to the Internet,city Kyiv,48.84
2023,extracurricular educational institutions with high-speed (more than 30 Mbit/s) wireless access to the Internet,city Sevastopol,
2024,extracurricular educational institutions with high-speed (more than 30 Mbit/s) wireless access to the Internet,Ukraine,41.36
2024,extracurricular educational institutions with high-speed (more than 30 Mbit/s) wireless access to the Internet,Autonomous Republic of Crimea,
2024,extracurricular educational institutions with high-speed (more than 30 Mbit/s) wireless access to the Internet,Vinnytsya,42.55
2024,extracurricular educational institutions with high-speed (more than 30 Mbit/s) wireless access to the Internet,Volyn,36.36
2024,extracurricular educational institutions with high-speed (more than 30 Mbit/s) wireless access to the Internet,Dnipropetrovsk,40.59
2024,extracurricular educational institutions with high-speed (more than 30 Mbit/s) wireless access to the Internet,Donetsk,16.22
2024,extracurricular educational institutions with high-speed (more than 30 Mbit/s) wireless access to the Internet,Zhytomyr,41.67
2024,extracurricular educational institutions with high-speed (more than 30 Mbit/s) wireless access to the Internet,Zakarpattya,52.38
2024,extracurricular educational institutions with high-speed (more than 30 Mbit/s) wireless access to the Internet,Zaporizhzhya,28.57
2024,extracurricular educational institutions with high-speed (more than 30 Mbit/s) wireless access to the Internet,Ivano-Frankivsk,36.17
2024,extracurricular educational institutions with high-speed (more than 30 Mbit/s) wireless access to the Internet,Kyiv,51.06
2024,extracurricular educational institutions with high-speed (more than 30 Mbit/s) wireless access to the Internet,Kirovohrad,45.95
2024,extracurricular educational institutions with high-speed (more than 30 Mbit/s) wireless access to the Internet,Luhansk,0.0
2024,extracurricular educational institutions with high-speed (more than 30 Mbit/s) wireless access to the Internet,Lviv,41.18
2024,extracurricular educational institutions with high-speed (more than 30 Mbit/s) wireless access to the Internet,Mykolayiv,41.6
2024,extracurricular educational institutions with high-speed (more than 30 Mbit/s) wireless access to the Internet,Odesa,45.9
2024,extracurricular educational institutions with high-speed (more than 30 Mbit/s) wireless access to the Internet,Poltava,57.69
2024,extracurricular educational institutions with high-speed (more than 30 Mbit/s) wireless access to the Internet,Rivne,35.29
2024,extracurricular educational institutions with high-speed (more than 30 Mbit/s) wireless access to the Internet,Sumy,47.46
2024,extracurricular educational institutions with high-speed (more than 30 Mbit/s) wireless access to the Internet,Ternopil,41.67
2024,extracurricular educational institutions with high-speed (more than 30 Mbit/s) wireless access to the Internet,Kharkiv,45.0
2024,extracurricular educational institutions with high-speed (more than 30 Mbit/s) wireless access to the Internet,Kherson,8.33
2024,extracurricular educational institutions with high-speed (more than 30 Mbit/s) wireless access to the Internet,Khmelnytskiy,35.71
2024,extracurricular educational institutions with high-speed (more than 30 Mbit/s) wireless access to the Internet,Cherkasy,52.38
2024,extracurricular educational institutions with high-speed (more than 30 Mbit/s) wireless access to the Internet,Chernivtsi,54.17
2024,extracurricular educational institutions with high-speed (more than 30 Mbit/s) wireless access to the Internet,Chernihiv,27.03
2024,extracurricular educational institutions with high-speed (more than 30 Mbit/s) wireless access to the Internet,city Kyiv,45.45
2024,extracurricular educational institutions with high-speed (more than 30 Mbit/s) wireless access to the Internet,city Sevastopol,
2025,extracurricular educational institutions with high-speed (more than 30 Mbit/s) wireless access to the Internet,Ukraine,44.16
2025,extracurricular educational institutions with high-speed (more than 30 Mbit/s) wireless access to the Internet,Autonomous Republic of Crimea,
2025,extracurricular educational institutions with high-speed (more than 30 Mbit/s) wireless access to the Internet,Vinnytsya,48.94
2025,extracurricular educational institutions with high-speed (more than 30 Mbit/s) wireless access to the Internet,Volyn,27.27
2025,extracurricular educational institutions with high-speed (more than 30 Mbit/s) wireless access to the Internet,Dnipropetrovsk,48.45
2025,extracurricular educational institutions with high-speed (more than 30 Mbit/s) wireless access to the Internet,Donetsk,5.88
2025,extracurricular educational institutions with high-speed (more than 30 Mbit/s) wireless access to the Internet,Zhytomyr,44.0
2025,extracurricular educational institutions with high-speed (more than 30 Mbit/s) wireless access to the Internet,Zakarpattya,60.0
2025,extracurricular educational institutions with high-speed (more than 30 Mbit/s) wireless access to the Internet,Zaporizhzhya,46.67
2025,extracurricular educational institutions with high-speed (more than 30 Mbit/s) wireless access to the Internet,Ivano-Frankivsk,44.68
2025,extracurricular educational institutions with high-speed (more than 30 Mbit/s) wireless access to the Internet,Kyiv,55.79
2025,extracurricular educational institutions with high-speed (more than 30 Mbit/s) wireless access to the Internet,Kirovohrad,49.33
2025,extracurricular educational institutions with high-speed (more than 30 Mbit/s) wireless access to the Internet,Luhansk,0.0
2025,extracurricular educational institutions with high-speed (more than 30 Mbit/s) wireless access to the Internet,Lviv,45.59
2025,extracurricular educational institutions with high-speed (more than 30 Mbit/s) wireless access to the Internet,Mykolayiv,55.56
2025,extracurricular educational institutions with high-speed (more than 30 Mbit/s) wireless access to the Internet,Odesa,48.33
2025,extracurricular educational institutions with high-speed (more than 30 Mbit/s) wireless access to the Internet,Poltava,61.22
2025,extracurricular educational institutions with high-speed (more than 30 Mbit/s) wireless access to the Internet,Rivne,34.29
2025,extracurricular educational institutions with high-speed (more than 30 Mbit/s) wireless access to the Internet,Sumy,50.0
2025,extracurricular educational institutions with high-speed (more than 30 Mbit/s) wireless access to the Internet,Ternopil,36.11
2025,extracurricular educational institutions with high-speed (more than 30 Mbit/s) wireless access to the Internet,Kharkiv,41.27
2025,extracurricular educational institutions with high-speed (more than 30 Mbit/s) wireless access to the Internet,Kherson,0.0
2025,extracurricular educational institutions with high-speed (more than 30 Mbit/s) wireless access to the Internet,Khmelnytskiy,41.46
2025,extracurricular educational institutions with high-speed (more than 30 Mbit/s) wireless access to the Internet,Cherkasy,52.38
2025,extracurricular educational institutions with high-speed (more than 30 Mbit/s) wireless access to the Internet,Chernivtsi,47.83
2025,extracurricular educational institutions with high-speed (more than 30 Mbit/s) wireless access to the Internet,Chernihiv,22.86
2025,extracurricular educational institutions with high-speed (more than 30 Mbit/s) wireless access to the Internet,city Kyiv,44.19
2025,extracurricular educational institutions with high-speed (more than 30 Mbit/s) wireless access to the Internet,city Sevastopol,
2015,extracurricular educational institutions with high-speed (more than 30 Mbit/s) wired or wireless access to the Internet,Ukraine,
2015,extracurricular educational institutions with high-speed (more than 30 Mbit/s) wired or wireless access to the Internet,Autonomous Republic of Crimea,
2015,extracurricular educational institutions with high-speed (more than 30 Mbit/s) wired or wireless access to the Internet,Vinnytsya,
2015,extracurricular educational institutions with high-speed (more than 30 Mbit/s) wired or wireless access to the Internet,Volyn,
2015,extracurricular educational institutions with high-speed (more than 30 Mbit/s) wired or wireless access to the Internet,Dnipropetrovsk,
2015,extracurricular educational institutions with high-speed (more than 30 Mbit/s) wired or wireless access to the Internet,Donetsk,
2015,extracurricular educational institutions with high-speed (more than 30 Mbit/s) wired or wireless access to the Internet,Zhytomyr,
2015,extracurricular educational institutions with high-speed (more than 30 Mbit/s) wired or wireless access to the Internet,Zakarpattya,
2015,extracurricular educational institutions with high-speed (more than 30 Mbit/s) wired or wireless access to the Internet,Zaporizhzhya,
2015,extracurricular educational institutions with high-speed (more than 30 Mbit/s) wired or wireless access to the Internet,Ivano-Frankivsk,
2015,extracurricular educational institutions with high-speed (more than 30 Mbit/s) wired or wireless access to the Internet,Kyiv,
2015,extracurricular educational institutions with high-speed (more than 30 Mbit/s) wired or wireless access to the Internet,Kirovohrad,
2015,extracurricular educational institutions with high-speed (more than 30 Mbit/s) wired or wireless access to the Internet,Luhansk,
2015,extracurricular educational institutions with high-speed (more than 30 Mbit/s) wired or wireless access to the Internet,Lviv,
2015,extracurricular educational institutions with high-speed (more than 30 Mbit/s) wired or wireless access to the Internet,Mykolayiv,
2015,extracurricular educational institutions with high-speed (more than 30 Mbit/s) wired or wireless access to the Internet,Odesa,
2015,extracurricular educational institutions with high-speed (more than 30 Mbit/s) wired or wireless access to the Internet,Poltava,
2015,extracurricular educational institutions with high-speed (more than 30 Mbit/s) wired or wireless access to the Internet,Rivne,
2015,extracurricular educational institutions with high-speed (more than 30 Mbit/s) wired or wireless access to the Internet,Sumy,
2015,extracurricular educational institutions with high-speed (more than 30 Mbit/s) wired or wireless access to the Internet,Ternopil,
2015,extracurricular educational institutions with high-speed (more than 30 Mbit/s) wired or wireless access to the Internet,Kharkiv,
2015,extracurricular educational institutions with high-speed (more than 30 Mbit/s) wired or wireless access to the Internet,Kherson,
2015,extracurricular educational institutions with high-speed (more than 30 Mbit/s) wired or wireless access to the Internet,Khmelnytskiy,
2015,extracurricular educational institutions with high-speed (more than 30 Mbit/s) wired or wireless access to the Internet,Cherkasy,
2015,extracurricular educational institutions with high-speed (more than 30 Mbit/s) wired or wireless access to the Internet,Chernivtsi,
2015,extracurricular educational institutions with high-speed (more than 30 Mbit/s) wired or wireless access to the Internet,Chernihiv,
2015,extracurricular educational institutions with high-speed (more than 30 Mbit/s) wired or wireless access to the Internet,city Kyiv,
2015,extracurricular educational institutions with high-speed (more than 30 Mbit/s) wired or wireless access to the Internet,city Sevastopol,
2016,extracurricular educational institutions with high-speed (more than 30 Mbit/s) wired or wireless access to the Internet,Ukraine,
2016,extracurricular educational institutions with high-speed (more than 30 Mbit/s) wired or wireless access to the Internet,Autonomous Republic of Crimea,
2016,extracurricular educational institutions with high-speed (more than 30 Mbit/s) wired or wireless access to the Internet,Vinnytsya,
2016,extracurricular educational institutions with high-speed (more than 30 Mbit/s) wired or wireless access to the Internet,Volyn,
2016,extracurricular educational institutions with high-speed (more than 30 Mbit/s) wired or wireless access to the Internet,Dnipropetrovsk,
2016,extracurricular educational institutions with high-speed (more than 30 Mbit/s) wired or wireless access to the Internet,Donetsk,
2016,extracurricular educational institutions with high-speed (more than 30 Mbit/s) wired or wireless access to the Internet,Zhytomyr,
2016,extracurricular educational institutions with high-speed (more than 30 Mbit/s) wired or wireless access to the Internet,Zakarpattya,
2016,extracurricular educational institutions with high-speed (more than 30 Mbit/s) wired or wireless access to the Internet,Zaporizhzhya,
2016,extracurricular educational institutions with high-speed (more than 30 Mbit/s) wired or wireless access to the Internet,Ivano-Frankivsk,
2016,extracurricular educational institutions with high-speed (more than 30 Mbit/s) wired or wireless access to the Internet,Kyiv,
2016,extracurricular educational institutions with high-speed (more than 30 Mbit/s) wired or wireless access to the Internet,Kirovohrad,
2016,extracurricular educational institutions with high-speed (more than 30 Mbit/s) wired or wireless access to the Internet,Luhansk,
2016,extracurricular educational institutions with high-speed (more than 30 Mbit/s) wired or wireless access to the Internet,Lviv,
2016,extracurricular educational institutions with high-speed (more than 30 Mbit/s) wired or wireless access to the Internet,Mykolayiv,
2016,extracurricular educational institutions with high-speed (more than 30 Mbit/s) wired or wireless access to the Internet,Odesa,
2016,extracurricular educational institutions with high-speed (more than 30 Mbit/s) wired or wireless access to the Internet,Poltava,
2016,extracurricular educational institutions with high-speed (more than 30 Mbit/s) wired or wireless access to the Internet,Rivne,
2016,extracurricular educational institutions with high-speed (more than 30 Mbit/s) wired or wireless access to the Internet,Sumy,
2016,extracurricular educational institutions with high-speed (more than 30 Mbit/s) wired or wireless access to the Internet,Ternopil,
2016,extracurricular educational institutions with high-speed (more than 30 Mbit/s) wired or wireless access to the Internet,Kharkiv,
2016,extracurricular educational institutions with high-speed (more than 30 Mbit/s) wired or wireless access to the Internet,Kherson,
2016,extracurricular educational institutions with high-speed (more than 30 Mbit/s) wired or wireless access to the Internet,Khmelnytskiy,
2016,extracurricular educational institutions with high-speed (more than 30 Mbit/s) wired or wireless access to the Internet,Cherkasy,
2016,extracurricular educational institutions with high-speed (more than 30 Mbit/s) wired or wireless access to the Internet,Chernivtsi,
2016,extracurricular educational institutions with high-speed (more than 30 Mbit/s) wired or wireless access to the Internet,Chernihiv,
2016,extracurricular educational institutions with high-speed (more than 30 Mbit/s) wired or wireless access to the Internet,city Kyiv,
2016,extracurricular educational institutions with high-speed (more than 30 Mbit/s) wired or wireless access to the Internet,city Sevastopol,
2017,extracurricular educational institutions with high-speed (more than 30 Mbit/s) wired or wireless access to the Internet,Ukraine,
2017,extracurricular educational institutions with high-speed (more than 30 Mbit/s) wired or wireless access to the Internet,Autonomous Republic of Crimea,
2017,extracurricular educational institutions with high-speed (more than 30 Mbit/s) wired or wireless access to the Internet,Vinnytsya,
2017,extracurricular educational institutions with high-speed (more than 30 Mbit/s) wired or wireless access to the Internet,Volyn,
2017,extracurricular educational institutions with high-speed (more than 30 Mbit/s) wired or wireless access to the Internet,Dnipropetrovsk,
2017,extracurricular educational institutions with high-speed (more than 30 Mbit/s) wired or wireless access to the Internet,Donetsk,
2017,extracurricular educational institutions with high-speed (more than 30 Mbit/s) wired or wireless access to the Internet,Zhytomyr,
2017,extracurricular educational institutions with high-speed (more than 30 Mbit/s) wired or wireless access to the Internet,Zakarpattya,
2017,extracurricular educational institutions with high-speed (more than 30 Mbit/s) wired or wireless access to the Internet,Zaporizhzhya,
2017,extracurricular educational institutions with high-speed (more than 30 Mbit/s) wired or wireless access to the Internet,Ivano-Frankivsk,
2017,extracurricular educational institutions with high-speed (more than 30 Mbit/s) wired or wireless access to the Internet,Kyiv,
2017,extracurricular educational institutions with high-speed (more than 30 Mbit/s) wired or wireless access to the Internet,Kirovohrad,
2017,extracurricular educational institutions with high-speed (more than 30 Mbit/s) wired or wireless access to the Internet,Luhansk,
2017,extracurricular educational institutions with high-speed (more than 30 Mbit/s) wired or wireless access to the Internet,Lviv,
2017,extracurricular educational institutions with high-speed (more than 30 Mbit/s) wired or wireless access to the Internet,Mykolayiv,
2017,extracurricular educational institutions with high-speed (more than 30 Mbit/s) wired or wireless access to the Internet,Odesa,
2017,extracurricular educational institutions with high-speed (more than 30 Mbit/s) wired or wireless access to the Internet,Poltava,
2017,extracurricular educational institutions with high-speed (more than 30 Mbit/s) wired or wireless access to the Internet,Rivne,
2017,extracurricular educational institutions with high-speed (more than 30 Mbit/s) wired or wireless access to the Internet,Sumy,
2017,extracurricular educational institutions with high-speed (more than 30 Mbit/s) wired or wireless access to the Internet,Ternopil,
2017,extracurricular educational institutions with high-speed (more than 30 Mbit/s) wired or wireless access to the Internet,Kharkiv,
2017,extracurricular educational institutions with high-speed (more than 30 Mbit/s) wired or wireless access to the Internet,Kherson,
2017,extracurricular educational institutions with high-speed (more than 30 Mbit/s) wired or wireless access to the Internet,Khmelnytskiy,
2017,extracurricular educational institutions with high-speed (more than 30 Mbit/s) wired or wireless access to the Internet,Cherkasy,
2017,extracurricular educational institutions with high-speed (more than 30 Mbit/s) wired or wireless access to the Internet,Chernivtsi,
2017,extracurricular educational institutions with high-speed (more than 30 Mbit/s) wired or wireless access to the Internet,Chernihiv,
2017,extracurricular educational institutions with high-speed (more than 30 Mbit/s) wired or wireless access to the Internet,city Kyiv,
2017,extracurricular educational institutions with high-speed (more than 30 Mbit/s) wired or wireless access to the Internet,city Sevastopol,
2018,extracurricular educational institutions with high-speed (more than 30 Mbit/s) wired or wireless access to the Internet,Ukraine,
2018,extracurricular educational institutions with high-speed (more than 30 Mbit/s) wired or wireless access to the Internet,Autonomous Republic of Crimea,
2018,extracurricular educational institutions with high-speed (more than 30 Mbit/s) wired or wireless access to the Internet,Vinnytsya,
2018,extracurricular educational institutions with high-speed (more than 30 Mbit/s) wired or wireless access to the Internet,Volyn,
2018,extracurricular educational institutions with high-speed (more than 30 Mbit/s) wired or wireless access to the Internet,Dnipropetrovsk,
2018,extracurricular educational institutions with high-speed (more than 30 Mbit/s) wired or wireless access to the Internet,Donetsk,
2018,extracurricular educational institutions with high-speed (more than 30 Mbit/s) wired or wireless access to the Internet,Zhytomyr,
2018,extracurricular educational institutions with high-speed (more than 30 Mbit/s) wired or wireless access to the Internet,Zakarpattya,
2018,extracurricular educational institutions with high-speed (more than 30 Mbit/s) wired or wireless access to the Internet,Zaporizhzhya,
2018,extracurricular educational institutions with high-speed (more than 30 Mbit/s) wired or wireless access to the Internet,Ivano-Frankivsk,
2018,extracurricular educational institutions with high-speed (more than 30 Mbit/s) wired or wireless access to the Internet,Kyiv,
2018,extracurricular educational institutions with high-speed (more than 30 Mbit/s) wired or wireless access to the Internet,Kirovohrad,
2018,extracurricular educational institutions with high-speed (more than 30 Mbit/s) wired or wireless access to the Internet,Luhansk,
2018,extracurricular educational institutions with high-speed (more than 30 Mbit/s) wired or wireless access to the Internet,Lviv,
2018,extracurricular educational institutions with high-speed (more than 30 Mbit/s) wired or wireless access to the Internet,Mykolayiv,
2018,extracurricular educational institutions with high-speed (more than 30 Mbit/s) wired or wireless access to the Internet,Odesa,
2018,extracurricular educational institutions with high-speed (more than 30 Mbit/s) wired or wireless access to the Internet,Poltava,
2018,extracurricular educational institutions with high-speed (more than 30 Mbit/s) wired or wireless access to the Internet,Rivne,
2018,extracurricular educational institutions with high-speed (more than 30 Mbit/s) wired or wireless access to the Internet,Sumy,
2018,extracurricular educational institutions with high-speed (more than 30 Mbit/s) wired or wireless access to the Internet,Ternopil,
2018,extracurricular educational institutions with high-speed (more than 30 Mbit/s) wired or wireless access to the Internet,Kharkiv,
2018,extracurricular educational institutions with high-speed (more than 30 Mbit/s) wired or wireless access to the Internet,Kherson,
2018,extracurricular educational institutions with high-speed (more than 30 Mbit/s) wired or wireless access to the Internet,Khmelnytskiy,
2018,extracurricular educational institutions with high-speed (more than 30 Mbit/s) wired or wireless access to the Internet,Cherkasy,
2018,extracurricular educational institutions with high-speed (more than 30 Mbit/s) wired or wireless access to the Internet,Chernivtsi,
2018,extracurricular educational institutions with high-speed (more than 30 Mbit/s) wired or wireless access to the Internet,Chernihiv,
2018,extracurricular educational institutions with high-speed (more than 30 Mbit/s) wired or wireless access to the Internet,city Kyiv,
2018,extracurricular educational institutions with high-speed (more than 30 Mbit/s) wired or wireless access to the Internet,city Sevastopol,
2019,extracurricular educational institutions with high-speed (more than 30 Mbit/s) wired or wireless access to the Internet,Ukraine,
2019,extracurricular educational institutions with high-speed (more than 30 Mbit/s) wired or wireless access to the Internet,Autonomous Republic of Crimea,
2019,extracurricular educational institutions with high-speed (more than 30 Mbit/s) wired or wireless access to the Internet,Vinnytsya,
2019,extracurricular educational institutions with high-speed (more than 30 Mbit/s) wired or wireless access to the Internet,Volyn,
2019,extracurricular educational institutions with high-speed (more than 30 Mbit/s) wired or wireless access to the Internet,Dnipropetrovsk,
2019,extracurricular educational institutions with high-speed (more than 30 Mbit/s) wired or wireless access to the Internet,Donetsk,
2019,extracurricular educational institutions with high-speed (more than 30 Mbit/s) wired or wireless access to the Internet,Zhytomyr,
2019,extracurricular educational institutions with high-speed (more than 30 Mbit/s) wired or wireless access to the Internet,Zakarpattya,
2019,extracurricular educational institutions with high-speed (more than 30 Mbit/s) wired or wireless access to the Internet,Zaporizhzhya,
2019,extracurricular educational institutions with high-speed (more than 30 Mbit/s) wired or wireless access to the Internet,Ivano-Frankivsk,
2019,extracurricular educational institutions with high-speed (more than 30 Mbit/s) wired or wireless access to the Internet,Kyiv,
2019,extracurricular educational institutions with high-speed (more than 30 Mbit/s) wired or wireless access to the Internet,Kirovohrad,
2019,extracurricular educational institutions with high-speed (more than 30 Mbit/s) wired or wireless access to the Internet,Luhansk,
2019,extracurricular educational institutions with high-speed (more than 30 Mbit/s) wired or wireless access to the Internet,Lviv,
2019,extracurricular educational institutions with high-speed (more than 30 Mbit/s) wired or wireless access to the Internet,Mykolayiv,
2019,extracurricular educational institutions with high-speed (more than 30 Mbit/s) wired or wireless access to the Internet,Odesa,
2019,extracurricular educational institutions with high-speed (more than 30 Mbit/s) wired or wireless access to the Internet,Poltava,
2019,extracurricular educational institutions with high-speed (more than 30 Mbit/s) wired or wireless access to the Internet,Rivne,
2019,extracurricular educational institutions with high-speed (more than 30 Mbit/s) wired or wireless access to the Internet,Sumy,
2019,extracurricular educational institutions with high-speed (more than 30 Mbit/s) wired or wireless access to the Internet,Ternopil,
2019,extracurricular educational institutions with high-speed (more than 30 Mbit/s) wired or wireless access to the Internet,Kharkiv,
2019,extracurricular educational institutions with high-speed (more than 30 Mbit/s) wired or wireless access to the Internet,Kherson,
2019,extracurricular educational institutions with high-speed (more than 30 Mbit/s) wired or wireless access to the Internet,Khmelnytskiy,
2019,extracurricular educational institutions with high-speed (more than 30 Mbit/s) wired or wireless access to the Internet,Cherkasy,
2019,extracurricular educational institutions with high-speed (more than 30 Mbit/s) wired or wireless access to the Internet,Chernivtsi,
2019,extracurricular educational institutions with high-speed (more than 30 Mbit/s) wired or wireless access to the Internet,Chernihiv,
2019,extracurricular educational institutions with high-speed (more than 30 Mbit/s) wired or wireless access to the Internet,city Kyiv,
2019,extracurricular educational institutions with high-speed (more than 30 Mbit/s) wired or wireless access to the Internet,city Sevastopol,
2020,extracurricular educational institutions with high-speed (more than 30 Mbit/s) wired or wireless access to the Internet,Ukraine,
2020,extracurricular educational institutions with high-speed (more than 30 Mbit/s) wired or wireless access to the Internet,Autonomous Republic of Crimea,
2020,extracurricular educational institutions with high-speed (more than 30 Mbit/s) wired or wireless access to the Internet,Vinnytsya,
2020,extracurricular educational institutions with high-speed (more than 30 Mbit/s) wired or wireless access to the Internet,Volyn,
2020,extracurricular educational institutions with high-speed (more than 30 Mbit/s) wired or wireless access to the Internet,Dnipropetrovsk,
2020,extracurricular educational institutions with high-speed (more than 30 Mbit/s) wired or wireless access to the Internet,Donetsk,
2020,extracurricular educational institutions with high-speed (more than 30 Mbit/s) wired or wireless access to the Internet,Zhytomyr,
2020,extracurricular educational institutions with high-speed (more than 30 Mbit/s) wired or wireless access to the Internet,Zakarpattya,
2020,extracurricular educational institutions with high-speed (more than 30 Mbit/s) wired or wireless access to the Internet,Zaporizhzhya,
2020,extracurricular educational institutions with high-speed (more than 30 Mbit/s) wired or wireless access to the Internet,Ivano-Frankivsk,
2020,extracurricular educational institutions with high-speed (more than 30 Mbit/s) wired or wireless access to the Internet,Kyiv,
2020,extracurricular educational institutions with high-speed (more than 30 Mbit/s) wired or wireless access to the Internet,Kirovohrad,
2020,extracurricular educational institutions with high-speed (more than 30 Mbit/s) wired or wireless access to the Internet,Luhansk,
2020,extracurricular educational institutions with high-speed (more than 30 Mbit/s) wired or wireless access to the Internet,Lviv,
2020,extracurricular educational institutions with high-speed (more than 30 Mbit/s) wired or wireless access to the Internet,Mykolayiv,
2020,extracurricular educational institutions with high-speed (more than 30 Mbit/s) wired or wireless access to the Internet,Odesa,
2020,extracurricular educational institutions with high-speed (more than 30 Mbit/s) wired or wireless access to the Internet,Poltava,
2020,extracurricular educational institutions with high-speed (more than 30 Mbit/s) wired or wireless access to the Internet,Rivne,
2020,extracurricular educational institutions with high-speed (more than 30 Mbit/s) wired or wireless access to the Internet,Sumy,
2020,extracurricular educational institutions with high-speed (more than 30 Mbit/s) wired or wireless access to the Internet,Ternopil,
2020,extracurricular educational institutions with high-speed (more than 30 Mbit/s) wired or wireless access to the Internet,Kharkiv,
2020,extracurricular educational institutions with high-speed (more than 30 Mbit/s) wired or wireless access to the Internet,Kherson,
2020,extracurricular educational institutions with high-speed (more than 30 Mbit/s) wired or wireless access to the Internet,Khmelnytskiy,
2020,extracurricular educational institutions with high-speed (more than 30 Mbit/s) wired or wireless access to the Internet,Cherkasy,
2020,extracurricular educational institutions with high-speed (more than 30 Mbit/s) wired or wireless access to the Internet,Chernivtsi,
2020,extracurricular educational institutions with high-speed (more than 30 Mbit/s) wired or wireless access to the Internet,Chernihiv,
2020,extracurricular educational institutions with high-speed (more than 30 Mbit/s) wired or wireless access to the Internet,city Kyiv,
2020,extracurricular educational institutions with high-speed (more than 30 Mbit/s) wired or wireless access to the Internet,city Sevastopol,
2021,extracurricular educational institutions with high-speed (more than 30 Mbit/s) wired or wireless access to the Internet,Ukraine,
2021,extracurricular educational institutions with high-speed (more than 30 Mbit/s) wired or wireless access to the Internet,Autonomous Republic of Crimea,
2021,extracurricular educational institutions with high-speed (more than 30 Mbit/s) wired or wireless access to the Internet,Vinnytsya,
2021,extracurricular educational institutions with high-speed (more than 30 Mbit/s) wired or wireless access to the Internet,Volyn,
2021,extracurricular educational institutions with high-speed (more than 30 Mbit/s) wired or wireless access to the Internet,Dnipropetrovsk,
2021,extracurricular educational institutions with high-speed (more than 30 Mbit/s) wired or wireless access to the Internet,Donetsk,
2021,extracurricular educational institutions with high-speed (more than 30 Mbit/s) wired or wireless access to the Internet,Zhytomyr,
2021,extracurricular educational institutions with high-speed (more than 30 Mbit/s) wired or wireless access to the Internet,Zakarpattya,
2021,extracurricular educational institutions with high-speed (more than 30 Mbit/s) wired or wireless access to the Internet,Zaporizhzhya,
2021,extracurricular educational institutions with high-speed (more than 30 Mbit/s) wired or wireless access to the Internet,Ivano-Frankivsk,
2021,extracurricular educational institutions with high-speed (more than 30 Mbit/s) wired or wireless access to the Internet,Kyiv,
2021,extracurricular educational institutions with high-speed (more than 30 Mbit/s) wired or wireless access to the Internet,Kirovohrad,
2021,extracurricular educational institutions with high-speed (more than 30 Mbit/s) wired or wireless access to the Internet,Luhansk,
2021,extracurricular educational institutions with high-speed (more than 30 Mbit/s) wired or wireless access to the Internet,Lviv,
2021,extracurricular educational institutions with high-speed (more than 30 Mbit/s) wired or wireless access to the Internet,Mykolayiv,
2021,extracurricular educational institutions with high-speed (more than 30 Mbit/s) wired or wireless access to the Internet,Odesa,
2021,extracurricular educational institutions with high-speed (more than 30 Mbit/s) wired or wireless access to the Internet,Poltava,
2021,extracurricular educational institutions with high-speed (more than 30 Mbit/s) wired or wireless access to the Internet,Rivne,
2021,extracurricular educational institutions with high-speed (more than 30 Mbit/s) wired or wireless access to the Internet,Sumy,
2021,extracurricular educational institutions with high-speed (more than 30 Mbit/s) wired or wireless access to the Internet,Ternopil,
2021,extracurricular educational institutions with high-speed (more than 30 Mbit/s) wired or wireless access to the Internet,Kharkiv,
2021,extracurricular educational institutions with high-speed (more than 30 Mbit/s) wired or wireless access to the Internet,Kherson,
2021,extracurricular educational institutions with high-speed (more than 30 Mbit/s) wired or wireless access to the Internet,Khmelnytskiy,
2021,extracurricular educational institutions with high-speed (more than 30 Mbit/s) wired or wireless access to the Internet,Cherkasy,
2021,extracurricular educational institutions with high-speed (more than 30 Mbit/s) wired or wireless access to the Internet,Chernivtsi,
2021,extracurricular educational institutions with high-speed (more than 30 Mbit/s) wired or wireless access to the Internet,Chernihiv,
2021,extracurricular educational institutions with high-speed (more than 30 Mbit/s) wired or wireless access to the Internet,city Kyiv,
2021,extracurricular educational institutions with high-speed (more than 30 Mbit/s) wired or wireless access to the Internet,city Sevastopol,
2022,extracurricular educational institutions with high-speed (more than 30 Mbit/s) wired or wireless access to the Internet,Ukraine,61.2
2022,extracurricular educational institutions with high-speed (more than 30 Mbit/s) wired or wireless access to the Internet,Autonomous Republic of Crimea,
2022,extracurricular educational institutions with high-speed (more than 30 Mbit/s) wired or wireless access to the Internet,Vinnytsya,61.4
2022,extracurricular educational institutions with high-speed (more than 30 Mbit/s) wired or wireless access to the Internet,Volyn,65.71
2022,extracurricular educational institutions with high-speed (more than 30 Mbit/s) wired or wireless access to the Internet,Dnipropetrovsk,50.94
2022,extracurricular educational institutions with high-speed (more than 30 Mbit/s) wired or wireless access to the Internet,Donetsk,61.11
2022,extracurricular educational institutions with high-speed (more than 30 Mbit/s) wired or wireless access to the Internet,Zhytomyr,47.5
2022,extracurricular educational institutions with high-speed (more than 30 Mbit/s) wired or wireless access to the Internet,Zakarpattya,46.15
2022,extracurricular educational institutions with high-speed (more than 30 Mbit/s) wired or wireless access to the Internet,Zaporizhzhya,67.86
2022,extracurricular educational institutions with high-speed (more than 30 Mbit/s) wired or wireless access to the Internet,Ivano-Frankivsk,60.0
2022,extracurricular educational institutions with high-speed (more than 30 Mbit/s) wired or wireless access to the Internet,Kyiv,77.22
2022,extracurricular educational institutions with high-speed (more than 30 Mbit/s) wired or wireless access to the Internet,Kirovohrad,60.0
2022,extracurricular educational institutions with high-speed (more than 30 Mbit/s) wired or wireless access to the Internet,Luhansk,56.52
2022,extracurricular educational institutions with high-speed (more than 30 Mbit/s) wired or wireless access to the Internet,Lviv,54.93
2022,extracurricular educational institutions with high-speed (more than 30 Mbit/s) wired or wireless access to the Internet,Mykolayiv,51.43
2022,extracurricular educational institutions with high-speed (more than 30 Mbit/s) wired or wireless access to the Internet,Odesa,65.63
2022,extracurricular educational institutions with high-speed (more than 30 Mbit/s) wired or wireless access to the Internet,Poltava,74.55
2022,extracurricular educational institutions with high-speed (more than 30 Mbit/s) wired or wireless access to the Internet,Rivne,45.71
2022,extracurricular educational institutions with high-speed (more than 30 Mbit/s) wired or wireless access to the Internet,Sumy,61.9
2022,extracurricular educational institutions with high-speed (more than 30 Mbit/s) wired or wireless access to the Internet,Ternopil,66.67
2022,extracurricular educational institutions with high-speed (more than 30 Mbit/s) wired or wireless access to the Internet,Kharkiv,68.18
2022,extracurricular educational institutions with high-speed (more than 30 Mbit/s) wired or wireless access to the Internet,Kherson,50.0
2022,extracurricular educational institutions with high-speed (more than 30 Mbit/s) wired or wireless access to the Internet,Khmelnytskiy,60.98
2022,extracurricular educational institutions with high-speed (more than 30 Mbit/s) wired or wireless access to the Internet,Cherkasy,85.71
2022,extracurricular educational institutions with high-speed (more than 30 Mbit/s) wired or wireless access to the Internet,Chernivtsi,77.78
2022,extracurricular educational institutions with high-speed (more than 30 Mbit/s) wired or wireless access to the Internet,Chernihiv,36.96
2022,extracurricular educational institutions with high-speed (more than 30 Mbit/s) wired or wireless access to the Internet,city Kyiv,66.67
2022,extracurricular educational institutions with high-speed (more than 30 Mbit/s) wired or wireless access to the Internet,city Sevastopol,
2023,extracurricular educational institutions with high-speed (more than 30 Mbit/s) wired or wireless access to the Internet,Ukraine,65.7
2023,extracurricular educational institutions with high-speed (more than 30 Mbit/s) wired or wireless access to the Internet,Autonomous Republic of Crimea,
2023,extracurricular educational institutions with high-speed (more than 30 Mbit/s) wired or wireless access to the Internet,Vinnytsya,77.55
2023,extracurricular educational institutions with high-speed (more than 30 Mbit/s) wired or wireless access to the Internet,Volyn,75.76
2023,extracurricular educational institutions with high-speed (more than 30 Mbit/s) wired or wireless access to the Internet,Dnipropetrovsk,54.9
2023,extracurricular educational institutions with high-speed (more than 30 Mbit/s) wired or wireless access to the Internet,Donetsk,33.33
2023,extracurricular educational institutions with high-speed (more than 30 Mbit/s) wired or wireless access to the Internet,Zhytomyr,73.91
2023,extracurricular educational institutions with high-speed (more than 30 Mbit/s) wired or wireless access to the Internet,Zakarpattya,68.18
2023,extracurricular educational institutions with high-speed (more than 30 Mbit/s) wired or wireless access to the Internet,Zaporizhzhya,53.85
2023,extracurricular educational institutions with high-speed (more than 30 Mbit/s) wired or wireless access to the Internet,Ivano-Frankivsk,80.39
2023,extracurricular educational institutions with high-speed (more than 30 Mbit/s) wired or wireless access to the Internet,Kyiv,71.43
2023,extracurricular educational institutions with high-speed (more than 30 Mbit/s) wired or wireless access to the Internet,Kirovohrad,72.84
2023,extracurricular educational institutions with high-speed (more than 30 Mbit/s) wired or wireless access to the Internet,Luhansk,0.0
2023,extracurricular educational institutions with high-speed (more than 30 Mbit/s) wired or wireless access to the Internet,Lviv,66.18
2023,extracurricular educational institutions with high-speed (more than 30 Mbit/s) wired or wireless access to the Internet,Mykolayiv,62.16
2023,extracurricular educational institutions with high-speed (more than 30 Mbit/s) wired or wireless access to the Internet,Odesa,67.74
2023,extracurricular educational institutions with high-speed (more than 30 Mbit/s) wired or wireless access to the Internet,Poltava,82.76
2023,extracurricular educational institutions with high-speed (more than 30 Mbit/s) wired or wireless access to the Internet,Rivne,67.24
2023,extracurricular educational institutions with high-speed (more than 30 Mbit/s) wired or wireless access to the Internet,Sumy,65.28
2023,extracurricular educational institutions with high-speed (more than 30 Mbit/s) wired or wireless access to the Internet,Ternopil,75.0
2023,extracurricular educational institutions with high-speed (more than 30 Mbit/s) wired or wireless access to the Internet,Kharkiv,63.33
2023,extracurricular educational institutions with high-speed (more than 30 Mbit/s) wired or wireless access to the Internet,Kherson,12.12
2023,extracurricular educational institutions with high-speed (more than 30 Mbit/s) wired or wireless access to the Internet,Khmelnytskiy,71.79
2023,extracurricular educational institutions with high-speed (more than 30 Mbit/s) wired or wireless access to the Internet,Cherkasy,90.48
2023,extracurricular educational institutions with high-speed (more than 30 Mbit/s) wired or wireless access to the Internet,Chernivtsi,66.67
2023,extracurricular educational institutions with high-speed (more than 30 Mbit/s) wired or wireless access to the Internet,Chernihiv,56.41
2023,extracurricular educational institutions with high-speed (more than 30 Mbit/s) wired or wireless access to the Internet,city Kyiv,74.42
2023,extracurricular educational institutions with high-speed (more than 30 Mbit/s) wired or wireless access to the Internet,city Sevastopol,
2024,extracurricular educational institutions with high-speed (more than 30 Mbit/s) wired or wireless access to the Internet,Ukraine,68.43
2024,extracurricular educational institutions with high-speed (more than 30 Mbit/s) wired or wireless access to the Internet,Autonomous Republic of Crimea,
2024,extracurricular educational institutions with high-speed (more than 30 Mbit/s) wired or wireless access to the Internet,Vinnytsya,82.98
2024,extracurricular educational institutions with high-speed (more than 30 Mbit/s) wired or wireless access to the Internet,Volyn,75.76
2024,extracurricular educational institutions with high-speed (more than 30 Mbit/s) wired or wireless access to the Internet,Dnipropetrovsk,57.43
2024,extracurricular educational institutions with high-speed (more than 30 Mbit/s) wired or wireless access to the Internet,Donetsk,29.73
2024,extracurricular educational institutions with high-speed (more than 30 Mbit/s) wired or wireless access to the Internet,Zhytomyr,72.92
2024,extracurricular educational institutions with high-speed (more than 30 Mbit/s) wired or wireless access to the Internet,Zakarpattya,80.95
2024,extracurricular educational institutions with high-speed (more than 30 Mbit/s) wired or wireless access to the Internet,Zaporizhzhya,45.24
2024,extracurricular educational institutions with high-speed (more than 30 Mbit/s) wired or wireless access to the Internet,Ivano-Frankivsk,68.09
2024,extracurricular educational institutions with high-speed (more than 30 Mbit/s) wired or wireless access to the Internet,Kyiv,71.28
2024,extracurricular educational institutions with high-speed (more than 30 Mbit/s) wired or wireless access to the Internet,Kirovohrad,74.32
2024,extracurricular educational institutions with high-speed (more than 30 Mbit/s) wired or wireless access to the Internet,Luhansk,0.0
2024,extracurricular educational institutions with high-speed (more than 30 Mbit/s) wired or wireless access to the Internet,Lviv,73.53
2024,extracurricular educational institutions with high-speed (more than 30 Mbit/s) wired or wireless access to the Internet,Mykolayiv,66.67
2024,extracurricular educational institutions with high-speed (more than 30 Mbit/s) wired or wireless access to the Internet,Odesa,67.21
2024,extracurricular educational institutions with high-speed (more than 30 Mbit/s) wired or wireless access to the Internet,Poltava,82.69
2024,extracurricular educational institutions with high-speed (more than 30 Mbit/s) wired or wireless access to the Internet,Rivne,67.65
2024,extracurricular educational institutions with high-speed (more than 30 Mbit/s) wired or wireless access to the Internet,Sumy,77.97
2024,extracurricular educational institutions with high-speed (more than 30 Mbit/s) wired or wireless access to the Internet,Ternopil,77.78
2024,extracurricular educational institutions with high-speed (more than 30 Mbit/s) wired or wireless access to the Internet,Kharkiv,71.67
2024,extracurricular educational institutions with high-speed (more than 30 Mbit/s) wired or wireless access to the Internet,Kherson,20.83
2024,extracurricular educational institutions with high-speed (more than 30 Mbit/s) wired or wireless access to the Internet,Khmelnytskiy,69.05
2024,extracurricular educational institutions with high-speed (more than 30 Mbit/s) wired or wireless access to the Internet,Cherkasy,90.48
2024,extracurricular educational institutions with high-speed (more than 30 Mbit/s) wired or wireless access to the Internet,Chernivtsi,79.17
2024,extracurricular educational institutions with high-speed (more than 30 Mbit/s) wired or wireless access to the Internet,Chernihiv,59.46
2024,extracurricular educational institutions with high-speed (more than 30 Mbit/s) wired or wireless access to the Internet,city Kyiv,79.55
2024,extracurricular educational institutions with high-speed (more than 30 Mbit/s) wired or wireless access to the Internet,city Sevastopol,
2025,extracurricular educational institutions with high-speed (more than 30 Mbit/s) wired or wireless access to the Internet,Ukraine,71.08
2025,extracurricular educational institutions with high-speed (more than 30 Mbit/s) wired or wireless access to the Internet,Autonomous Republic of Crimea,
2025,extracurricular educational institutions with high-speed (more than 30 Mbit/s) wired or wireless access to the Internet,Vinnytsya,85.11
2025,extracurricular educational institutions with high-speed (more than 30 Mbit/s) wired or wireless access to the Internet,Volyn,69.7
2025,extracurricular educational institutions with high-speed (more than 30 Mbit/s) wired or wireless access to the Internet,Dnipropetrovsk,64.95
2025,extracurricular educational institutions with high-speed (more than 30 Mbit/s) wired or wireless access to the Internet,Donetsk,29.41
2025,extracurricular educational institutions with high-speed (more than 30 Mbit/s) wired or wireless access to the Internet,Zhytomyr,70.0
2025,extracurricular educational institutions with high-speed (more than 30 Mbit/s) wired or wireless access to the Internet,Zakarpattya,90.0
2025,extracurricular educational institutions with high-speed (more than 30 Mbit/s) wired or wireless access to the Internet,Zaporizhzhya,66.67
2025,extracurricular educational institutions with high-speed (more than 30 Mbit/s) wired or wireless access to the Internet,Ivano-Frankivsk,78.72
2025,extracurricular educational institutions with high-speed (more than 30 Mbit/s) wired or wireless access to the Internet,Kyiv,73.68
2025,extracurricular educational institutions with high-speed (more than 30 Mbit/s) wired or wireless access to the Internet,Kirovohrad,77.33
2025,extracurricular educational institutions with high-speed (more than 30 Mbit/s) wired or wireless access to the Internet,Luhansk,0.0
2025,extracurricular educational institutions with high-speed (more than 30 Mbit/s) wired or wireless access to the Internet,Lviv,66.18
2025,extracurricular educational institutions with high-speed (more than 30 Mbit/s) wired or wireless access to the Internet,Mykolayiv,72.22
2025,extracurricular educational institutions with high-speed (more than 30 Mbit/s) wired or wireless access to the Internet,Odesa,70.0
2025,extracurricular educational institutions with high-speed (more than 30 Mbit/s) wired or wireless access to the Internet,Poltava,81.63
2025,extracurricular educational institutions with high-speed (more than 30 Mbit/s) wired or wireless access to the Internet,Rivne,71.43
2025,extracurricular educational institutions with high-speed (more than 30 Mbit/s) wired or wireless access to the Internet,Sumy,81.03
2025,extracurricular educational institutions with high-speed (more than 30 Mbit/s) wired or wireless access to the Internet,Ternopil,77.78
2025,extracurricular educational institutions with high-speed (more than 30 Mbit/s) wired or wireless access to the Internet,Kharkiv,66.67
2025,extracurricular educational institutions with high-speed (more than 30 Mbit/s) wired or wireless access to the Internet,Kherson,20.0
2025,extracurricular educational institutions with high-speed (more than 30 Mbit/s) wired or wireless access to the Internet,Khmelnytskiy,82.93
2025,extracurricular educational institutions with high-speed (more than 30 Mbit/s) wired or wireless access to the Internet,Cherkasy,95.24
2025,extracurricular educational institutions with high-speed (more than 30 Mbit/s) wired or wireless access to the Internet,Chernivtsi,73.91
2025,extracurricular educational institutions with high-speed (more than 30 Mbit/s) wired or wireless access to the Internet,Chernihiv,62.86
2025,extracurricular educational institutions with high-speed (more than 30 Mbit/s) wired or wireless access to the Internet,city Kyiv,69.77
2025,extracurricular educational institutions with high-speed (more than 30 Mbit/s) wired or wireless access to the Internet,city Sevastopol,
