Year,Тип закладу освіти,Область,Value
2015,заклади дошкільної освіти з широкосмуговим проводовим швидкісним (більше 30 Мбіт/с) доступом до мережі Інтернет,Україна,
2015,заклади дошкільної освіти з широкосмуговим проводовим швидкісним (більше 30 Мбіт/с) доступом до мережі Інтернет,Автономна Республіка Крим,
2015,заклади дошкільної освіти з широкосмуговим проводовим швидкісним (більше 30 Мбіт/с) доступом до мережі Інтернет,Вінницька,
2015,заклади дошкільної освіти з широкосмуговим проводовим швидкісним (більше 30 Мбіт/с) доступом до мережі Інтернет,Волинська,
2015,заклади дошкільної освіти з широкосмуговим проводовим швидкісним (більше 30 Мбіт/с) доступом до мережі Інтернет,Дніпропетровська,
2015,заклади дошкільної освіти з широкосмуговим проводовим швидкісним (більше 30 Мбіт/с) доступом до мережі Інтернет,Донецька,
2015,заклади дошкільної освіти з широкосмуговим проводовим швидкісним (більше 30 Мбіт/с) доступом до мережі Інтернет,Житомирська,
2015,заклади дошкільної освіти з широкосмуговим проводовим швидкісним (більше 30 Мбіт/с) доступом до мережі Інтернет,Закарпатська,
2015,заклади дошкільної освіти з широкосмуговим проводовим швидкісним (більше 30 Мбіт/с) доступом до мережі Інтернет,Запорізька,
2015,заклади дошкільної освіти з широкосмуговим проводовим швидкісним (більше 30 Мбіт/с) доступом до мережі Інтернет,Івано-Франківська,
2015,заклади дошкільної освіти з широкосмуговим проводовим швидкісним (більше 30 Мбіт/с) доступом до мережі Інтернет,Київська,
2015,заклади дошкільної освіти з широкосмуговим проводовим швидкісним (більше 30 Мбіт/с) доступом до мережі Інтернет,Кіровоградська,
2015,заклади дошкільної освіти з широкосмуговим проводовим швидкісним (більше 30 Мбіт/с) доступом до мережі Інтернет,Луганська,
2015,заклади дошкільної освіти з широкосмуговим проводовим швидкісним (більше 30 Мбіт/с) доступом до мережі Інтернет,Львівська,
2015,заклади дошкільної освіти з широкосмуговим проводовим швидкісним (більше 30 Мбіт/с) доступом до мережі Інтернет,Миколаївська,
2015,заклади дошкільної освіти з широкосмуговим проводовим швидкісним (більше 30 Мбіт/с) доступом до мережі Інтернет,Одеська,
2015,заклади дошкільної освіти з широкосмуговим проводовим швидкісним (більше 30 Мбіт/с) доступом до мережі Інтернет,Полтавська,
2015,заклади дошкільної освіти з широкосмуговим проводовим швидкісним (більше 30 Мбіт/с) доступом до мережі Інтернет,Рівненська,
2015,заклади дошкільної освіти з широкосмуговим проводовим швидкісним (більше 30 Мбіт/с) доступом до мережі Інтернет,Сумська,
2015,заклади дошкільної освіти з широкосмуговим проводовим швидкісним (більше 30 Мбіт/с) доступом до мережі Інтернет,Тернопільська,
2015,заклади дошкільної освіти з широкосмуговим проводовим швидкісним (більше 30 Мбіт/с) доступом до мережі Інтернет,Харківська,
2015,заклади дошкільної освіти з широкосмуговим проводовим швидкісним (більше 30 Мбіт/с) доступом до мережі Інтернет,Херсонська,
2015,заклади дошкільної освіти з широкосмуговим проводовим швидкісним (більше 30 Мбіт/с) доступом до мережі Інтернет,Хмельницька,
2015,заклади дошкільної освіти з широкосмуговим проводовим швидкісним (більше 30 Мбіт/с) доступом до мережі Інтернет,Черкаська,
2015,заклади дошкільної освіти з широкосмуговим проводовим швидкісним (більше 30 Мбіт/с) доступом до мережі Інтернет,Чернівецька,
2015,заклади дошкільної освіти з широкосмуговим проводовим швидкісним (більше 30 Мбіт/с) доступом до мережі Інтернет,Чернігівська,
2015,заклади дошкільної освіти з широкосмуговим проводовим швидкісним (більше 30 Мбіт/с) доступом до мережі Інтернет,м. Київ,
2015,заклади дошкільної освіти з широкосмуговим проводовим швидкісним (більше 30 Мбіт/с) доступом до мережі Інтернет,м. Севастополь,
2016,заклади дошкільної освіти з широкосмуговим проводовим швидкісним (більше 30 Мбіт/с) доступом до мережі Інтернет,Україна,
2016,заклади дошкільної освіти з широкосмуговим проводовим швидкісним (більше 30 Мбіт/с) доступом до мережі Інтернет,Автономна Республіка Крим,
2016,заклади дошкільної освіти з широкосмуговим проводовим швидкісним (більше 30 Мбіт/с) доступом до мережі Інтернет,Вінницька,
2016,заклади дошкільної освіти з широкосмуговим проводовим швидкісним (більше 30 Мбіт/с) доступом до мережі Інтернет,Волинська,
2016,заклади дошкільної освіти з широкосмуговим проводовим швидкісним (більше 30 Мбіт/с) доступом до мережі Інтернет,Дніпропетровська,
2016,заклади дошкільної освіти з широкосмуговим проводовим швидкісним (більше 30 Мбіт/с) доступом до мережі Інтернет,Донецька,
2016,заклади дошкільної освіти з широкосмуговим проводовим швидкісним (більше 30 Мбіт/с) доступом до мережі Інтернет,Житомирська,
2016,заклади дошкільної освіти з широкосмуговим проводовим швидкісним (більше 30 Мбіт/с) доступом до мережі Інтернет,Закарпатська,
2016,заклади дошкільної освіти з широкосмуговим проводовим швидкісним (більше 30 Мбіт/с) доступом до мережі Інтернет,Запорізька,
2016,заклади дошкільної освіти з широкосмуговим проводовим швидкісним (більше 30 Мбіт/с) доступом до мережі Інтернет,Івано-Франківська,
2016,заклади дошкільної освіти з широкосмуговим проводовим швидкісним (більше 30 Мбіт/с) доступом до мережі Інтернет,Київська,
2016,заклади дошкільної освіти з широкосмуговим проводовим швидкісним (більше 30 Мбіт/с) доступом до мережі Інтернет,Кіровоградська,
2016,заклади дошкільної освіти з широкосмуговим проводовим швидкісним (більше 30 Мбіт/с) доступом до мережі Інтернет,Луганська,
2016,заклади дошкільної освіти з широкосмуговим проводовим швидкісним (більше 30 Мбіт/с) доступом до мережі Інтернет,Львівська,
2016,заклади дошкільної освіти з широкосмуговим проводовим швидкісним (більше 30 Мбіт/с) доступом до мережі Інтернет,Миколаївська,
2016,заклади дошкільної освіти з широкосмуговим проводовим швидкісним (більше 30 Мбіт/с) доступом до мережі Інтернет,Одеська,
2016,заклади дошкільної освіти з широкосмуговим проводовим швидкісним (більше 30 Мбіт/с) доступом до мережі Інтернет,Полтавська,
2016,заклади дошкільної освіти з широкосмуговим проводовим швидкісним (більше 30 Мбіт/с) доступом до мережі Інтернет,Рівненська,
2016,заклади дошкільної освіти з широкосмуговим проводовим швидкісним (більше 30 Мбіт/с) доступом до мережі Інтернет,Сумська,
2016,заклади дошкільної освіти з широкосмуговим проводовим швидкісним (більше 30 Мбіт/с) доступом до мережі Інтернет,Тернопільська,
2016,заклади дошкільної освіти з широкосмуговим проводовим швидкісним (більше 30 Мбіт/с) доступом до мережі Інтернет,Харківська,
2016,заклади дошкільної освіти з широкосмуговим проводовим швидкісним (більше 30 Мбіт/с) доступом до мережі Інтернет,Херсонська,
2016,заклади дошкільної освіти з широкосмуговим проводовим швидкісним (більше 30 Мбіт/с) доступом до мережі Інтернет,Хмельницька,
2016,заклади дошкільної освіти з широкосмуговим проводовим швидкісним (більше 30 Мбіт/с) доступом до мережі Інтернет,Черкаська,
2016,заклади дошкільної освіти з широкосмуговим проводовим швидкісним (більше 30 Мбіт/с) доступом до мережі Інтернет,Чернівецька,
2016,заклади дошкільної освіти з широкосмуговим проводовим швидкісним (більше 30 Мбіт/с) доступом до мережі Інтернет,Чернігівська,
2016,заклади дошкільної освіти з широкосмуговим проводовим швидкісним (більше 30 Мбіт/с) доступом до мережі Інтернет,м. Київ,
2016,заклади дошкільної освіти з широкосмуговим проводовим швидкісним (більше 30 Мбіт/с) доступом до мережі Інтернет,м. Севастополь,
2017,заклади дошкільної освіти з широкосмуговим проводовим швидкісним (більше 30 Мбіт/с) доступом до мережі Інтернет,Україна,
2017,заклади дошкільної освіти з широкосмуговим проводовим швидкісним (більше 30 Мбіт/с) доступом до мережі Інтернет,Автономна Республіка Крим,
2017,заклади дошкільної освіти з широкосмуговим проводовим швидкісним (більше 30 Мбіт/с) доступом до мережі Інтернет,Вінницька,
2017,заклади дошкільної освіти з широкосмуговим проводовим швидкісним (більше 30 Мбіт/с) доступом до мережі Інтернет,Волинська,
2017,заклади дошкільної освіти з широкосмуговим проводовим швидкісним (більше 30 Мбіт/с) доступом до мережі Інтернет,Дніпропетровська,
2017,заклади дошкільної освіти з широкосмуговим проводовим швидкісним (більше 30 Мбіт/с) доступом до мережі Інтернет,Донецька,
2017,заклади дошкільної освіти з широкосмуговим проводовим швидкісним (більше 30 Мбіт/с) доступом до мережі Інтернет,Житомирська,
2017,заклади дошкільної освіти з широкосмуговим проводовим швидкісним (більше 30 Мбіт/с) доступом до мережі Інтернет,Закарпатська,
2017,заклади дошкільної освіти з широкосмуговим проводовим швидкісним (більше 30 Мбіт/с) доступом до мережі Інтернет,Запорізька,
2017,заклади дошкільної освіти з широкосмуговим проводовим швидкісним (більше 30 Мбіт/с) доступом до мережі Інтернет,Івано-Франківська,
2017,заклади дошкільної освіти з широкосмуговим проводовим швидкісним (більше 30 Мбіт/с) доступом до мережі Інтернет,Київська,
2017,заклади дошкільної освіти з широкосмуговим проводовим швидкісним (більше 30 Мбіт/с) доступом до мережі Інтернет,Кіровоградська,
2017,заклади дошкільної освіти з широкосмуговим проводовим швидкісним (більше 30 Мбіт/с) доступом до мережі Інтернет,Луганська,
2017,заклади дошкільної освіти з широкосмуговим проводовим швидкісним (більше 30 Мбіт/с) доступом до мережі Інтернет,Львівська,
2017,заклади дошкільної освіти з широкосмуговим проводовим швидкісним (більше 30 Мбіт/с) доступом до мережі Інтернет,Миколаївська,
2017,заклади дошкільної освіти з широкосмуговим проводовим швидкісним (більше 30 Мбіт/с) доступом до мережі Інтернет,Одеська,
2017,заклади дошкільної освіти з широкосмуговим проводовим швидкісним (більше 30 Мбіт/с) доступом до мережі Інтернет,Полтавська,
2017,заклади дошкільної освіти з широкосмуговим проводовим швидкісним (більше 30 Мбіт/с) доступом до мережі Інтернет,Рівненська,
2017,заклади дошкільної освіти з широкосмуговим проводовим швидкісним (більше 30 Мбіт/с) доступом до мережі Інтернет,Сумська,
2017,заклади дошкільної освіти з широкосмуговим проводовим швидкісним (більше 30 Мбіт/с) доступом до мережі Інтернет,Тернопільська,
2017,заклади дошкільної освіти з широкосмуговим проводовим швидкісним (більше 30 Мбіт/с) доступом до мережі Інтернет,Харківська,
2017,заклади дошкільної освіти з широкосмуговим проводовим швидкісним (більше 30 Мбіт/с) доступом до мережі Інтернет,Херсонська,
2017,заклади дошкільної освіти з широкосмуговим проводовим швидкісним (більше 30 Мбіт/с) доступом до мережі Інтернет,Хмельницька,
2017,заклади дошкільної освіти з широкосмуговим проводовим швидкісним (більше 30 Мбіт/с) доступом до мережі Інтернет,Черкаська,
2017,заклади дошкільної освіти з широкосмуговим проводовим швидкісним (більше 30 Мбіт/с) доступом до мережі Інтернет,Чернівецька,
2017,заклади дошкільної освіти з широкосмуговим проводовим швидкісним (більше 30 Мбіт/с) доступом до мережі Інтернет,Чернігівська,
2017,заклади дошкільної освіти з широкосмуговим проводовим швидкісним (більше 30 Мбіт/с) доступом до мережі Інтернет,м. Київ,
2017,заклади дошкільної освіти з широкосмуговим проводовим швидкісним (більше 30 Мбіт/с) доступом до мережі Інтернет,м. Севастополь,
2018,заклади дошкільної освіти з широкосмуговим проводовим швидкісним (більше 30 Мбіт/с) доступом до мережі Інтернет,Україна,
2018,заклади дошкільної освіти з широкосмуговим проводовим швидкісним (більше 30 Мбіт/с) доступом до мережі Інтернет,Автономна Республіка Крим,
2018,заклади дошкільної освіти з широкосмуговим проводовим швидкісним (більше 30 Мбіт/с) доступом до мережі Інтернет,Вінницька,
2018,заклади дошкільної освіти з широкосмуговим проводовим швидкісним (більше 30 Мбіт/с) доступом до мережі Інтернет,Волинська,
2018,заклади дошкільної освіти з широкосмуговим проводовим швидкісним (більше 30 Мбіт/с) доступом до мережі Інтернет,Дніпропетровська,
2018,заклади дошкільної освіти з широкосмуговим проводовим швидкісним (більше 30 Мбіт/с) доступом до мережі Інтернет,Донецька,
2018,заклади дошкільної освіти з широкосмуговим проводовим швидкісним (більше 30 Мбіт/с) доступом до мережі Інтернет,Житомирська,
2018,заклади дошкільної освіти з широкосмуговим проводовим швидкісним (більше 30 Мбіт/с) доступом до мережі Інтернет,Закарпатська,
2018,заклади дошкільної освіти з широкосмуговим проводовим швидкісним (більше 30 Мбіт/с) доступом до мережі Інтернет,Запорізька,
2018,заклади дошкільної освіти з широкосмуговим проводовим швидкісним (більше 30 Мбіт/с) доступом до мережі Інтернет,Івано-Франківська,
2018,заклади дошкільної освіти з широкосмуговим проводовим швидкісним (більше 30 Мбіт/с) доступом до мережі Інтернет,Київська,
2018,заклади дошкільної освіти з широкосмуговим проводовим швидкісним (більше 30 Мбіт/с) доступом до мережі Інтернет,Кіровоградська,
2018,заклади дошкільної освіти з широкосмуговим проводовим швидкісним (більше 30 Мбіт/с) доступом до мережі Інтернет,Луганська,
2018,заклади дошкільної освіти з широкосмуговим проводовим швидкісним (більше 30 Мбіт/с) доступом до мережі Інтернет,Львівська,
2018,заклади дошкільної освіти з широкосмуговим проводовим швидкісним (більше 30 Мбіт/с) доступом до мережі Інтернет,Миколаївська,
2018,заклади дошкільної освіти з широкосмуговим проводовим швидкісним (більше 30 Мбіт/с) доступом до мережі Інтернет,Одеська,
2018,заклади дошкільної освіти з широкосмуговим проводовим швидкісним (більше 30 Мбіт/с) доступом до мережі Інтернет,Полтавська,
2018,заклади дошкільної освіти з широкосмуговим проводовим швидкісним (більше 30 Мбіт/с) доступом до мережі Інтернет,Рівненська,
2018,заклади дошкільної освіти з широкосмуговим проводовим швидкісним (більше 30 Мбіт/с) доступом до мережі Інтернет,Сумська,
2018,заклади дошкільної освіти з широкосмуговим проводовим швидкісним (більше 30 Мбіт/с) доступом до мережі Інтернет,Тернопільська,
2018,заклади дошкільної освіти з широкосмуговим проводовим швидкісним (більше 30 Мбіт/с) доступом до мережі Інтернет,Харківська,
2018,заклади дошкільної освіти з широкосмуговим проводовим швидкісним (більше 30 Мбіт/с) доступом до мережі Інтернет,Херсонська,
2018,заклади дошкільної освіти з широкосмуговим проводовим швидкісним (більше 30 Мбіт/с) доступом до мережі Інтернет,Хмельницька,
2018,заклади дошкільної освіти з широкосмуговим проводовим швидкісним (більше 30 Мбіт/с) доступом до мережі Інтернет,Черкаська,
2018,заклади дошкільної освіти з широкосмуговим проводовим швидкісним (більше 30 Мбіт/с) доступом до мережі Інтернет,Чернівецька,
2018,заклади дошкільної освіти з широкосмуговим проводовим швидкісним (більше 30 Мбіт/с) доступом до мережі Інтернет,Чернігівська,
2018,заклади дошкільної освіти з широкосмуговим проводовим швидкісним (більше 30 Мбіт/с) доступом до мережі Інтернет,м. Київ,
2018,заклади дошкільної освіти з широкосмуговим проводовим швидкісним (більше 30 Мбіт/с) доступом до мережі Інтернет,м. Севастополь,
2019,заклади дошкільної освіти з широкосмуговим проводовим швидкісним (більше 30 Мбіт/с) доступом до мережі Інтернет,Україна,
2019,заклади дошкільної освіти з широкосмуговим проводовим швидкісним (більше 30 Мбіт/с) доступом до мережі Інтернет,Автономна Республіка Крим,
2019,заклади дошкільної освіти з широкосмуговим проводовим швидкісним (більше 30 Мбіт/с) доступом до мережі Інтернет,Вінницька,
2019,заклади дошкільної освіти з широкосмуговим проводовим швидкісним (більше 30 Мбіт/с) доступом до мережі Інтернет,Волинська,
2019,заклади дошкільної освіти з широкосмуговим проводовим швидкісним (більше 30 Мбіт/с) доступом до мережі Інтернет,Дніпропетровська,
2019,заклади дошкільної освіти з широкосмуговим проводовим швидкісним (більше 30 Мбіт/с) доступом до мережі Інтернет,Донецька,
2019,заклади дошкільної освіти з широкосмуговим проводовим швидкісним (більше 30 Мбіт/с) доступом до мережі Інтернет,Житомирська,
2019,заклади дошкільної освіти з широкосмуговим проводовим швидкісним (більше 30 Мбіт/с) доступом до мережі Інтернет,Закарпатська,
2019,заклади дошкільної освіти з широкосмуговим проводовим швидкісним (більше 30 Мбіт/с) доступом до мережі Інтернет,Запорізька,
2019,заклади дошкільної освіти з широкосмуговим проводовим швидкісним (більше 30 Мбіт/с) доступом до мережі Інтернет,Івано-Франківська,
2019,заклади дошкільної освіти з широкосмуговим проводовим швидкісним (більше 30 Мбіт/с) доступом до мережі Інтернет,Київська,
2019,заклади дошкільної освіти з широкосмуговим проводовим швидкісним (більше 30 Мбіт/с) доступом до мережі Інтернет,Кіровоградська,
2019,заклади дошкільної освіти з широкосмуговим проводовим швидкісним (більше 30 Мбіт/с) доступом до мережі Інтернет,Луганська,
2019,заклади дошкільної освіти з широкосмуговим проводовим швидкісним (більше 30 Мбіт/с) доступом до мережі Інтернет,Львівська,
2019,заклади дошкільної освіти з широкосмуговим проводовим швидкісним (більше 30 Мбіт/с) доступом до мережі Інтернет,Миколаївська,
2019,заклади дошкільної освіти з широкосмуговим проводовим швидкісним (більше 30 Мбіт/с) доступом до мережі Інтернет,Одеська,
2019,заклади дошкільної освіти з широкосмуговим проводовим швидкісним (більше 30 Мбіт/с) доступом до мережі Інтернет,Полтавська,
2019,заклади дошкільної освіти з широкосмуговим проводовим швидкісним (більше 30 Мбіт/с) доступом до мережі Інтернет,Рівненська,
2019,заклади дошкільної освіти з широкосмуговим проводовим швидкісним (більше 30 Мбіт/с) доступом до мережі Інтернет,Сумська,
2019,заклади дошкільної освіти з широкосмуговим проводовим швидкісним (більше 30 Мбіт/с) доступом до мережі Інтернет,Тернопільська,
2019,заклади дошкільної освіти з широкосмуговим проводовим швидкісним (більше 30 Мбіт/с) доступом до мережі Інтернет,Харківська,
2019,заклади дошкільної освіти з широкосмуговим проводовим швидкісним (більше 30 Мбіт/с) доступом до мережі Інтернет,Херсонська,
2019,заклади дошкільної освіти з широкосмуговим проводовим швидкісним (більше 30 Мбіт/с) доступом до мережі Інтернет,Хмельницька,
2019,заклади дошкільної освіти з широкосмуговим проводовим швидкісним (більше 30 Мбіт/с) доступом до мережі Інтернет,Черкаська,
2019,заклади дошкільної освіти з широкосмуговим проводовим швидкісним (більше 30 Мбіт/с) доступом до мережі Інтернет,Чернівецька,
2019,заклади дошкільної освіти з широкосмуговим проводовим швидкісним (більше 30 Мбіт/с) доступом до мережі Інтернет,Чернігівська,
2019,заклади дошкільної освіти з широкосмуговим проводовим швидкісним (більше 30 Мбіт/с) доступом до мережі Інтернет,м. Київ,
2019,заклади дошкільної освіти з широкосмуговим проводовим швидкісним (більше 30 Мбіт/с) доступом до мережі Інтернет,м. Севастополь,
2020,заклади дошкільної освіти з широкосмуговим проводовим швидкісним (більше 30 Мбіт/с) доступом до мережі Інтернет,Україна,
2020,заклади дошкільної освіти з широкосмуговим проводовим швидкісним (більше 30 Мбіт/с) доступом до мережі Інтернет,Автономна Республіка Крим,
2020,заклади дошкільної освіти з широкосмуговим проводовим швидкісним (більше 30 Мбіт/с) доступом до мережі Інтернет,Вінницька,
2020,заклади дошкільної освіти з широкосмуговим проводовим швидкісним (більше 30 Мбіт/с) доступом до мережі Інтернет,Волинська,
2020,заклади дошкільної освіти з широкосмуговим проводовим швидкісним (більше 30 Мбіт/с) доступом до мережі Інтернет,Дніпропетровська,
2020,заклади дошкільної освіти з широкосмуговим проводовим швидкісним (більше 30 Мбіт/с) доступом до мережі Інтернет,Донецька,
2020,заклади дошкільної освіти з широкосмуговим проводовим швидкісним (більше 30 Мбіт/с) доступом до мережі Інтернет,Житомирська,
2020,заклади дошкільної освіти з широкосмуговим проводовим швидкісним (більше 30 Мбіт/с) доступом до мережі Інтернет,Закарпатська,
2020,заклади дошкільної освіти з широкосмуговим проводовим швидкісним (більше 30 Мбіт/с) доступом до мережі Інтернет,Запорізька,
2020,заклади дошкільної освіти з широкосмуговим проводовим швидкісним (більше 30 Мбіт/с) доступом до мережі Інтернет,Івано-Франківська,
2020,заклади дошкільної освіти з широкосмуговим проводовим швидкісним (більше 30 Мбіт/с) доступом до мережі Інтернет,Київська,
2020,заклади дошкільної освіти з широкосмуговим проводовим швидкісним (більше 30 Мбіт/с) доступом до мережі Інтернет,Кіровоградська,
2020,заклади дошкільної освіти з широкосмуговим проводовим швидкісним (більше 30 Мбіт/с) доступом до мережі Інтернет,Луганська,
2020,заклади дошкільної освіти з широкосмуговим проводовим швидкісним (більше 30 Мбіт/с) доступом до мережі Інтернет,Львівська,
2020,заклади дошкільної освіти з широкосмуговим проводовим швидкісним (більше 30 Мбіт/с) доступом до мережі Інтернет,Миколаївська,
2020,заклади дошкільної освіти з широкосмуговим проводовим швидкісним (більше 30 Мбіт/с) доступом до мережі Інтернет,Одеська,
2020,заклади дошкільної освіти з широкосмуговим проводовим швидкісним (більше 30 Мбіт/с) доступом до мережі Інтернет,Полтавська,
2020,заклади дошкільної освіти з широкосмуговим проводовим швидкісним (більше 30 Мбіт/с) доступом до мережі Інтернет,Рівненська,
2020,заклади дошкільної освіти з широкосмуговим проводовим швидкісним (більше 30 Мбіт/с) доступом до мережі Інтернет,Сумська,
2020,заклади дошкільної освіти з широкосмуговим проводовим швидкісним (більше 30 Мбіт/с) доступом до мережі Інтернет,Тернопільська,
2020,заклади дошкільної освіти з широкосмуговим проводовим швидкісним (більше 30 Мбіт/с) доступом до мережі Інтернет,Харківська,
2020,заклади дошкільної освіти з широкосмуговим проводовим швидкісним (більше 30 Мбіт/с) доступом до мережі Інтернет,Херсонська,
2020,заклади дошкільної освіти з широкосмуговим проводовим швидкісним (більше 30 Мбіт/с) доступом до мережі Інтернет,Хмельницька,
2020,заклади дошкільної освіти з широкосмуговим проводовим швидкісним (більше 30 Мбіт/с) доступом до мережі Інтернет,Черкаська,
2020,заклади дошкільної освіти з широкосмуговим проводовим швидкісним (більше 30 Мбіт/с) доступом до мережі Інтернет,Чернівецька,
2020,заклади дошкільної освіти з широкосмуговим проводовим швидкісним (більше 30 Мбіт/с) доступом до мережі Інтернет,Чернігівська,
2020,заклади дошкільної освіти з широкосмуговим проводовим швидкісним (більше 30 Мбіт/с) доступом до мережі Інтернет,м. Київ,
2020,заклади дошкільної освіти з широкосмуговим проводовим швидкісним (більше 30 Мбіт/с) доступом до мережі Інтернет,м. Севастополь,
2021,заклади дошкільної освіти з широкосмуговим проводовим швидкісним (більше 30 Мбіт/с) доступом до мережі Інтернет,Україна,
2021,заклади дошкільної освіти з широкосмуговим проводовим швидкісним (більше 30 Мбіт/с) доступом до мережі Інтернет,Автономна Республіка Крим,
2021,заклади дошкільної освіти з широкосмуговим проводовим швидкісним (більше 30 Мбіт/с) доступом до мережі Інтернет,Вінницька,
2021,заклади дошкільної освіти з широкосмуговим проводовим швидкісним (більше 30 Мбіт/с) доступом до мережі Інтернет,Волинська,
2021,заклади дошкільної освіти з широкосмуговим проводовим швидкісним (більше 30 Мбіт/с) доступом до мережі Інтернет,Дніпропетровська,
2021,заклади дошкільної освіти з широкосмуговим проводовим швидкісним (більше 30 Мбіт/с) доступом до мережі Інтернет,Донецька,
2021,заклади дошкільної освіти з широкосмуговим проводовим швидкісним (більше 30 Мбіт/с) доступом до мережі Інтернет,Житомирська,
2021,заклади дошкільної освіти з широкосмуговим проводовим швидкісним (більше 30 Мбіт/с) доступом до мережі Інтернет,Закарпатська,
2021,заклади дошкільної освіти з широкосмуговим проводовим швидкісним (більше 30 Мбіт/с) доступом до мережі Інтернет,Запорізька,
2021,заклади дошкільної освіти з широкосмуговим проводовим швидкісним (більше 30 Мбіт/с) доступом до мережі Інтернет,Івано-Франківська,
2021,заклади дошкільної освіти з широкосмуговим проводовим швидкісним (більше 30 Мбіт/с) доступом до мережі Інтернет,Київська,
2021,заклади дошкільної освіти з широкосмуговим проводовим швидкісним (більше 30 Мбіт/с) доступом до мережі Інтернет,Кіровоградська,
2021,заклади дошкільної освіти з широкосмуговим проводовим швидкісним (більше 30 Мбіт/с) доступом до мережі Інтернет,Луганська,
2021,заклади дошкільної освіти з широкосмуговим проводовим швидкісним (більше 30 Мбіт/с) доступом до мережі Інтернет,Львівська,
2021,заклади дошкільної освіти з широкосмуговим проводовим швидкісним (більше 30 Мбіт/с) доступом до мережі Інтернет,Миколаївська,
2021,заклади дошкільної освіти з широкосмуговим проводовим швидкісним (більше 30 Мбіт/с) доступом до мережі Інтернет,Одеська,
2021,заклади дошкільної освіти з широкосмуговим проводовим швидкісним (більше 30 Мбіт/с) доступом до мережі Інтернет,Полтавська,
2021,заклади дошкільної освіти з широкосмуговим проводовим швидкісним (більше 30 Мбіт/с) доступом до мережі Інтернет,Рівненська,
2021,заклади дошкільної освіти з широкосмуговим проводовим швидкісним (більше 30 Мбіт/с) доступом до мережі Інтернет,Сумська,
2021,заклади дошкільної освіти з широкосмуговим проводовим швидкісним (більше 30 Мбіт/с) доступом до мережі Інтернет,Тернопільська,
2021,заклади дошкільної освіти з широкосмуговим проводовим швидкісним (більше 30 Мбіт/с) доступом до мережі Інтернет,Харківська,
2021,заклади дошкільної освіти з широкосмуговим проводовим швидкісним (більше 30 Мбіт/с) доступом до мережі Інтернет,Херсонська,
2021,заклади дошкільної освіти з широкосмуговим проводовим швидкісним (більше 30 Мбіт/с) доступом до мережі Інтернет,Хмельницька,
2021,заклади дошкільної освіти з широкосмуговим проводовим швидкісним (більше 30 Мбіт/с) доступом до мережі Інтернет,Черкаська,
2021,заклади дошкільної освіти з широкосмуговим проводовим швидкісним (більше 30 Мбіт/с) доступом до мережі Інтернет,Чернівецька,
2021,заклади дошкільної освіти з широкосмуговим проводовим швидкісним (більше 30 Мбіт/с) доступом до мережі Інтернет,Чернігівська,
2021,заклади дошкільної освіти з широкосмуговим проводовим швидкісним (більше 30 Мбіт/с) доступом до мережі Інтернет,м. Київ,
2021,заклади дошкільної освіти з широкосмуговим проводовим швидкісним (більше 30 Мбіт/с) доступом до мережі Інтернет,м. Севастополь,
2022,заклади дошкільної освіти з широкосмуговим проводовим швидкісним (більше 30 Мбіт/с) доступом до мережі Інтернет,Україна,58.66
2022,заклади дошкільної освіти з широкосмуговим проводовим швидкісним (більше 30 Мбіт/с) доступом до мережі Інтернет,Автономна Республіка Крим,
2022,заклади дошкільної освіти з широкосмуговим проводовим швидкісним (більше 30 Мбіт/с) доступом до мережі Інтернет,Вінницька,51.54
2022,заклади дошкільної освіти з широкосмуговим проводовим швидкісним (більше 30 Мбіт/с) доступом до мережі Інтернет,Волинська,50.52
2022,заклади дошкільної освіти з широкосмуговим проводовим швидкісним (більше 30 Мбіт/с) доступом до мережі Інтернет,Дніпропетровська,54.72
2022,заклади дошкільної освіти з широкосмуговим проводовим швидкісним (більше 30 Мбіт/с) доступом до мережі Інтернет,Донецька,51.25
2022,заклади дошкільної освіти з широкосмуговим проводовим швидкісним (більше 30 Мбіт/с) доступом до мережі Інтернет,Житомирська,65.18
2022,заклади дошкільної освіти з широкосмуговим проводовим швидкісним (більше 30 Мбіт/с) доступом до мережі Інтернет,Закарпатська,52.08
2022,заклади дошкільної освіти з широкосмуговим проводовим швидкісним (більше 30 Мбіт/с) доступом до мережі Інтернет,Запорізька,45.43
2022,заклади дошкільної освіти з широкосмуговим проводовим швидкісним (більше 30 Мбіт/с) доступом до мережі Інтернет,Івано-Франківська,55.36
2022,заклади дошкільної освіти з широкосмуговим проводовим швидкісним (більше 30 Мбіт/с) доступом до мережі Інтернет,Київська,66.96
2022,заклади дошкільної освіти з широкосмуговим проводовим швидкісним (більше 30 Мбіт/с) доступом до мережі Інтернет,Кіровоградська,43.64
2022,заклади дошкільної освіти з широкосмуговим проводовим швидкісним (більше 30 Мбіт/с) доступом до мережі Інтернет,Луганська,0.0
2022,заклади дошкільної освіти з широкосмуговим проводовим швидкісним (більше 30 Мбіт/с) доступом до мережі Інтернет,Львівська,55.11
2022,заклади дошкільної освіти з широкосмуговим проводовим швидкісним (більше 30 Мбіт/с) доступом до мережі Інтернет,Миколаївська,51.18
2022,заклади дошкільної освіти з широкосмуговим проводовим швидкісним (більше 30 Мбіт/с) доступом до мережі Інтернет,Одеська,71.9
2022,заклади дошкільної освіти з широкосмуговим проводовим швидкісним (більше 30 Мбіт/с) доступом до мережі Інтернет,Полтавська,56.09
2022,заклади дошкільної освіти з широкосмуговим проводовим швидкісним (більше 30 Мбіт/с) доступом до мережі Інтернет,Рівненська,49.03
2022,заклади дошкільної освіти з широкосмуговим проводовим швидкісним (більше 30 Мбіт/с) доступом до мережі Інтернет,Сумська,73.28
2022,заклади дошкільної освіти з широкосмуговим проводовим швидкісним (більше 30 Мбіт/с) доступом до мережі Інтернет,Тернопільська,50.75
2022,заклади дошкільної освіти з широкосмуговим проводовим швидкісним (більше 30 Мбіт/с) доступом до мережі Інтернет,Харківська,62.64
2022,заклади дошкільної освіти з широкосмуговим проводовим швидкісним (більше 30 Мбіт/с) доступом до мережі Інтернет,Херсонська,27.32
2022,заклади дошкільної освіти з широкосмуговим проводовим швидкісним (більше 30 Мбіт/с) доступом до мережі Інтернет,Хмельницька,61.88
2022,заклади дошкільної освіти з широкосмуговим проводовим швидкісним (більше 30 Мбіт/с) доступом до мережі Інтернет,Черкаська,64.58
2022,заклади дошкільної освіти з широкосмуговим проводовим швидкісним (більше 30 Мбіт/с) доступом до мережі Інтернет,Чернівецька,87.95
2022,заклади дошкільної освіти з широкосмуговим проводовим швидкісним (більше 30 Мбіт/с) доступом до мережі Інтернет,Чернігівська,43.53
2022,заклади дошкільної освіти з широкосмуговим проводовим швидкісним (більше 30 Мбіт/с) доступом до мережі Інтернет,м. Київ,80.91
2022,заклади дошкільної освіти з широкосмуговим проводовим швидкісним (більше 30 Мбіт/с) доступом до мережі Інтернет,м. Севастополь,
2023,заклади дошкільної освіти з широкосмуговим проводовим швидкісним (більше 30 Мбіт/с) доступом до мережі Інтернет,Україна,62.15
2023,заклади дошкільної освіти з широкосмуговим проводовим швидкісним (більше 30 Мбіт/с) доступом до мережі Інтернет,Автономна Республіка Крим,
2023,заклади дошкільної освіти з широкосмуговим проводовим швидкісним (більше 30 Мбіт/с) доступом до мережі Інтернет,Вінницька,58.78
2023,заклади дошкільної освіти з широкосмуговим проводовим швидкісним (більше 30 Мбіт/с) доступом до мережі Інтернет,Волинська,54.05
2023,заклади дошкільної освіти з широкосмуговим проводовим швидкісним (більше 30 Мбіт/с) доступом до мережі Інтернет,Дніпропетровська,54.86
2023,заклади дошкільної освіти з широкосмуговим проводовим швидкісним (більше 30 Мбіт/с) доступом до мережі Інтернет,Донецька,48.81
2023,заклади дошкільної освіти з широкосмуговим проводовим швидкісним (більше 30 Мбіт/с) доступом до мережі Інтернет,Житомирська,66.83
2023,заклади дошкільної освіти з широкосмуговим проводовим швидкісним (більше 30 Мбіт/с) доступом до мережі Інтернет,Закарпатська,56.09
2023,заклади дошкільної освіти з широкосмуговим проводовим швидкісним (більше 30 Мбіт/с) доступом до мережі Інтернет,Запорізька,50.47
2023,заклади дошкільної освіти з широкосмуговим проводовим швидкісним (більше 30 Мбіт/с) доступом до мережі Інтернет,Івано-Франківська,58.11
2023,заклади дошкільної освіти з широкосмуговим проводовим швидкісним (більше 30 Мбіт/с) доступом до мережі Інтернет,Київська,71.71
2023,заклади дошкільної освіти з широкосмуговим проводовим швидкісним (більше 30 Мбіт/с) доступом до мережі Інтернет,Кіровоградська,50.35
2023,заклади дошкільної освіти з широкосмуговим проводовим швидкісним (більше 30 Мбіт/с) доступом до мережі Інтернет,Луганська,0.0
2023,заклади дошкільної освіти з широкосмуговим проводовим швидкісним (більше 30 Мбіт/с) доступом до мережі Інтернет,Львівська,57.8
2023,заклади дошкільної освіти з широкосмуговим проводовим швидкісним (більше 30 Мбіт/с) доступом до мережі Інтернет,Миколаївська,57.02
2023,заклади дошкільної освіти з широкосмуговим проводовим швидкісним (більше 30 Мбіт/с) доступом до мережі Інтернет,Одеська,76.56
2023,заклади дошкільної освіти з широкосмуговим проводовим швидкісним (більше 30 Мбіт/с) доступом до мережі Інтернет,Полтавська,61.47
2023,заклади дошкільної освіти з широкосмуговим проводовим швидкісним (більше 30 Мбіт/с) доступом до мережі Інтернет,Рівненська,55.11
2023,заклади дошкільної освіти з широкосмуговим проводовим швидкісним (більше 30 Мбіт/с) доступом до мережі Інтернет,Сумська,76.35
2023,заклади дошкільної освіти з широкосмуговим проводовим швидкісним (більше 30 Мбіт/с) доступом до мережі Інтернет,Тернопільська,58.14
2023,заклади дошкільної освіти з широкосмуговим проводовим швидкісним (більше 30 Мбіт/с) доступом до мережі Інтернет,Харківська,63.89
2023,заклади дошкільної освіти з широкосмуговим проводовим швидкісним (більше 30 Мбіт/с) доступом до мережі Інтернет,Херсонська,19.83
2023,заклади дошкільної освіти з широкосмуговим проводовим швидкісним (більше 30 Мбіт/с) доступом до мережі Інтернет,Хмельницька,65.13
2023,заклади дошкільної освіти з широкосмуговим проводовим швидкісним (більше 30 Мбіт/с) доступом до мережі Інтернет,Черкаська,71.48
2023,заклади дошкільної освіти з широкосмуговим проводовим швидкісним (більше 30 Мбіт/с) доступом до мережі Інтернет,Чернівецька,86.7
2023,заклади дошкільної освіти з широкосмуговим проводовим швидкісним (більше 30 Мбіт/с) доступом до мережі Інтернет,Чернігівська,45.95
2023,заклади дошкільної освіти з широкосмуговим проводовим швидкісним (більше 30 Мбіт/с) доступом до мережі Інтернет,м. Київ,78.73
2023,заклади дошкільної освіти з широкосмуговим проводовим швидкісним (більше 30 Мбіт/с) доступом до мережі Інтернет,м. Севастополь,
2024,заклади дошкільної освіти з широкосмуговим проводовим швидкісним (більше 30 Мбіт/с) доступом до мережі Інтернет,Україна,65.1
2024,заклади дошкільної освіти з широкосмуговим проводовим швидкісним (більше 30 Мбіт/с) доступом до мережі Інтернет,Автономна Республіка Крим,
2024,заклади дошкільної освіти з широкосмуговим проводовим швидкісним (більше 30 Мбіт/с) доступом до мережі Інтернет,Вінницька,60.52
2024,заклади дошкільної освіти з широкосмуговим проводовим швидкісним (більше 30 Мбіт/с) доступом до мережі Інтернет,Волинська,56.5
2024,заклади дошкільної освіти з широкосмуговим проводовим швидкісним (більше 30 Мбіт/с) доступом до мережі Інтернет,Дніпропетровська,54.4
2024,заклади дошкільної освіти з широкосмуговим проводовим швидкісним (більше 30 Мбіт/с) доступом до мережі Інтернет,Донецька,50.21
2024,заклади дошкільної освіти з широкосмуговим проводовим швидкісним (більше 30 Мбіт/с) доступом до мережі Інтернет,Житомирська,68.36
2024,заклади дошкільної освіти з широкосмуговим проводовим швидкісним (більше 30 Мбіт/с) доступом до мережі Інтернет,Закарпатська,57.43
2024,заклади дошкільної освіти з широкосмуговим проводовим швидкісним (більше 30 Мбіт/с) доступом до мережі Інтернет,Запорізька,77.08
2024,заклади дошкільної освіти з широкосмуговим проводовим швидкісним (більше 30 Мбіт/с) доступом до мережі Інтернет,Івано-Франківська,59.55
2024,заклади дошкільної освіти з широкосмуговим проводовим швидкісним (більше 30 Мбіт/с) доступом до мережі Інтернет,Київська,74.26
2024,заклади дошкільної освіти з широкосмуговим проводовим швидкісним (більше 30 Мбіт/с) доступом до мережі Інтернет,Кіровоградська,57.28
2024,заклади дошкільної освіти з широкосмуговим проводовим швидкісним (більше 30 Мбіт/с) доступом до мережі Інтернет,Луганська,14.29
2024,заклади дошкільної освіти з широкосмуговим проводовим швидкісним (більше 30 Мбіт/с) доступом до мережі Інтернет,Львівська,61.52
2024,заклади дошкільної освіти з широкосмуговим проводовим швидкісним (більше 30 Мбіт/с) доступом до мережі Інтернет,Миколаївська,58.5
2024,заклади дошкільної освіти з широкосмуговим проводовим швидкісним (більше 30 Мбіт/с) доступом до мережі Інтернет,Одеська,77.29
2024,заклади дошкільної освіти з широкосмуговим проводовим швидкісним (більше 30 Мбіт/с) доступом до мережі Інтернет,Полтавська,62.32
2024,заклади дошкільної освіти з широкосмуговим проводовим швидкісним (більше 30 Мбіт/с) доступом до мережі Інтернет,Рівненська,57.09
2024,заклади дошкільної освіти з широкосмуговим проводовим швидкісним (більше 30 Мбіт/с) доступом до мережі Інтернет,Сумська,74.43
2024,заклади дошкільної освіти з широкосмуговим проводовим швидкісним (більше 30 Мбіт/с) доступом до мережі Інтернет,Тернопільська,64.52
2024,заклади дошкільної освіти з широкосмуговим проводовим швидкісним (більше 30 Мбіт/с) доступом до мережі Інтернет,Харківська,63.53
2024,заклади дошкільної освіти з широкосмуговим проводовим швидкісним (більше 30 Мбіт/с) доступом до мережі Інтернет,Херсонська,14.68
2024,заклади дошкільної освіти з широкосмуговим проводовим швидкісним (більше 30 Мбіт/с) доступом до мережі Інтернет,Хмельницька,67.72
2024,заклади дошкільної освіти з широкосмуговим проводовим швидкісним (більше 30 Мбіт/с) доступом до мережі Інтернет,Черкаська,75.66
2024,заклади дошкільної освіти з широкосмуговим проводовим швидкісним (більше 30 Мбіт/с) доступом до мережі Інтернет,Чернівецька,88.24
2024,заклади дошкільної освіти з широкосмуговим проводовим швидкісним (більше 30 Мбіт/с) доступом до мережі Інтернет,Чернігівська,50.27
2024,заклади дошкільної освіти з широкосмуговим проводовим швидкісним (більше 30 Мбіт/с) доступом до мережі Інтернет,м. Київ,81.16
2024,заклади дошкільної освіти з широкосмуговим проводовим швидкісним (більше 30 Мбіт/с) доступом до мережі Інтернет,м. Севастополь,
2025,заклади дошкільної освіти з широкосмуговим проводовим швидкісним (більше 30 Мбіт/с) доступом до мережі Інтернет,Україна,67.48
2025,заклади дошкільної освіти з широкосмуговим проводовим швидкісним (більше 30 Мбіт/с) доступом до мережі Інтернет,Автономна Республіка Крим,
2025,заклади дошкільної освіти з широкосмуговим проводовим швидкісним (більше 30 Мбіт/с) доступом до мережі Інтернет,Вінницька,61.39
2025,заклади дошкільної освіти з широкосмуговим проводовим швидкісним (більше 30 Мбіт/с) доступом до мережі Інтернет,Волинська,62.05
2025,заклади дошкільної освіти з широкосмуговим проводовим швидкісним (більше 30 Мбіт/с) доступом до мережі Інтернет,Дніпропетровська,64.31
2025,заклади дошкільної освіти з широкосмуговим проводовим швидкісним (більше 30 Мбіт/с) доступом до мережі Інтернет,Донецька,0.2
2025,заклади дошкільної освіти з широкосмуговим проводовим швидкісним (більше 30 Мбіт/с) доступом до мережі Інтернет,Житомирська,68.36
2025,заклади дошкільної освіти з широкосмуговим проводовим швидкісним (більше 30 Мбіт/с) доступом до мережі Інтернет,Закарпатська,63.49
2025,заклади дошкільної освіти з широкосмуговим проводовим швидкісним (більше 30 Мбіт/с) доступом до мережі Інтернет,Запорізька,75.39
2025,заклади дошкільної освіти з широкосмуговим проводовим швидкісним (більше 30 Мбіт/с) доступом до мережі Інтернет,Івано-Франківська,59.46
2025,заклади дошкільної освіти з широкосмуговим проводовим швидкісним (більше 30 Мбіт/с) доступом до мережі Інтернет,Київська,75.36
2025,заклади дошкільної освіти з широкосмуговим проводовим швидкісним (більше 30 Мбіт/с) доступом до мережі Інтернет,Кіровоградська,61.41
2025,заклади дошкільної освіти з широкосмуговим проводовим швидкісним (більше 30 Мбіт/с) доступом до мережі Інтернет,Луганська,35.71
2025,заклади дошкільної освіти з широкосмуговим проводовим швидкісним (більше 30 Мбіт/с) доступом до мережі Інтернет,Львівська,65.63
2025,заклади дошкільної освіти з широкосмуговим проводовим швидкісним (більше 30 Мбіт/с) доступом до мережі Інтернет,Миколаївська,62.0
2025,заклади дошкільної освіти з широкосмуговим проводовим швидкісним (більше 30 Мбіт/с) доступом до мережі Інтернет,Одеська,77.72
2025,заклади дошкільної освіти з широкосмуговим проводовим швидкісним (більше 30 Мбіт/с) доступом до мережі Інтернет,Полтавська,65.28
2025,заклади дошкільної освіти з широкосмуговим проводовим швидкісним (більше 30 Мбіт/с) доступом до мережі Інтернет,Рівненська,67.87
2025,заклади дошкільної освіти з широкосмуговим проводовим швидкісним (більше 30 Мбіт/с) доступом до мережі Інтернет,Сумська,80.72
2025,заклади дошкільної освіти з широкосмуговим проводовим швидкісним (більше 30 Мбіт/с) доступом до мережі Інтернет,Тернопільська,65.04
2025,заклади дошкільної освіти з широкосмуговим проводовим швидкісним (більше 30 Мбіт/с) доступом до мережі Інтернет,Харківська,71.9
2025,заклади дошкільної освіти з широкосмуговим проводовим швидкісним (більше 30 Мбіт/с) доступом до мережі Інтернет,Херсонська,13.04
2025,заклади дошкільної освіти з широкосмуговим проводовим швидкісним (більше 30 Мбіт/с) доступом до мережі Інтернет,Хмельницька,74.61
2025,заклади дошкільної освіти з широкосмуговим проводовим швидкісним (більше 30 Мбіт/с) доступом до мережі Інтернет,Черкаська,76.53
2025,заклади дошкільної освіти з широкосмуговим проводовим швидкісним (більше 30 Мбіт/с) доступом до мережі Інтернет,Чернівецька,84.92
2025,заклади дошкільної освіти з широкосмуговим проводовим швидкісним (більше 30 Мбіт/с) доступом до мережі Інтернет,Чернігівська,54.26
2025,заклади дошкільної освіти з широкосмуговим проводовим швидкісним (більше 30 Мбіт/с) доступом до мережі Інтернет,м. Київ,83.84
2025,заклади дошкільної освіти з широкосмуговим проводовим швидкісним (більше 30 Мбіт/с) доступом до мережі Інтернет,м. Севастополь,
2015,заклади дошкільної освіти зі швидкісним (більше 30 Мбіт/с) безпроводовим доступом до мережі Інтернет,Україна,
2015,заклади дошкільної освіти зі швидкісним (більше 30 Мбіт/с) безпроводовим доступом до мережі Інтернет,Автономна Республіка Крим,
2015,заклади дошкільної освіти зі швидкісним (більше 30 Мбіт/с) безпроводовим доступом до мережі Інтернет,Вінницька,
2015,заклади дошкільної освіти зі швидкісним (більше 30 Мбіт/с) безпроводовим доступом до мережі Інтернет,Волинська,
2015,заклади дошкільної освіти зі швидкісним (більше 30 Мбіт/с) безпроводовим доступом до мережі Інтернет,Дніпропетровська,
2015,заклади дошкільної освіти зі швидкісним (більше 30 Мбіт/с) безпроводовим доступом до мережі Інтернет,Донецька,
2015,заклади дошкільної освіти зі швидкісним (більше 30 Мбіт/с) безпроводовим доступом до мережі Інтернет,Житомирська,
2015,заклади дошкільної освіти зі швидкісним (більше 30 Мбіт/с) безпроводовим доступом до мережі Інтернет,Закарпатська,
2015,заклади дошкільної освіти зі швидкісним (більше 30 Мбіт/с) безпроводовим доступом до мережі Інтернет,Запорізька,
2015,заклади дошкільної освіти зі швидкісним (більше 30 Мбіт/с) безпроводовим доступом до мережі Інтернет,Івано-Франківська,
2015,заклади дошкільної освіти зі швидкісним (більше 30 Мбіт/с) безпроводовим доступом до мережі Інтернет,Київська,
2015,заклади дошкільної освіти зі швидкісним (більше 30 Мбіт/с) безпроводовим доступом до мережі Інтернет,Кіровоградська,
2015,заклади дошкільної освіти зі швидкісним (більше 30 Мбіт/с) безпроводовим доступом до мережі Інтернет,Луганська,
2015,заклади дошкільної освіти зі швидкісним (більше 30 Мбіт/с) безпроводовим доступом до мережі Інтернет,Львівська,
2015,заклади дошкільної освіти зі швидкісним (більше 30 Мбіт/с) безпроводовим доступом до мережі Інтернет,Миколаївська,
2015,заклади дошкільної освіти зі швидкісним (більше 30 Мбіт/с) безпроводовим доступом до мережі Інтернет,Одеська,
2015,заклади дошкільної освіти зі швидкісним (більше 30 Мбіт/с) безпроводовим доступом до мережі Інтернет,Полтавська,
2015,заклади дошкільної освіти зі швидкісним (більше 30 Мбіт/с) безпроводовим доступом до мережі Інтернет,Рівненська,
2015,заклади дошкільної освіти зі швидкісним (більше 30 Мбіт/с) безпроводовим доступом до мережі Інтернет,Сумська,
2015,заклади дошкільної освіти зі швидкісним (більше 30 Мбіт/с) безпроводовим доступом до мережі Інтернет,Тернопільська,
2015,заклади дошкільної освіти зі швидкісним (більше 30 Мбіт/с) безпроводовим доступом до мережі Інтернет,Харківська,
2015,заклади дошкільної освіти зі швидкісним (більше 30 Мбіт/с) безпроводовим доступом до мережі Інтернет,Херсонська,
2015,заклади дошкільної освіти зі швидкісним (більше 30 Мбіт/с) безпроводовим доступом до мережі Інтернет,Хмельницька,
2015,заклади дошкільної освіти зі швидкісним (більше 30 Мбіт/с) безпроводовим доступом до мережі Інтернет,Черкаська,
2015,заклади дошкільної освіти зі швидкісним (більше 30 Мбіт/с) безпроводовим доступом до мережі Інтернет,Чернівецька,
2015,заклади дошкільної освіти зі швидкісним (більше 30 Мбіт/с) безпроводовим доступом до мережі Інтернет,Чернігівська,
2015,заклади дошкільної освіти зі швидкісним (більше 30 Мбіт/с) безпроводовим доступом до мережі Інтернет,м. Київ,
2015,заклади дошкільної освіти зі швидкісним (більше 30 Мбіт/с) безпроводовим доступом до мережі Інтернет,м. Севастополь,
2016,заклади дошкільної освіти зі швидкісним (більше 30 Мбіт/с) безпроводовим доступом до мережі Інтернет,Україна,
2016,заклади дошкільної освіти зі швидкісним (більше 30 Мбіт/с) безпроводовим доступом до мережі Інтернет,Автономна Республіка Крим,
2016,заклади дошкільної освіти зі швидкісним (більше 30 Мбіт/с) безпроводовим доступом до мережі Інтернет,Вінницька,
2016,заклади дошкільної освіти зі швидкісним (більше 30 Мбіт/с) безпроводовим доступом до мережі Інтернет,Волинська,
2016,заклади дошкільної освіти зі швидкісним (більше 30 Мбіт/с) безпроводовим доступом до мережі Інтернет,Дніпропетровська,
2016,заклади дошкільної освіти зі швидкісним (більше 30 Мбіт/с) безпроводовим доступом до мережі Інтернет,Донецька,
2016,заклади дошкільної освіти зі швидкісним (більше 30 Мбіт/с) безпроводовим доступом до мережі Інтернет,Житомирська,
2016,заклади дошкільної освіти зі швидкісним (більше 30 Мбіт/с) безпроводовим доступом до мережі Інтернет,Закарпатська,
2016,заклади дошкільної освіти зі швидкісним (більше 30 Мбіт/с) безпроводовим доступом до мережі Інтернет,Запорізька,
2016,заклади дошкільної освіти зі швидкісним (більше 30 Мбіт/с) безпроводовим доступом до мережі Інтернет,Івано-Франківська,
2016,заклади дошкільної освіти зі швидкісним (більше 30 Мбіт/с) безпроводовим доступом до мережі Інтернет,Київська,
2016,заклади дошкільної освіти зі швидкісним (більше 30 Мбіт/с) безпроводовим доступом до мережі Інтернет,Кіровоградська,
2016,заклади дошкільної освіти зі швидкісним (більше 30 Мбіт/с) безпроводовим доступом до мережі Інтернет,Луганська,
2016,заклади дошкільної освіти зі швидкісним (більше 30 Мбіт/с) безпроводовим доступом до мережі Інтернет,Львівська,
2016,заклади дошкільної освіти зі швидкісним (більше 30 Мбіт/с) безпроводовим доступом до мережі Інтернет,Миколаївська,
2016,заклади дошкільної освіти зі швидкісним (більше 30 Мбіт/с) безпроводовим доступом до мережі Інтернет,Одеська,
2016,заклади дошкільної освіти зі швидкісним (більше 30 Мбіт/с) безпроводовим доступом до мережі Інтернет,Полтавська,
2016,заклади дошкільної освіти зі швидкісним (більше 30 Мбіт/с) безпроводовим доступом до мережі Інтернет,Рівненська,
2016,заклади дошкільної освіти зі швидкісним (більше 30 Мбіт/с) безпроводовим доступом до мережі Інтернет,Сумська,
2016,заклади дошкільної освіти зі швидкісним (більше 30 Мбіт/с) безпроводовим доступом до мережі Інтернет,Тернопільська,
2016,заклади дошкільної освіти зі швидкісним (більше 30 Мбіт/с) безпроводовим доступом до мережі Інтернет,Харківська,
2016,заклади дошкільної освіти зі швидкісним (більше 30 Мбіт/с) безпроводовим доступом до мережі Інтернет,Херсонська,
2016,заклади дошкільної освіти зі швидкісним (більше 30 Мбіт/с) безпроводовим доступом до мережі Інтернет,Хмельницька,
2016,заклади дошкільної освіти зі швидкісним (більше 30 Мбіт/с) безпроводовим доступом до мережі Інтернет,Черкаська,
2016,заклади дошкільної освіти зі швидкісним (більше 30 Мбіт/с) безпроводовим доступом до мережі Інтернет,Чернівецька,
2016,заклади дошкільної освіти зі швидкісним (більше 30 Мбіт/с) безпроводовим доступом до мережі Інтернет,Чернігівська,
2016,заклади дошкільної освіти зі швидкісним (більше 30 Мбіт/с) безпроводовим доступом до мережі Інтернет,м. Київ,
2016,заклади дошкільної освіти зі швидкісним (більше 30 Мбіт/с) безпроводовим доступом до мережі Інтернет,м. Севастополь,
2017,заклади дошкільної освіти зі швидкісним (більше 30 Мбіт/с) безпроводовим доступом до мережі Інтернет,Україна,
2017,заклади дошкільної освіти зі швидкісним (більше 30 Мбіт/с) безпроводовим доступом до мережі Інтернет,Автономна Республіка Крим,
2017,заклади дошкільної освіти зі швидкісним (більше 30 Мбіт/с) безпроводовим доступом до мережі Інтернет,Вінницька,
2017,заклади дошкільної освіти зі швидкісним (більше 30 Мбіт/с) безпроводовим доступом до мережі Інтернет,Волинська,
2017,заклади дошкільної освіти зі швидкісним (більше 30 Мбіт/с) безпроводовим доступом до мережі Інтернет,Дніпропетровська,
2017,заклади дошкільної освіти зі швидкісним (більше 30 Мбіт/с) безпроводовим доступом до мережі Інтернет,Донецька,
2017,заклади дошкільної освіти зі швидкісним (більше 30 Мбіт/с) безпроводовим доступом до мережі Інтернет,Житомирська,
2017,заклади дошкільної освіти зі швидкісним (більше 30 Мбіт/с) безпроводовим доступом до мережі Інтернет,Закарпатська,
2017,заклади дошкільної освіти зі швидкісним (більше 30 Мбіт/с) безпроводовим доступом до мережі Інтернет,Запорізька,
2017,заклади дошкільної освіти зі швидкісним (більше 30 Мбіт/с) безпроводовим доступом до мережі Інтернет,Івано-Франківська,
2017,заклади дошкільної освіти зі швидкісним (більше 30 Мбіт/с) безпроводовим доступом до мережі Інтернет,Київська,
2017,заклади дошкільної освіти зі швидкісним (більше 30 Мбіт/с) безпроводовим доступом до мережі Інтернет,Кіровоградська,
2017,заклади дошкільної освіти зі швидкісним (більше 30 Мбіт/с) безпроводовим доступом до мережі Інтернет,Луганська,
2017,заклади дошкільної освіти зі швидкісним (більше 30 Мбіт/с) безпроводовим доступом до мережі Інтернет,Львівська,
2017,заклади дошкільної освіти зі швидкісним (більше 30 Мбіт/с) безпроводовим доступом до мережі Інтернет,Миколаївська,
2017,заклади дошкільної освіти зі швидкісним (більше 30 Мбіт/с) безпроводовим доступом до мережі Інтернет,Одеська,
2017,заклади дошкільної освіти зі швидкісним (більше 30 Мбіт/с) безпроводовим доступом до мережі Інтернет,Полтавська,
2017,заклади дошкільної освіти зі швидкісним (більше 30 Мбіт/с) безпроводовим доступом до мережі Інтернет,Рівненська,
2017,заклади дошкільної освіти зі швидкісним (більше 30 Мбіт/с) безпроводовим доступом до мережі Інтернет,Сумська,
2017,заклади дошкільної освіти зі швидкісним (більше 30 Мбіт/с) безпроводовим доступом до мережі Інтернет,Тернопільська,
2017,заклади дошкільної освіти зі швидкісним (більше 30 Мбіт/с) безпроводовим доступом до мережі Інтернет,Харківська,
2017,заклади дошкільної освіти зі швидкісним (більше 30 Мбіт/с) безпроводовим доступом до мережі Інтернет,Херсонська,
2017,заклади дошкільної освіти зі швидкісним (більше 30 Мбіт/с) безпроводовим доступом до мережі Інтернет,Хмельницька,
2017,заклади дошкільної освіти зі швидкісним (більше 30 Мбіт/с) безпроводовим доступом до мережі Інтернет,Черкаська,
2017,заклади дошкільної освіти зі швидкісним (більше 30 Мбіт/с) безпроводовим доступом до мережі Інтернет,Чернівецька,
2017,заклади дошкільної освіти зі швидкісним (більше 30 Мбіт/с) безпроводовим доступом до мережі Інтернет,Чернігівська,
2017,заклади дошкільної освіти зі швидкісним (більше 30 Мбіт/с) безпроводовим доступом до мережі Інтернет,м. Київ,
2017,заклади дошкільної освіти зі швидкісним (більше 30 Мбіт/с) безпроводовим доступом до мережі Інтернет,м. Севастополь,
2018,заклади дошкільної освіти зі швидкісним (більше 30 Мбіт/с) безпроводовим доступом до мережі Інтернет,Україна,
2018,заклади дошкільної освіти зі швидкісним (більше 30 Мбіт/с) безпроводовим доступом до мережі Інтернет,Автономна Республіка Крим,
2018,заклади дошкільної освіти зі швидкісним (більше 30 Мбіт/с) безпроводовим доступом до мережі Інтернет,Вінницька,
2018,заклади дошкільної освіти зі швидкісним (більше 30 Мбіт/с) безпроводовим доступом до мережі Інтернет,Волинська,
2018,заклади дошкільної освіти зі швидкісним (більше 30 Мбіт/с) безпроводовим доступом до мережі Інтернет,Дніпропетровська,
2018,заклади дошкільної освіти зі швидкісним (більше 30 Мбіт/с) безпроводовим доступом до мережі Інтернет,Донецька,
2018,заклади дошкільної освіти зі швидкісним (більше 30 Мбіт/с) безпроводовим доступом до мережі Інтернет,Житомирська,
2018,заклади дошкільної освіти зі швидкісним (більше 30 Мбіт/с) безпроводовим доступом до мережі Інтернет,Закарпатська,
2018,заклади дошкільної освіти зі швидкісним (більше 30 Мбіт/с) безпроводовим доступом до мережі Інтернет,Запорізька,
2018,заклади дошкільної освіти зі швидкісним (більше 30 Мбіт/с) безпроводовим доступом до мережі Інтернет,Івано-Франківська,
2018,заклади дошкільної освіти зі швидкісним (більше 30 Мбіт/с) безпроводовим доступом до мережі Інтернет,Київська,
2018,заклади дошкільної освіти зі швидкісним (більше 30 Мбіт/с) безпроводовим доступом до мережі Інтернет,Кіровоградська,
2018,заклади дошкільної освіти зі швидкісним (більше 30 Мбіт/с) безпроводовим доступом до мережі Інтернет,Луганська,
2018,заклади дошкільної освіти зі швидкісним (більше 30 Мбіт/с) безпроводовим доступом до мережі Інтернет,Львівська,
2018,заклади дошкільної освіти зі швидкісним (більше 30 Мбіт/с) безпроводовим доступом до мережі Інтернет,Миколаївська,
2018,заклади дошкільної освіти зі швидкісним (більше 30 Мбіт/с) безпроводовим доступом до мережі Інтернет,Одеська,
2018,заклади дошкільної освіти зі швидкісним (більше 30 Мбіт/с) безпроводовим доступом до мережі Інтернет,Полтавська,
2018,заклади дошкільної освіти зі швидкісним (більше 30 Мбіт/с) безпроводовим доступом до мережі Інтернет,Рівненська,
2018,заклади дошкільної освіти зі швидкісним (більше 30 Мбіт/с) безпроводовим доступом до мережі Інтернет,Сумська,
2018,заклади дошкільної освіти зі швидкісним (більше 30 Мбіт/с) безпроводовим доступом до мережі Інтернет,Тернопільська,
2018,заклади дошкільної освіти зі швидкісним (більше 30 Мбіт/с) безпроводовим доступом до мережі Інтернет,Харківська,
2018,заклади дошкільної освіти зі швидкісним (більше 30 Мбіт/с) безпроводовим доступом до мережі Інтернет,Херсонська,
2018,заклади дошкільної освіти зі швидкісним (більше 30 Мбіт/с) безпроводовим доступом до мережі Інтернет,Хмельницька,
2018,заклади дошкільної освіти зі швидкісним (більше 30 Мбіт/с) безпроводовим доступом до мережі Інтернет,Черкаська,
2018,заклади дошкільної освіти зі швидкісним (більше 30 Мбіт/с) безпроводовим доступом до мережі Інтернет,Чернівецька,
2018,заклади дошкільної освіти зі швидкісним (більше 30 Мбіт/с) безпроводовим доступом до мережі Інтернет,Чернігівська,
2018,заклади дошкільної освіти зі швидкісним (більше 30 Мбіт/с) безпроводовим доступом до мережі Інтернет,м. Київ,
2018,заклади дошкільної освіти зі швидкісним (більше 30 Мбіт/с) безпроводовим доступом до мережі Інтернет,м. Севастополь,
2019,заклади дошкільної освіти зі швидкісним (більше 30 Мбіт/с) безпроводовим доступом до мережі Інтернет,Україна,
2019,заклади дошкільної освіти зі швидкісним (більше 30 Мбіт/с) безпроводовим доступом до мережі Інтернет,Автономна Республіка Крим,
2019,заклади дошкільної освіти зі швидкісним (більше 30 Мбіт/с) безпроводовим доступом до мережі Інтернет,Вінницька,
2019,заклади дошкільної освіти зі швидкісним (більше 30 Мбіт/с) безпроводовим доступом до мережі Інтернет,Волинська,
2019,заклади дошкільної освіти зі швидкісним (більше 30 Мбіт/с) безпроводовим доступом до мережі Інтернет,Дніпропетровська,
2019,заклади дошкільної освіти зі швидкісним (більше 30 Мбіт/с) безпроводовим доступом до мережі Інтернет,Донецька,
2019,заклади дошкільної освіти зі швидкісним (більше 30 Мбіт/с) безпроводовим доступом до мережі Інтернет,Житомирська,
2019,заклади дошкільної освіти зі швидкісним (більше 30 Мбіт/с) безпроводовим доступом до мережі Інтернет,Закарпатська,
2019,заклади дошкільної освіти зі швидкісним (більше 30 Мбіт/с) безпроводовим доступом до мережі Інтернет,Запорізька,
2019,заклади дошкільної освіти зі швидкісним (більше 30 Мбіт/с) безпроводовим доступом до мережі Інтернет,Івано-Франківська,
2019,заклади дошкільної освіти зі швидкісним (більше 30 Мбіт/с) безпроводовим доступом до мережі Інтернет,Київська,
2019,заклади дошкільної освіти зі швидкісним (більше 30 Мбіт/с) безпроводовим доступом до мережі Інтернет,Кіровоградська,
2019,заклади дошкільної освіти зі швидкісним (більше 30 Мбіт/с) безпроводовим доступом до мережі Інтернет,Луганська,
2019,заклади дошкільної освіти зі швидкісним (більше 30 Мбіт/с) безпроводовим доступом до мережі Інтернет,Львівська,
2019,заклади дошкільної освіти зі швидкісним (більше 30 Мбіт/с) безпроводовим доступом до мережі Інтернет,Миколаївська,
2019,заклади дошкільної освіти зі швидкісним (більше 30 Мбіт/с) безпроводовим доступом до мережі Інтернет,Одеська,
2019,заклади дошкільної освіти зі швидкісним (більше 30 Мбіт/с) безпроводовим доступом до мережі Інтернет,Полтавська,
2019,заклади дошкільної освіти зі швидкісним (більше 30 Мбіт/с) безпроводовим доступом до мережі Інтернет,Рівненська,
2019,заклади дошкільної освіти зі швидкісним (більше 30 Мбіт/с) безпроводовим доступом до мережі Інтернет,Сумська,
2019,заклади дошкільної освіти зі швидкісним (більше 30 Мбіт/с) безпроводовим доступом до мережі Інтернет,Тернопільська,
2019,заклади дошкільної освіти зі швидкісним (більше 30 Мбіт/с) безпроводовим доступом до мережі Інтернет,Харківська,
2019,заклади дошкільної освіти зі швидкісним (більше 30 Мбіт/с) безпроводовим доступом до мережі Інтернет,Херсонська,
2019,заклади дошкільної освіти зі швидкісним (більше 30 Мбіт/с) безпроводовим доступом до мережі Інтернет,Хмельницька,
2019,заклади дошкільної освіти зі швидкісним (більше 30 Мбіт/с) безпроводовим доступом до мережі Інтернет,Черкаська,
2019,заклади дошкільної освіти зі швидкісним (більше 30 Мбіт/с) безпроводовим доступом до мережі Інтернет,Чернівецька,
2019,заклади дошкільної освіти зі швидкісним (більше 30 Мбіт/с) безпроводовим доступом до мережі Інтернет,Чернігівська,
2019,заклади дошкільної освіти зі швидкісним (більше 30 Мбіт/с) безпроводовим доступом до мережі Інтернет,м. Київ,
2019,заклади дошкільної освіти зі швидкісним (більше 30 Мбіт/с) безпроводовим доступом до мережі Інтернет,м. Севастополь,
2020,заклади дошкільної освіти зі швидкісним (більше 30 Мбіт/с) безпроводовим доступом до мережі Інтернет,Україна,
2020,заклади дошкільної освіти зі швидкісним (більше 30 Мбіт/с) безпроводовим доступом до мережі Інтернет,Автономна Республіка Крим,
2020,заклади дошкільної освіти зі швидкісним (більше 30 Мбіт/с) безпроводовим доступом до мережі Інтернет,Вінницька,
2020,заклади дошкільної освіти зі швидкісним (більше 30 Мбіт/с) безпроводовим доступом до мережі Інтернет,Волинська,
2020,заклади дошкільної освіти зі швидкісним (більше 30 Мбіт/с) безпроводовим доступом до мережі Інтернет,Дніпропетровська,
2020,заклади дошкільної освіти зі швидкісним (більше 30 Мбіт/с) безпроводовим доступом до мережі Інтернет,Донецька,
2020,заклади дошкільної освіти зі швидкісним (більше 30 Мбіт/с) безпроводовим доступом до мережі Інтернет,Житомирська,
2020,заклади дошкільної освіти зі швидкісним (більше 30 Мбіт/с) безпроводовим доступом до мережі Інтернет,Закарпатська,
2020,заклади дошкільної освіти зі швидкісним (більше 30 Мбіт/с) безпроводовим доступом до мережі Інтернет,Запорізька,
2020,заклади дошкільної освіти зі швидкісним (більше 30 Мбіт/с) безпроводовим доступом до мережі Інтернет,Івано-Франківська,
2020,заклади дошкільної освіти зі швидкісним (більше 30 Мбіт/с) безпроводовим доступом до мережі Інтернет,Київська,
2020,заклади дошкільної освіти зі швидкісним (більше 30 Мбіт/с) безпроводовим доступом до мережі Інтернет,Кіровоградська,
2020,заклади дошкільної освіти зі швидкісним (більше 30 Мбіт/с) безпроводовим доступом до мережі Інтернет,Луганська,
2020,заклади дошкільної освіти зі швидкісним (більше 30 Мбіт/с) безпроводовим доступом до мережі Інтернет,Львівська,
2020,заклади дошкільної освіти зі швидкісним (більше 30 Мбіт/с) безпроводовим доступом до мережі Інтернет,Миколаївська,
2020,заклади дошкільної освіти зі швидкісним (більше 30 Мбіт/с) безпроводовим доступом до мережі Інтернет,Одеська,
2020,заклади дошкільної освіти зі швидкісним (більше 30 Мбіт/с) безпроводовим доступом до мережі Інтернет,Полтавська,
2020,заклади дошкільної освіти зі швидкісним (більше 30 Мбіт/с) безпроводовим доступом до мережі Інтернет,Рівненська,
2020,заклади дошкільної освіти зі швидкісним (більше 30 Мбіт/с) безпроводовим доступом до мережі Інтернет,Сумська,
2020,заклади дошкільної освіти зі швидкісним (більше 30 Мбіт/с) безпроводовим доступом до мережі Інтернет,Тернопільська,
2020,заклади дошкільної освіти зі швидкісним (більше 30 Мбіт/с) безпроводовим доступом до мережі Інтернет,Харківська,
2020,заклади дошкільної освіти зі швидкісним (більше 30 Мбіт/с) безпроводовим доступом до мережі Інтернет,Херсонська,
2020,заклади дошкільної освіти зі швидкісним (більше 30 Мбіт/с) безпроводовим доступом до мережі Інтернет,Хмельницька,
2020,заклади дошкільної освіти зі швидкісним (більше 30 Мбіт/с) безпроводовим доступом до мережі Інтернет,Черкаська,
2020,заклади дошкільної освіти зі швидкісним (більше 30 Мбіт/с) безпроводовим доступом до мережі Інтернет,Чернівецька,
2020,заклади дошкільної освіти зі швидкісним (більше 30 Мбіт/с) безпроводовим доступом до мережі Інтернет,Чернігівська,
2020,заклади дошкільної освіти зі швидкісним (більше 30 Мбіт/с) безпроводовим доступом до мережі Інтернет,м. Київ,
2020,заклади дошкільної освіти зі швидкісним (більше 30 Мбіт/с) безпроводовим доступом до мережі Інтернет,м. Севастополь,
2021,заклади дошкільної освіти зі швидкісним (більше 30 Мбіт/с) безпроводовим доступом до мережі Інтернет,Україна,
2021,заклади дошкільної освіти зі швидкісним (більше 30 Мбіт/с) безпроводовим доступом до мережі Інтернет,Автономна Республіка Крим,
2021,заклади дошкільної освіти зі швидкісним (більше 30 Мбіт/с) безпроводовим доступом до мережі Інтернет,Вінницька,
2021,заклади дошкільної освіти зі швидкісним (більше 30 Мбіт/с) безпроводовим доступом до мережі Інтернет,Волинська,
2021,заклади дошкільної освіти зі швидкісним (більше 30 Мбіт/с) безпроводовим доступом до мережі Інтернет,Дніпропетровська,
2021,заклади дошкільної освіти зі швидкісним (більше 30 Мбіт/с) безпроводовим доступом до мережі Інтернет,Донецька,
2021,заклади дошкільної освіти зі швидкісним (більше 30 Мбіт/с) безпроводовим доступом до мережі Інтернет,Житомирська,
2021,заклади дошкільної освіти зі швидкісним (більше 30 Мбіт/с) безпроводовим доступом до мережі Інтернет,Закарпатська,
2021,заклади дошкільної освіти зі швидкісним (більше 30 Мбіт/с) безпроводовим доступом до мережі Інтернет,Запорізька,
2021,заклади дошкільної освіти зі швидкісним (більше 30 Мбіт/с) безпроводовим доступом до мережі Інтернет,Івано-Франківська,
2021,заклади дошкільної освіти зі швидкісним (більше 30 Мбіт/с) безпроводовим доступом до мережі Інтернет,Київська,
2021,заклади дошкільної освіти зі швидкісним (більше 30 Мбіт/с) безпроводовим доступом до мережі Інтернет,Кіровоградська,
2021,заклади дошкільної освіти зі швидкісним (більше 30 Мбіт/с) безпроводовим доступом до мережі Інтернет,Луганська,
2021,заклади дошкільної освіти зі швидкісним (більше 30 Мбіт/с) безпроводовим доступом до мережі Інтернет,Львівська,
2021,заклади дошкільної освіти зі швидкісним (більше 30 Мбіт/с) безпроводовим доступом до мережі Інтернет,Миколаївська,
2021,заклади дошкільної освіти зі швидкісним (більше 30 Мбіт/с) безпроводовим доступом до мережі Інтернет,Одеська,
2021,заклади дошкільної освіти зі швидкісним (більше 30 Мбіт/с) безпроводовим доступом до мережі Інтернет,Полтавська,
2021,заклади дошкільної освіти зі швидкісним (більше 30 Мбіт/с) безпроводовим доступом до мережі Інтернет,Рівненська,
2021,заклади дошкільної освіти зі швидкісним (більше 30 Мбіт/с) безпроводовим доступом до мережі Інтернет,Сумська,
2021,заклади дошкільної освіти зі швидкісним (більше 30 Мбіт/с) безпроводовим доступом до мережі Інтернет,Тернопільська,
2021,заклади дошкільної освіти зі швидкісним (більше 30 Мбіт/с) безпроводовим доступом до мережі Інтернет,Харківська,
2021,заклади дошкільної освіти зі швидкісним (більше 30 Мбіт/с) безпроводовим доступом до мережі Інтернет,Херсонська,
2021,заклади дошкільної освіти зі швидкісним (більше 30 Мбіт/с) безпроводовим доступом до мережі Інтернет,Хмельницька,
2021,заклади дошкільної освіти зі швидкісним (більше 30 Мбіт/с) безпроводовим доступом до мережі Інтернет,Черкаська,
2021,заклади дошкільної освіти зі швидкісним (більше 30 Мбіт/с) безпроводовим доступом до мережі Інтернет,Чернівецька,
2021,заклади дошкільної освіти зі швидкісним (більше 30 Мбіт/с) безпроводовим доступом до мережі Інтернет,Чернігівська,
2021,заклади дошкільної освіти зі швидкісним (більше 30 Мбіт/с) безпроводовим доступом до мережі Інтернет,м. Київ,
2021,заклади дошкільної освіти зі швидкісним (більше 30 Мбіт/с) безпроводовим доступом до мережі Інтернет,м. Севастополь,
2022,заклади дошкільної освіти зі швидкісним (більше 30 Мбіт/с) безпроводовим доступом до мережі Інтернет,Україна,30.75
2022,заклади дошкільної освіти зі швидкісним (більше 30 Мбіт/с) безпроводовим доступом до мережі Інтернет,Автономна Республіка Крим,
2022,заклади дошкільної освіти зі швидкісним (більше 30 Мбіт/с) безпроводовим доступом до мережі Інтернет,Вінницька,30.34
2022,заклади дошкільної освіти зі швидкісним (більше 30 Мбіт/с) безпроводовим доступом до мережі Інтернет,Волинська,29.07
2022,заклади дошкільної освіти зі швидкісним (більше 30 Мбіт/с) безпроводовим доступом до мережі Інтернет,Дніпропетровська,33.26
2022,заклади дошкільної освіти зі швидкісним (більше 30 Мбіт/с) безпроводовим доступом до мережі Інтернет,Донецька,35.1
2022,заклади дошкільної освіти зі швидкісним (більше 30 Мбіт/с) безпроводовим доступом до мережі Інтернет,Житомирська,39.94
2022,заклади дошкільної освіти зі швидкісним (більше 30 Мбіт/с) безпроводовим доступом до мережі Інтернет,Закарпатська,42.26
2022,заклади дошкільної освіти зі швидкісним (більше 30 Мбіт/с) безпроводовим доступом до мережі Інтернет,Запорізька,17.2
2022,заклади дошкільної освіти зі швидкісним (більше 30 Мбіт/с) безпроводовим доступом до мережі Інтернет,Івано-Франківська,30.9
2022,заклади дошкільної освіти зі швидкісним (більше 30 Мбіт/с) безпроводовим доступом до мережі Інтернет,Київська,41.58
2022,заклади дошкільної освіти зі швидкісним (більше 30 Мбіт/с) безпроводовим доступом до мережі Інтернет,Кіровоградська,28.41
2022,заклади дошкільної освіти зі швидкісним (більше 30 Мбіт/с) безпроводовим доступом до мережі Інтернет,Луганська,0.0
2022,заклади дошкільної освіти зі швидкісним (більше 30 Мбіт/с) безпроводовим доступом до мережі Інтернет,Львівська,35.52
2022,заклади дошкільної освіти зі швидкісним (більше 30 Мбіт/с) безпроводовим доступом до мережі Інтернет,Миколаївська,17.25
2022,заклади дошкільної освіти зі швидкісним (більше 30 Мбіт/с) безпроводовим доступом до мережі Інтернет,Одеська,13.38
2022,заклади дошкільної освіти зі швидкісним (більше 30 Мбіт/с) безпроводовим доступом до мережі Інтернет,Полтавська,37.4
2022,заклади дошкільної освіти зі швидкісним (більше 30 Мбіт/с) безпроводовим доступом до мережі Інтернет,Рівненська,26.45
2022,заклади дошкільної освіти зі швидкісним (більше 30 Мбіт/с) безпроводовим доступом до мережі Інтернет,Сумська,12.5
2022,заклади дошкільної освіти зі швидкісним (більше 30 Мбіт/с) безпроводовим доступом до мережі Інтернет,Тернопільська,18.97
2022,заклади дошкільної освіти зі швидкісним (більше 30 Мбіт/с) безпроводовим доступом до мережі Інтернет,Харківська,27.2
2022,заклади дошкільної освіти зі швидкісним (більше 30 Мбіт/с) безпроводовим доступом до мережі Інтернет,Херсонська,18.54
2022,заклади дошкільної освіти зі швидкісним (більше 30 Мбіт/с) безпроводовим доступом до мережі Інтернет,Хмельницька,33.72
2022,заклади дошкільної освіти зі швидкісним (більше 30 Мбіт/с) безпроводовим доступом до мережі Інтернет,Черкаська,31.69
2022,заклади дошкільної освіти зі швидкісним (більше 30 Мбіт/с) безпроводовим доступом до мережі Інтернет,Чернівецька,7.69
2022,заклади дошкільної освіти зі швидкісним (більше 30 Мбіт/с) безпроводовим доступом до мережі Інтернет,Чернігівська,19.15
2022,заклади дошкільної освіти зі швидкісним (більше 30 Мбіт/с) безпроводовим доступом до мережі Інтернет,м. Київ,69.02
2022,заклади дошкільної освіти зі швидкісним (більше 30 Мбіт/с) безпроводовим доступом до мережі Інтернет,м. Севастополь,
2023,заклади дошкільної освіти зі швидкісним (більше 30 Мбіт/с) безпроводовим доступом до мережі Інтернет,Україна,36.09
2023,заклади дошкільної освіти зі швидкісним (більше 30 Мбіт/с) безпроводовим доступом до мережі Інтернет,Автономна Республіка Крим,
2023,заклади дошкільної освіти зі швидкісним (більше 30 Мбіт/с) безпроводовим доступом до мережі Інтернет,Вінницька,39.73
2023,заклади дошкільної освіти зі швидкісним (більше 30 Мбіт/с) безпроводовим доступом до мережі Інтернет,Волинська,32.43
2023,заклади дошкільної освіти зі швидкісним (більше 30 Мбіт/с) безпроводовим доступом до мережі Інтернет,Дніпропетровська,40.39
2023,заклади дошкільної освіти зі швидкісним (більше 30 Мбіт/с) безпроводовим доступом до мережі Інтернет,Донецька,35.71
2023,заклади дошкільної освіти зі швидкісним (більше 30 Мбіт/с) безпроводовим доступом до мережі Інтернет,Житомирська,41.13
2023,заклади дошкільної освіти зі швидкісним (більше 30 Мбіт/с) безпроводовим доступом до мережі Інтернет,Закарпатська,45.24
2023,заклади дошкільної освіти зі швидкісним (більше 30 Мбіт/с) безпроводовим доступом до мережі Інтернет,Запорізька,17.24
2023,заклади дошкільної освіти зі швидкісним (більше 30 Мбіт/с) безпроводовим доступом до мережі Інтернет,Івано-Франківська,35.96
2023,заклади дошкільної освіти зі швидкісним (більше 30 Мбіт/с) безпроводовим доступом до мережі Інтернет,Київська,45.66
2023,заклади дошкільної освіти зі швидкісним (більше 30 Мбіт/с) безпроводовим доступом до мережі Інтернет,Кіровоградська,37.41
2023,заклади дошкільної освіти зі швидкісним (більше 30 Мбіт/с) безпроводовим доступом до мережі Інтернет,Луганська,0.0
2023,заклади дошкільної освіти зі швидкісним (більше 30 Мбіт/с) безпроводовим доступом до мережі Інтернет,Львівська,41.45
2023,заклади дошкільної освіти зі швидкісним (більше 30 Мбіт/с) безпроводовим доступом до мережі Інтернет,Миколаївська,18.79
2023,заклади дошкільної освіти зі швидкісним (більше 30 Мбіт/с) безпроводовим доступом до мережі Інтернет,Одеська,26.68
2023,заклади дошкільної освіти зі швидкісним (більше 30 Мбіт/с) безпроводовим доступом до мережі Інтернет,Полтавська,42.47
2023,заклади дошкільної освіти зі швидкісним (більше 30 Мбіт/с) безпроводовим доступом до мережі Інтернет,Рівненська,30.25
2023,заклади дошкільної освіти зі швидкісним (більше 30 Мбіт/с) безпроводовим доступом до мережі Інтернет,Сумська,19.28
2023,заклади дошкільної освіти зі швидкісним (більше 30 Мбіт/с) безпроводовим доступом до мережі Інтернет,Тернопільська,23.79
2023,заклади дошкільної освіти зі швидкісним (більше 30 Мбіт/с) безпроводовим доступом до мережі Інтернет,Харківська,30.61
2023,заклади дошкільної освіти зі швидкісним (більше 30 Мбіт/с) безпроводовим доступом до мережі Інтернет,Херсонська,18.18
2023,заклади дошкільної освіти зі швидкісним (більше 30 Мбіт/с) безпроводовим доступом до мережі Інтернет,Хмельницька,38.1
2023,заклади дошкільної освіти зі швидкісним (більше 30 Мбіт/с) безпроводовим доступом до мережі Інтернет,Черкаська,41.88
2023,заклади дошкільної освіти зі швидкісним (більше 30 Мбіт/с) безпроводовим доступом до мережі Інтернет,Чернівецька,7.42
2023,заклади дошкільної освіти зі швидкісним (більше 30 Мбіт/с) безпроводовим доступом до мережі Інтернет,Чернігівська,24.8
2023,заклади дошкільної освіти зі швидкісним (більше 30 Мбіт/с) безпроводовим доступом до мережі Інтернет,м. Київ,71.2
2023,заклади дошкільної освіти зі швидкісним (більше 30 Мбіт/с) безпроводовим доступом до мережі Інтернет,м. Севастополь,
2024,заклади дошкільної освіти зі швидкісним (більше 30 Мбіт/с) безпроводовим доступом до мережі Інтернет,Україна,39.89
2024,заклади дошкільної освіти зі швидкісним (більше 30 Мбіт/с) безпроводовим доступом до мережі Інтернет,Автономна Республіка Крим,
2024,заклади дошкільної освіти зі швидкісним (більше 30 Мбіт/с) безпроводовим доступом до мережі Інтернет,Вінницька,40.55
2024,заклади дошкільної освіти зі швидкісним (більше 30 Мбіт/с) безпроводовим доступом до мережі Інтернет,Волинська,34.52
2024,заклади дошкільної освіти зі швидкісним (більше 30 Мбіт/с) безпроводовим доступом до мережі Інтернет,Дніпропетровська,37.81
2024,заклади дошкільної освіти зі швидкісним (більше 30 Мбіт/с) безпроводовим доступом до мережі Інтернет,Донецька,42.49
2024,заклади дошкільної освіти зі швидкісним (більше 30 Мбіт/с) безпроводовим доступом до мережі Інтернет,Житомирська,44.06
2024,заклади дошкільної освіти зі швидкісним (більше 30 Мбіт/с) безпроводовим доступом до мережі Інтернет,Закарпатська,51.38
2024,заклади дошкільної освіти зі швидкісним (більше 30 Мбіт/с) безпроводовим доступом до мережі Інтернет,Запорізька,29.17
2024,заклади дошкільної освіти зі швидкісним (більше 30 Мбіт/с) безпроводовим доступом до мережі Інтернет,Івано-Франківська,37.36
2024,заклади дошкільної освіти зі швидкісним (більше 30 Мбіт/с) безпроводовим доступом до мережі Інтернет,Київська,50.94
2024,заклади дошкільної освіти зі швидкісним (більше 30 Мбіт/с) безпроводовим доступом до мережі Інтернет,Кіровоградська,40.14
2024,заклади дошкільної освіти зі швидкісним (більше 30 Мбіт/с) безпроводовим доступом до мережі Інтернет,Луганська,14.29
2024,заклади дошкільної освіти зі швидкісним (більше 30 Мбіт/с) безпроводовим доступом до мережі Інтернет,Львівська,44.05
2024,заклади дошкільної освіти зі швидкісним (більше 30 Мбіт/с) безпроводовим доступом до мережі Інтернет,Миколаївська,22.3
2024,заклади дошкільної освіти зі швидкісним (більше 30 Мбіт/с) безпроводовим доступом до мережі Інтернет,Одеська,31.99
2024,заклади дошкільної освіти зі швидкісним (більше 30 Мбіт/с) безпроводовим доступом до мережі Інтернет,Полтавська,46.07
2024,заклади дошкільної освіти зі швидкісним (більше 30 Мбіт/с) безпроводовим доступом до мережі Інтернет,Рівненська,34.73
2024,заклади дошкільної освіти зі швидкісним (більше 30 Мбіт/с) безпроводовим доступом до мережі Інтернет,Сумська,28.63
2024,заклади дошкільної освіти зі швидкісним (більше 30 Мбіт/с) безпроводовим доступом до мережі Інтернет,Тернопільська,24.48
2024,заклади дошкільної освіти зі швидкісним (більше 30 Мбіт/с) безпроводовим доступом до мережі Інтернет,Харківська,31.69
2024,заклади дошкільної освіти зі швидкісним (більше 30 Мбіт/с) безпроводовим доступом до мережі Інтернет,Херсонська,11.93
2024,заклади дошкільної освіти зі швидкісним (більше 30 Мбіт/с) безпроводовим доступом до мережі Інтернет,Хмельницька,38.98
2024,заклади дошкільної освіти зі швидкісним (більше 30 Мбіт/с) безпроводовим доступом до мережі Інтернет,Черкаська,49.43
2024,заклади дошкільної освіти зі швидкісним (більше 30 Мбіт/с) безпроводовим доступом до мережі Інтернет,Чернівецька,10.74
2024,заклади дошкільної освіти зі швидкісним (більше 30 Мбіт/с) безпроводовим доступом до мережі Інтернет,Чернігівська,26.49
2024,заклади дошкільної освіти зі швидкісним (більше 30 Мбіт/с) безпроводовим доступом до мережі Інтернет,м. Київ,76.89
2024,заклади дошкільної освіти зі швидкісним (більше 30 Мбіт/с) безпроводовим доступом до мережі Інтернет,м. Севастополь,
2025,заклади дошкільної освіти зі швидкісним (більше 30 Мбіт/с) безпроводовим доступом до мережі Інтернет,Україна,44.64
2025,заклади дошкільної освіти зі швидкісним (більше 30 Мбіт/с) безпроводовим доступом до мережі Інтернет,Автономна Республіка Крим,
2025,заклади дошкільної освіти зі швидкісним (більше 30 Мбіт/с) безпроводовим доступом до мережі Інтернет,Вінницька,37.97
2025,заклади дошкільної освіти зі швидкісним (більше 30 Мбіт/с) безпроводовим доступом до мережі Інтернет,Волинська,40.3
2025,заклади дошкільної освіти зі швидкісним (більше 30 Мбіт/с) безпроводовим доступом до мережі Інтернет,Дніпропетровська,53.31
2025,заклади дошкільної освіти зі швидкісним (більше 30 Мбіт/с) безпроводовим доступом до мережі Інтернет,Донецька,22.82
2025,заклади дошкільної освіти зі швидкісним (більше 30 Мбіт/с) безпроводовим доступом до мережі Інтернет,Житомирська,50.18
2025,заклади дошкільної освіти зі швидкісним (більше 30 Мбіт/с) безпроводовим доступом до мережі Інтернет,Закарпатська,53.72
2025,заклади дошкільної освіти зі швидкісним (більше 30 Мбіт/с) безпроводовим доступом до мережі Інтернет,Запорізька,29.32
2025,заклади дошкільної освіти зі швидкісним (більше 30 Мбіт/с) безпроводовим доступом до мережі Інтернет,Івано-Франківська,44.82
2025,заклади дошкільної освіти зі швидкісним (більше 30 Мбіт/с) безпроводовим доступом до мережі Інтернет,Київська,54.27
2025,заклади дошкільної освіти зі швидкісним (більше 30 Мбіт/с) безпроводовим доступом до мережі Інтернет,Кіровоградська,41.5
2025,заклади дошкільної освіти зі швидкісним (більше 30 Мбіт/с) безпроводовим доступом до мережі Інтернет,Луганська,14.29
2025,заклади дошкільної освіти зі швидкісним (більше 30 Мбіт/с) безпроводовим доступом до мережі Інтернет,Львівська,55.43
2025,заклади дошкільної освіти зі швидкісним (більше 30 Мбіт/с) безпроводовим доступом до мережі Інтернет,Миколаївська,20.05
2025,заклади дошкільної освіти зі швидкісним (більше 30 Мбіт/с) безпроводовим доступом до мережі Інтернет,Одеська,41.33
2025,заклади дошкільної освіти зі швидкісним (більше 30 Мбіт/с) безпроводовим доступом до мережі Інтернет,Полтавська,52.44
2025,заклади дошкільної освіти зі швидкісним (більше 30 Мбіт/с) безпроводовим доступом до мережі Інтернет,Рівненська,33.53
2025,заклади дошкільної освіти зі швидкісним (більше 30 Мбіт/с) безпроводовим доступом до мережі Інтернет,Сумська,51.51
2025,заклади дошкільної освіти зі швидкісним (більше 30 Мбіт/с) безпроводовим доступом до мережі Інтернет,Тернопільська,30.66
2025,заклади дошкільної освіти зі швидкісним (більше 30 Мбіт/с) безпроводовим доступом до мережі Інтернет,Харківська,36.82
2025,заклади дошкільної освіти зі швидкісним (більше 30 Мбіт/с) безпроводовим доступом до мережі Інтернет,Херсонська,12.17
2025,заклади дошкільної освіти зі швидкісним (більше 30 Мбіт/с) безпроводовим доступом до мережі Інтернет,Хмельницька,45.45
2025,заклади дошкільної освіти зі швидкісним (більше 30 Мбіт/с) безпроводовим доступом до мережі Інтернет,Черкаська,57.2
2025,заклади дошкільної освіти зі швидкісним (більше 30 Мбіт/с) безпроводовим доступом до мережі Інтернет,Чернівецька,23.81
2025,заклади дошкільної освіти зі швидкісним (більше 30 Мбіт/с) безпроводовим доступом до мережі Інтернет,Чернігівська,36.28
2025,заклади дошкільної освіти зі швидкісним (більше 30 Мбіт/с) безпроводовим доступом до мережі Інтернет,м. Київ,79.86
2025,заклади дошкільної освіти зі швидкісним (більше 30 Мбіт/с) безпроводовим доступом до мережі Інтернет,м. Севастополь,
2015,заклади дошкільної освіти зі швидкісним (більше 30 Мбіт/с) проводовим або безпроводовим доступом до мережі Інтернет,Україна,
2015,заклади дошкільної освіти зі швидкісним (більше 30 Мбіт/с) проводовим або безпроводовим доступом до мережі Інтернет,Автономна Республіка Крим,
2015,заклади дошкільної освіти зі швидкісним (більше 30 Мбіт/с) проводовим або безпроводовим доступом до мережі Інтернет,Вінницька,
2015,заклади дошкільної освіти зі швидкісним (більше 30 Мбіт/с) проводовим або безпроводовим доступом до мережі Інтернет,Волинська,
2015,заклади дошкільної освіти зі швидкісним (більше 30 Мбіт/с) проводовим або безпроводовим доступом до мережі Інтернет,Дніпропетровська,
2015,заклади дошкільної освіти зі швидкісним (більше 30 Мбіт/с) проводовим або безпроводовим доступом до мережі Інтернет,Донецька,
2015,заклади дошкільної освіти зі швидкісним (більше 30 Мбіт/с) проводовим або безпроводовим доступом до мережі Інтернет,Житомирська,
2015,заклади дошкільної освіти зі швидкісним (більше 30 Мбіт/с) проводовим або безпроводовим доступом до мережі Інтернет,Закарпатська,
2015,заклади дошкільної освіти зі швидкісним (більше 30 Мбіт/с) проводовим або безпроводовим доступом до мережі Інтернет,Запорізька,
2015,заклади дошкільної освіти зі швидкісним (більше 30 Мбіт/с) проводовим або безпроводовим доступом до мережі Інтернет,Івано-Франківська,
2015,заклади дошкільної освіти зі швидкісним (більше 30 Мбіт/с) проводовим або безпроводовим доступом до мережі Інтернет,Київська,
2015,заклади дошкільної освіти зі швидкісним (більше 30 Мбіт/с) проводовим або безпроводовим доступом до мережі Інтернет,Кіровоградська,
2015,заклади дошкільної освіти зі швидкісним (більше 30 Мбіт/с) проводовим або безпроводовим доступом до мережі Інтернет,Луганська,
2015,заклади дошкільної освіти зі швидкісним (більше 30 Мбіт/с) проводовим або безпроводовим доступом до мережі Інтернет,Львівська,
2015,заклади дошкільної освіти зі швидкісним (більше 30 Мбіт/с) проводовим або безпроводовим доступом до мережі Інтернет,Миколаївська,
2015,заклади дошкільної освіти зі швидкісним (більше 30 Мбіт/с) проводовим або безпроводовим доступом до мережі Інтернет,Одеська,
2015,заклади дошкільної освіти зі швидкісним (більше 30 Мбіт/с) проводовим або безпроводовим доступом до мережі Інтернет,Полтавська,
2015,заклади дошкільної освіти зі швидкісним (більше 30 Мбіт/с) проводовим або безпроводовим доступом до мережі Інтернет,Рівненська,
2015,заклади дошкільної освіти зі швидкісним (більше 30 Мбіт/с) проводовим або безпроводовим доступом до мережі Інтернет,Сумська,
2015,заклади дошкільної освіти зі швидкісним (більше 30 Мбіт/с) проводовим або безпроводовим доступом до мережі Інтернет,Тернопільська,
2015,заклади дошкільної освіти зі швидкісним (більше 30 Мбіт/с) проводовим або безпроводовим доступом до мережі Інтернет,Харківська,
2015,заклади дошкільної освіти зі швидкісним (більше 30 Мбіт/с) проводовим або безпроводовим доступом до мережі Інтернет,Херсонська,
2015,заклади дошкільної освіти зі швидкісним (більше 30 Мбіт/с) проводовим або безпроводовим доступом до мережі Інтернет,Хмельницька,
2015,заклади дошкільної освіти зі швидкісним (більше 30 Мбіт/с) проводовим або безпроводовим доступом до мережі Інтернет,Черкаська,
2015,заклади дошкільної освіти зі швидкісним (більше 30 Мбіт/с) проводовим або безпроводовим доступом до мережі Інтернет,Чернівецька,
2015,заклади дошкільної освіти зі швидкісним (більше 30 Мбіт/с) проводовим або безпроводовим доступом до мережі Інтернет,Чернігівська,
2015,заклади дошкільної освіти зі швидкісним (більше 30 Мбіт/с) проводовим або безпроводовим доступом до мережі Інтернет,м. Київ,
2015,заклади дошкільної освіти зі швидкісним (більше 30 Мбіт/с) проводовим або безпроводовим доступом до мережі Інтернет,м. Севастополь,
2016,заклади дошкільної освіти зі швидкісним (більше 30 Мбіт/с) проводовим або безпроводовим доступом до мережі Інтернет,Україна,
2016,заклади дошкільної освіти зі швидкісним (більше 30 Мбіт/с) проводовим або безпроводовим доступом до мережі Інтернет,Автономна Республіка Крим,
2016,заклади дошкільної освіти зі швидкісним (більше 30 Мбіт/с) проводовим або безпроводовим доступом до мережі Інтернет,Вінницька,
2016,заклади дошкільної освіти зі швидкісним (більше 30 Мбіт/с) проводовим або безпроводовим доступом до мережі Інтернет,Волинська,
2016,заклади дошкільної освіти зі швидкісним (більше 30 Мбіт/с) проводовим або безпроводовим доступом до мережі Інтернет,Дніпропетровська,
2016,заклади дошкільної освіти зі швидкісним (більше 30 Мбіт/с) проводовим або безпроводовим доступом до мережі Інтернет,Донецька,
2016,заклади дошкільної освіти зі швидкісним (більше 30 Мбіт/с) проводовим або безпроводовим доступом до мережі Інтернет,Житомирська,
2016,заклади дошкільної освіти зі швидкісним (більше 30 Мбіт/с) проводовим або безпроводовим доступом до мережі Інтернет,Закарпатська,
2016,заклади дошкільної освіти зі швидкісним (більше 30 Мбіт/с) проводовим або безпроводовим доступом до мережі Інтернет,Запорізька,
2016,заклади дошкільної освіти зі швидкісним (більше 30 Мбіт/с) проводовим або безпроводовим доступом до мережі Інтернет,Івано-Франківська,
2016,заклади дошкільної освіти зі швидкісним (більше 30 Мбіт/с) проводовим або безпроводовим доступом до мережі Інтернет,Київська,
2016,заклади дошкільної освіти зі швидкісним (більше 30 Мбіт/с) проводовим або безпроводовим доступом до мережі Інтернет,Кіровоградська,
2016,заклади дошкільної освіти зі швидкісним (більше 30 Мбіт/с) проводовим або безпроводовим доступом до мережі Інтернет,Луганська,
2016,заклади дошкільної освіти зі швидкісним (більше 30 Мбіт/с) проводовим або безпроводовим доступом до мережі Інтернет,Львівська,
2016,заклади дошкільної освіти зі швидкісним (більше 30 Мбіт/с) проводовим або безпроводовим доступом до мережі Інтернет,Миколаївська,
2016,заклади дошкільної освіти зі швидкісним (більше 30 Мбіт/с) проводовим або безпроводовим доступом до мережі Інтернет,Одеська,
2016,заклади дошкільної освіти зі швидкісним (більше 30 Мбіт/с) проводовим або безпроводовим доступом до мережі Інтернет,Полтавська,
2016,заклади дошкільної освіти зі швидкісним (більше 30 Мбіт/с) проводовим або безпроводовим доступом до мережі Інтернет,Рівненська,
2016,заклади дошкільної освіти зі швидкісним (більше 30 Мбіт/с) проводовим або безпроводовим доступом до мережі Інтернет,Сумська,
2016,заклади дошкільної освіти зі швидкісним (більше 30 Мбіт/с) проводовим або безпроводовим доступом до мережі Інтернет,Тернопільська,
2016,заклади дошкільної освіти зі швидкісним (більше 30 Мбіт/с) проводовим або безпроводовим доступом до мережі Інтернет,Харківська,
2016,заклади дошкільної освіти зі швидкісним (більше 30 Мбіт/с) проводовим або безпроводовим доступом до мережі Інтернет,Херсонська,
2016,заклади дошкільної освіти зі швидкісним (більше 30 Мбіт/с) проводовим або безпроводовим доступом до мережі Інтернет,Хмельницька,
2016,заклади дошкільної освіти зі швидкісним (більше 30 Мбіт/с) проводовим або безпроводовим доступом до мережі Інтернет,Черкаська,
2016,заклади дошкільної освіти зі швидкісним (більше 30 Мбіт/с) проводовим або безпроводовим доступом до мережі Інтернет,Чернівецька,
2016,заклади дошкільної освіти зі швидкісним (більше 30 Мбіт/с) проводовим або безпроводовим доступом до мережі Інтернет,Чернігівська,
2016,заклади дошкільної освіти зі швидкісним (більше 30 Мбіт/с) проводовим або безпроводовим доступом до мережі Інтернет,м. Київ,
2016,заклади дошкільної освіти зі швидкісним (більше 30 Мбіт/с) проводовим або безпроводовим доступом до мережі Інтернет,м. Севастополь,
2017,заклади дошкільної освіти зі швидкісним (більше 30 Мбіт/с) проводовим або безпроводовим доступом до мережі Інтернет,Україна,
2017,заклади дошкільної освіти зі швидкісним (більше 30 Мбіт/с) проводовим або безпроводовим доступом до мережі Інтернет,Автономна Республіка Крим,
2017,заклади дошкільної освіти зі швидкісним (більше 30 Мбіт/с) проводовим або безпроводовим доступом до мережі Інтернет,Вінницька,
2017,заклади дошкільної освіти зі швидкісним (більше 30 Мбіт/с) проводовим або безпроводовим доступом до мережі Інтернет,Волинська,
2017,заклади дошкільної освіти зі швидкісним (більше 30 Мбіт/с) проводовим або безпроводовим доступом до мережі Інтернет,Дніпропетровська,
2017,заклади дошкільної освіти зі швидкісним (більше 30 Мбіт/с) проводовим або безпроводовим доступом до мережі Інтернет,Донецька,
2017,заклади дошкільної освіти зі швидкісним (більше 30 Мбіт/с) проводовим або безпроводовим доступом до мережі Інтернет,Житомирська,
2017,заклади дошкільної освіти зі швидкісним (більше 30 Мбіт/с) проводовим або безпроводовим доступом до мережі Інтернет,Закарпатська,
2017,заклади дошкільної освіти зі швидкісним (більше 30 Мбіт/с) проводовим або безпроводовим доступом до мережі Інтернет,Запорізька,
2017,заклади дошкільної освіти зі швидкісним (більше 30 Мбіт/с) проводовим або безпроводовим доступом до мережі Інтернет,Івано-Франківська,
2017,заклади дошкільної освіти зі швидкісним (більше 30 Мбіт/с) проводовим або безпроводовим доступом до мережі Інтернет,Київська,
2017,заклади дошкільної освіти зі швидкісним (більше 30 Мбіт/с) проводовим або безпроводовим доступом до мережі Інтернет,Кіровоградська,
2017,заклади дошкільної освіти зі швидкісним (більше 30 Мбіт/с) проводовим або безпроводовим доступом до мережі Інтернет,Луганська,
2017,заклади дошкільної освіти зі швидкісним (більше 30 Мбіт/с) проводовим або безпроводовим доступом до мережі Інтернет,Львівська,
2017,заклади дошкільної освіти зі швидкісним (більше 30 Мбіт/с) проводовим або безпроводовим доступом до мережі Інтернет,Миколаївська,
2017,заклади дошкільної освіти зі швидкісним (більше 30 Мбіт/с) проводовим або безпроводовим доступом до мережі Інтернет,Одеська,
2017,заклади дошкільної освіти зі швидкісним (більше 30 Мбіт/с) проводовим або безпроводовим доступом до мережі Інтернет,Полтавська,
2017,заклади дошкільної освіти зі швидкісним (більше 30 Мбіт/с) проводовим або безпроводовим доступом до мережі Інтернет,Рівненська,
2017,заклади дошкільної освіти зі швидкісним (більше 30 Мбіт/с) проводовим або безпроводовим доступом до мережі Інтернет,Сумська,
2017,заклади дошкільної освіти зі швидкісним (більше 30 Мбіт/с) проводовим або безпроводовим доступом до мережі Інтернет,Тернопільська,
2017,заклади дошкільної освіти зі швидкісним (більше 30 Мбіт/с) проводовим або безпроводовим доступом до мережі Інтернет,Харківська,
2017,заклади дошкільної освіти зі швидкісним (більше 30 Мбіт/с) проводовим або безпроводовим доступом до мережі Інтернет,Херсонська,
2017,заклади дошкільної освіти зі швидкісним (більше 30 Мбіт/с) проводовим або безпроводовим доступом до мережі Інтернет,Хмельницька,
2017,заклади дошкільної освіти зі швидкісним (більше 30 Мбіт/с) проводовим або безпроводовим доступом до мережі Інтернет,Черкаська,
2017,заклади дошкільної освіти зі швидкісним (більше 30 Мбіт/с) проводовим або безпроводовим доступом до мережі Інтернет,Чернівецька,
2017,заклади дошкільної освіти зі швидкісним (більше 30 Мбіт/с) проводовим або безпроводовим доступом до мережі Інтернет,Чернігівська,
2017,заклади дошкільної освіти зі швидкісним (більше 30 Мбіт/с) проводовим або безпроводовим доступом до мережі Інтернет,м. Київ,
2017,заклади дошкільної освіти зі швидкісним (більше 30 Мбіт/с) проводовим або безпроводовим доступом до мережі Інтернет,м. Севастополь,
2018,заклади дошкільної освіти зі швидкісним (більше 30 Мбіт/с) проводовим або безпроводовим доступом до мережі Інтернет,Україна,
2018,заклади дошкільної освіти зі швидкісним (більше 30 Мбіт/с) проводовим або безпроводовим доступом до мережі Інтернет,Автономна Республіка Крим,
2018,заклади дошкільної освіти зі швидкісним (більше 30 Мбіт/с) проводовим або безпроводовим доступом до мережі Інтернет,Вінницька,
2018,заклади дошкільної освіти зі швидкісним (більше 30 Мбіт/с) проводовим або безпроводовим доступом до мережі Інтернет,Волинська,
2018,заклади дошкільної освіти зі швидкісним (більше 30 Мбіт/с) проводовим або безпроводовим доступом до мережі Інтернет,Дніпропетровська,
2018,заклади дошкільної освіти зі швидкісним (більше 30 Мбіт/с) проводовим або безпроводовим доступом до мережі Інтернет,Донецька,
2018,заклади дошкільної освіти зі швидкісним (більше 30 Мбіт/с) проводовим або безпроводовим доступом до мережі Інтернет,Житомирська,
2018,заклади дошкільної освіти зі швидкісним (більше 30 Мбіт/с) проводовим або безпроводовим доступом до мережі Інтернет,Закарпатська,
2018,заклади дошкільної освіти зі швидкісним (більше 30 Мбіт/с) проводовим або безпроводовим доступом до мережі Інтернет,Запорізька,
2018,заклади дошкільної освіти зі швидкісним (більше 30 Мбіт/с) проводовим або безпроводовим доступом до мережі Інтернет,Івано-Франківська,
2018,заклади дошкільної освіти зі швидкісним (більше 30 Мбіт/с) проводовим або безпроводовим доступом до мережі Інтернет,Київська,
2018,заклади дошкільної освіти зі швидкісним (більше 30 Мбіт/с) проводовим або безпроводовим доступом до мережі Інтернет,Кіровоградська,
2018,заклади дошкільної освіти зі швидкісним (більше 30 Мбіт/с) проводовим або безпроводовим доступом до мережі Інтернет,Луганська,
2018,заклади дошкільної освіти зі швидкісним (більше 30 Мбіт/с) проводовим або безпроводовим доступом до мережі Інтернет,Львівська,
2018,заклади дошкільної освіти зі швидкісним (більше 30 Мбіт/с) проводовим або безпроводовим доступом до мережі Інтернет,Миколаївська,
2018,заклади дошкільної освіти зі швидкісним (більше 30 Мбіт/с) проводовим або безпроводовим доступом до мережі Інтернет,Одеська,
2018,заклади дошкільної освіти зі швидкісним (більше 30 Мбіт/с) проводовим або безпроводовим доступом до мережі Інтернет,Полтавська,
2018,заклади дошкільної освіти зі швидкісним (більше 30 Мбіт/с) проводовим або безпроводовим доступом до мережі Інтернет,Рівненська,
2018,заклади дошкільної освіти зі швидкісним (більше 30 Мбіт/с) проводовим або безпроводовим доступом до мережі Інтернет,Сумська,
2018,заклади дошкільної освіти зі швидкісним (більше 30 Мбіт/с) проводовим або безпроводовим доступом до мережі Інтернет,Тернопільська,
2018,заклади дошкільної освіти зі швидкісним (більше 30 Мбіт/с) проводовим або безпроводовим доступом до мережі Інтернет,Харківська,
2018,заклади дошкільної освіти зі швидкісним (більше 30 Мбіт/с) проводовим або безпроводовим доступом до мережі Інтернет,Херсонська,
2018,заклади дошкільної освіти зі швидкісним (більше 30 Мбіт/с) проводовим або безпроводовим доступом до мережі Інтернет,Хмельницька,
2018,заклади дошкільної освіти зі швидкісним (більше 30 Мбіт/с) проводовим або безпроводовим доступом до мережі Інтернет,Черкаська,
2018,заклади дошкільної освіти зі швидкісним (більше 30 Мбіт/с) проводовим або безпроводовим доступом до мережі Інтернет,Чернівецька,
2018,заклади дошкільної освіти зі швидкісним (більше 30 Мбіт/с) проводовим або безпроводовим доступом до мережі Інтернет,Чернігівська,
2018,заклади дошкільної освіти зі швидкісним (більше 30 Мбіт/с) проводовим або безпроводовим доступом до мережі Інтернет,м. Київ,
2018,заклади дошкільної освіти зі швидкісним (більше 30 Мбіт/с) проводовим або безпроводовим доступом до мережі Інтернет,м. Севастополь,
2019,заклади дошкільної освіти зі швидкісним (більше 30 Мбіт/с) проводовим або безпроводовим доступом до мережі Інтернет,Україна,
2019,заклади дошкільної освіти зі швидкісним (більше 30 Мбіт/с) проводовим або безпроводовим доступом до мережі Інтернет,Автономна Республіка Крим,
2019,заклади дошкільної освіти зі швидкісним (більше 30 Мбіт/с) проводовим або безпроводовим доступом до мережі Інтернет,Вінницька,
2019,заклади дошкільної освіти зі швидкісним (більше 30 Мбіт/с) проводовим або безпроводовим доступом до мережі Інтернет,Волинська,
2019,заклади дошкільної освіти зі швидкісним (більше 30 Мбіт/с) проводовим або безпроводовим доступом до мережі Інтернет,Дніпропетровська,
2019,заклади дошкільної освіти зі швидкісним (більше 30 Мбіт/с) проводовим або безпроводовим доступом до мережі Інтернет,Донецька,
2019,заклади дошкільної освіти зі швидкісним (більше 30 Мбіт/с) проводовим або безпроводовим доступом до мережі Інтернет,Житомирська,
2019,заклади дошкільної освіти зі швидкісним (більше 30 Мбіт/с) проводовим або безпроводовим доступом до мережі Інтернет,Закарпатська,
2019,заклади дошкільної освіти зі швидкісним (більше 30 Мбіт/с) проводовим або безпроводовим доступом до мережі Інтернет,Запорізька,
2019,заклади дошкільної освіти зі швидкісним (більше 30 Мбіт/с) проводовим або безпроводовим доступом до мережі Інтернет,Івано-Франківська,
2019,заклади дошкільної освіти зі швидкісним (більше 30 Мбіт/с) проводовим або безпроводовим доступом до мережі Інтернет,Київська,
2019,заклади дошкільної освіти зі швидкісним (більше 30 Мбіт/с) проводовим або безпроводовим доступом до мережі Інтернет,Кіровоградська,
2019,заклади дошкільної освіти зі швидкісним (більше 30 Мбіт/с) проводовим або безпроводовим доступом до мережі Інтернет,Луганська,
2019,заклади дошкільної освіти зі швидкісним (більше 30 Мбіт/с) проводовим або безпроводовим доступом до мережі Інтернет,Львівська,
2019,заклади дошкільної освіти зі швидкісним (більше 30 Мбіт/с) проводовим або безпроводовим доступом до мережі Інтернет,Миколаївська,
2019,заклади дошкільної освіти зі швидкісним (більше 30 Мбіт/с) проводовим або безпроводовим доступом до мережі Інтернет,Одеська,
2019,заклади дошкільної освіти зі швидкісним (більше 30 Мбіт/с) проводовим або безпроводовим доступом до мережі Інтернет,Полтавська,
2019,заклади дошкільної освіти зі швидкісним (більше 30 Мбіт/с) проводовим або безпроводовим доступом до мережі Інтернет,Рівненська,
2019,заклади дошкільної освіти зі швидкісним (більше 30 Мбіт/с) проводовим або безпроводовим доступом до мережі Інтернет,Сумська,
2019,заклади дошкільної освіти зі швидкісним (більше 30 Мбіт/с) проводовим або безпроводовим доступом до мережі Інтернет,Тернопільська,
2019,заклади дошкільної освіти зі швидкісним (більше 30 Мбіт/с) проводовим або безпроводовим доступом до мережі Інтернет,Харківська,
2019,заклади дошкільної освіти зі швидкісним (більше 30 Мбіт/с) проводовим або безпроводовим доступом до мережі Інтернет,Херсонська,
2019,заклади дошкільної освіти зі швидкісним (більше 30 Мбіт/с) проводовим або безпроводовим доступом до мережі Інтернет,Хмельницька,
2019,заклади дошкільної освіти зі швидкісним (більше 30 Мбіт/с) проводовим або безпроводовим доступом до мережі Інтернет,Черкаська,
2019,заклади дошкільної освіти зі швидкісним (більше 30 Мбіт/с) проводовим або безпроводовим доступом до мережі Інтернет,Чернівецька,
2019,заклади дошкільної освіти зі швидкісним (більше 30 Мбіт/с) проводовим або безпроводовим доступом до мережі Інтернет,Чернігівська,
2019,заклади дошкільної освіти зі швидкісним (більше 30 Мбіт/с) проводовим або безпроводовим доступом до мережі Інтернет,м. Київ,
2019,заклади дошкільної освіти зі швидкісним (більше 30 Мбіт/с) проводовим або безпроводовим доступом до мережі Інтернет,м. Севастополь,
2020,заклади дошкільної освіти зі швидкісним (більше 30 Мбіт/с) проводовим або безпроводовим доступом до мережі Інтернет,Україна,
2020,заклади дошкільної освіти зі швидкісним (більше 30 Мбіт/с) проводовим або безпроводовим доступом до мережі Інтернет,Автономна Республіка Крим,
2020,заклади дошкільної освіти зі швидкісним (більше 30 Мбіт/с) проводовим або безпроводовим доступом до мережі Інтернет,Вінницька,
2020,заклади дошкільної освіти зі швидкісним (більше 30 Мбіт/с) проводовим або безпроводовим доступом до мережі Інтернет,Волинська,
2020,заклади дошкільної освіти зі швидкісним (більше 30 Мбіт/с) проводовим або безпроводовим доступом до мережі Інтернет,Дніпропетровська,
2020,заклади дошкільної освіти зі швидкісним (більше 30 Мбіт/с) проводовим або безпроводовим доступом до мережі Інтернет,Донецька,
2020,заклади дошкільної освіти зі швидкісним (більше 30 Мбіт/с) проводовим або безпроводовим доступом до мережі Інтернет,Житомирська,
2020,заклади дошкільної освіти зі швидкісним (більше 30 Мбіт/с) проводовим або безпроводовим доступом до мережі Інтернет,Закарпатська,
2020,заклади дошкільної освіти зі швидкісним (більше 30 Мбіт/с) проводовим або безпроводовим доступом до мережі Інтернет,Запорізька,
2020,заклади дошкільної освіти зі швидкісним (більше 30 Мбіт/с) проводовим або безпроводовим доступом до мережі Інтернет,Івано-Франківська,
2020,заклади дошкільної освіти зі швидкісним (більше 30 Мбіт/с) проводовим або безпроводовим доступом до мережі Інтернет,Київська,
2020,заклади дошкільної освіти зі швидкісним (більше 30 Мбіт/с) проводовим або безпроводовим доступом до мережі Інтернет,Кіровоградська,
2020,заклади дошкільної освіти зі швидкісним (більше 30 Мбіт/с) проводовим або безпроводовим доступом до мережі Інтернет,Луганська,
2020,заклади дошкільної освіти зі швидкісним (більше 30 Мбіт/с) проводовим або безпроводовим доступом до мережі Інтернет,Львівська,
2020,заклади дошкільної освіти зі швидкісним (більше 30 Мбіт/с) проводовим або безпроводовим доступом до мережі Інтернет,Миколаївська,
2020,заклади дошкільної освіти зі швидкісним (більше 30 Мбіт/с) проводовим або безпроводовим доступом до мережі Інтернет,Одеська,
2020,заклади дошкільної освіти зі швидкісним (більше 30 Мбіт/с) проводовим або безпроводовим доступом до мережі Інтернет,Полтавська,
2020,заклади дошкільної освіти зі швидкісним (більше 30 Мбіт/с) проводовим або безпроводовим доступом до мережі Інтернет,Рівненська,
2020,заклади дошкільної освіти зі швидкісним (більше 30 Мбіт/с) проводовим або безпроводовим доступом до мережі Інтернет,Сумська,
2020,заклади дошкільної освіти зі швидкісним (більше 30 Мбіт/с) проводовим або безпроводовим доступом до мережі Інтернет,Тернопільська,
2020,заклади дошкільної освіти зі швидкісним (більше 30 Мбіт/с) проводовим або безпроводовим доступом до мережі Інтернет,Харківська,
2020,заклади дошкільної освіти зі швидкісним (більше 30 Мбіт/с) проводовим або безпроводовим доступом до мережі Інтернет,Херсонська,
2020,заклади дошкільної освіти зі швидкісним (більше 30 Мбіт/с) проводовим або безпроводовим доступом до мережі Інтернет,Хмельницька,
2020,заклади дошкільної освіти зі швидкісним (більше 30 Мбіт/с) проводовим або безпроводовим доступом до мережі Інтернет,Черкаська,
2020,заклади дошкільної освіти зі швидкісним (більше 30 Мбіт/с) проводовим або безпроводовим доступом до мережі Інтернет,Чернівецька,
2020,заклади дошкільної освіти зі швидкісним (більше 30 Мбіт/с) проводовим або безпроводовим доступом до мережі Інтернет,Чернігівська,
2020,заклади дошкільної освіти зі швидкісним (більше 30 Мбіт/с) проводовим або безпроводовим доступом до мережі Інтернет,м. Київ,
2020,заклади дошкільної освіти зі швидкісним (більше 30 Мбіт/с) проводовим або безпроводовим доступом до мережі Інтернет,м. Севастополь,
2021,заклади дошкільної освіти зі швидкісним (більше 30 Мбіт/с) проводовим або безпроводовим доступом до мережі Інтернет,Україна,
2021,заклади дошкільної освіти зі швидкісним (більше 30 Мбіт/с) проводовим або безпроводовим доступом до мережі Інтернет,Автономна Республіка Крим,
2021,заклади дошкільної освіти зі швидкісним (більше 30 Мбіт/с) проводовим або безпроводовим доступом до мережі Інтернет,Вінницька,
2021,заклади дошкільної освіти зі швидкісним (більше 30 Мбіт/с) проводовим або безпроводовим доступом до мережі Інтернет,Волинська,
2021,заклади дошкільної освіти зі швидкісним (більше 30 Мбіт/с) проводовим або безпроводовим доступом до мережі Інтернет,Дніпропетровська,
2021,заклади дошкільної освіти зі швидкісним (більше 30 Мбіт/с) проводовим або безпроводовим доступом до мережі Інтернет,Донецька,
2021,заклади дошкільної освіти зі швидкісним (більше 30 Мбіт/с) проводовим або безпроводовим доступом до мережі Інтернет,Житомирська,
2021,заклади дошкільної освіти зі швидкісним (більше 30 Мбіт/с) проводовим або безпроводовим доступом до мережі Інтернет,Закарпатська,
2021,заклади дошкільної освіти зі швидкісним (більше 30 Мбіт/с) проводовим або безпроводовим доступом до мережі Інтернет,Запорізька,
2021,заклади дошкільної освіти зі швидкісним (більше 30 Мбіт/с) проводовим або безпроводовим доступом до мережі Інтернет,Івано-Франківська,
2021,заклади дошкільної освіти зі швидкісним (більше 30 Мбіт/с) проводовим або безпроводовим доступом до мережі Інтернет,Київська,
2021,заклади дошкільної освіти зі швидкісним (більше 30 Мбіт/с) проводовим або безпроводовим доступом до мережі Інтернет,Кіровоградська,
2021,заклади дошкільної освіти зі швидкісним (більше 30 Мбіт/с) проводовим або безпроводовим доступом до мережі Інтернет,Луганська,
2021,заклади дошкільної освіти зі швидкісним (більше 30 Мбіт/с) проводовим або безпроводовим доступом до мережі Інтернет,Львівська,
2021,заклади дошкільної освіти зі швидкісним (більше 30 Мбіт/с) проводовим або безпроводовим доступом до мережі Інтернет,Миколаївська,
2021,заклади дошкільної освіти зі швидкісним (більше 30 Мбіт/с) проводовим або безпроводовим доступом до мережі Інтернет,Одеська,
2021,заклади дошкільної освіти зі швидкісним (більше 30 Мбіт/с) проводовим або безпроводовим доступом до мережі Інтернет,Полтавська,
2021,заклади дошкільної освіти зі швидкісним (більше 30 Мбіт/с) проводовим або безпроводовим доступом до мережі Інтернет,Рівненська,
2021,заклади дошкільної освіти зі швидкісним (більше 30 Мбіт/с) проводовим або безпроводовим доступом до мережі Інтернет,Сумська,
2021,заклади дошкільної освіти зі швидкісним (більше 30 Мбіт/с) проводовим або безпроводовим доступом до мережі Інтернет,Тернопільська,
2021,заклади дошкільної освіти зі швидкісним (більше 30 Мбіт/с) проводовим або безпроводовим доступом до мережі Інтернет,Харківська,
2021,заклади дошкільної освіти зі швидкісним (більше 30 Мбіт/с) проводовим або безпроводовим доступом до мережі Інтернет,Херсонська,
2021,заклади дошкільної освіти зі швидкісним (більше 30 Мбіт/с) проводовим або безпроводовим доступом до мережі Інтернет,Хмельницька,
2021,заклади дошкільної освіти зі швидкісним (більше 30 Мбіт/с) проводовим або безпроводовим доступом до мережі Інтернет,Черкаська,
2021,заклади дошкільної освіти зі швидкісним (більше 30 Мбіт/с) проводовим або безпроводовим доступом до мережі Інтернет,Чернівецька,
2021,заклади дошкільної освіти зі швидкісним (більше 30 Мбіт/с) проводовим або безпроводовим доступом до мережі Інтернет,Чернігівська,
2021,заклади дошкільної освіти зі швидкісним (більше 30 Мбіт/с) проводовим або безпроводовим доступом до мережі Інтернет,м. Київ,
2021,заклади дошкільної освіти зі швидкісним (більше 30 Мбіт/с) проводовим або безпроводовим доступом до мережі Інтернет,м. Севастополь,
2022,заклади дошкільної освіти зі швидкісним (більше 30 Мбіт/с) проводовим або безпроводовим доступом до мережі Інтернет,Україна,64.44
2022,заклади дошкільної освіти зі швидкісним (більше 30 Мбіт/с) проводовим або безпроводовим доступом до мережі Інтернет,Автономна Республіка Крим,
2022,заклади дошкільної освіти зі швидкісним (більше 30 Мбіт/с) проводовим або безпроводовим доступом до мережі Інтернет,Вінницька,58.99
2022,заклади дошкільної освіти зі швидкісним (більше 30 Мбіт/с) проводовим або безпроводовим доступом до мережі Інтернет,Волинська,59.79
2022,заклади дошкільної освіти зі швидкісним (більше 30 Мбіт/с) проводовим або безпроводовим доступом до мережі Інтернет,Дніпропетровська,58.62
2022,заклади дошкільної освіти зі швидкісним (більше 30 Мбіт/с) проводовим або безпроводовим доступом до мережі Інтернет,Донецька,54.87
2022,заклади дошкільної освіти зі швидкісним (більше 30 Мбіт/с) проводовим або безпроводовим доступом до мережі Інтернет,Житомирська,71.57
2022,заклади дошкільної освіти зі швидкісним (більше 30 Мбіт/с) проводовим або безпроводовим доступом до мережі Інтернет,Закарпатська,56.24
2022,заклади дошкільної освіти зі швидкісним (більше 30 Мбіт/с) проводовим або безпроводовим доступом до мережі Інтернет,Запорізька,48.39
2022,заклади дошкільної освіти зі швидкісним (більше 30 Мбіт/с) проводовим або безпроводовим доступом до мережі Інтернет,Івано-Франківська,60.52
2022,заклади дошкільної освіти зі швидкісним (більше 30 Мбіт/с) проводовим або безпроводовим доступом до мережі Інтернет,Київська,75.64
2022,заклади дошкільної освіти зі швидкісним (більше 30 Мбіт/с) проводовим або безпроводовим доступом до мережі Інтернет,Кіровоградська,47.73
2022,заклади дошкільної освіти зі швидкісним (більше 30 Мбіт/с) проводовим або безпроводовим доступом до мережі Інтернет,Луганська,0.0
2022,заклади дошкільної освіти зі швидкісним (більше 30 Мбіт/с) проводовим або безпроводовим доступом до мережі Інтернет,Львівська,61.36
2022,заклади дошкільної освіти зі швидкісним (більше 30 Мбіт/с) проводовим або безпроводовим доступом до мережі Інтернет,Миколаївська,56.86
2022,заклади дошкільної освіти зі швидкісним (більше 30 Мбіт/с) проводовим або безпроводовим доступом до мережі Інтернет,Одеська,79.32
2022,заклади дошкільної освіти зі швидкісним (більше 30 Мбіт/с) проводовим або безпроводовим доступом до мережі Інтернет,Полтавська,64.61
2022,заклади дошкільної освіти зі швидкісним (більше 30 Мбіт/с) проводовим або безпроводовим доступом до мережі Інтернет,Рівненська,57.34
2022,заклади дошкільної освіти зі швидкісним (більше 30 Мбіт/с) проводовим або безпроводовим доступом до мережі Інтернет,Сумська,76.72
2022,заклади дошкільної освіти зі швидкісним (більше 30 Мбіт/с) проводовим або безпроводовим доступом до мережі Інтернет,Тернопільська,57.07
2022,заклади дошкільної освіти зі швидкісним (більше 30 Мбіт/с) проводовим або безпроводовим доступом до мережі Інтернет,Харківська,66.35
2022,заклади дошкільної освіти зі швидкісним (більше 30 Мбіт/с) проводовим або безпроводовим доступом до мережі Інтернет,Херсонська,28.78
2022,заклади дошкільної освіти зі швидкісним (більше 30 Мбіт/с) проводовим або безпроводовим доступом до мережі Інтернет,Хмельницька,68.18
2022,заклади дошкільної освіти зі швидкісним (більше 30 Мбіт/с) проводовим або безпроводовим доступом до мережі Інтернет,Черкаська,72.88
2022,заклади дошкільної освіти зі швидкісним (більше 30 Мбіт/с) проводовим або безпроводовим доступом до мережі Інтернет,Чернівецька,88.72
2022,заклади дошкільної освіти зі швидкісним (більше 30 Мбіт/с) проводовим або безпроводовим доступом до мережі Інтернет,Чернігівська,50.25
2022,заклади дошкільної освіти зі швидкісним (більше 30 Мбіт/с) проводовим або безпроводовим доступом до мережі Інтернет,м. Київ,84.23
2022,заклади дошкільної освіти зі швидкісним (більше 30 Мбіт/с) проводовим або безпроводовим доступом до мережі Інтернет,м. Севастополь,
2023,заклади дошкільної освіти зі швидкісним (більше 30 Мбіт/с) проводовим або безпроводовим доступом до мережі Інтернет,Україна,68.18
2023,заклади дошкільної освіти зі швидкісним (більше 30 Мбіт/с) проводовим або безпроводовим доступом до мережі Інтернет,Автономна Республіка Крим,
2023,заклади дошкільної освіти зі швидкісним (більше 30 Мбіт/с) проводовим або безпроводовим доступом до мережі Інтернет,Вінницька,65.92
2023,заклади дошкільної освіти зі швидкісним (більше 30 Мбіт/с) проводовим або безпроводовим доступом до мережі Інтернет,Волинська,62.16
2023,заклади дошкільної освіти зі швидкісним (більше 30 Мбіт/с) проводовим або безпроводовим доступом до мережі Інтернет,Дніпропетровська,60.85
2023,заклади дошкільної освіти зі швидкісним (більше 30 Мбіт/с) проводовим або безпроводовим доступом до мережі Інтернет,Донецька,51.49
2023,заклади дошкільної освіти зі швидкісним (більше 30 Мбіт/с) проводовим або безпроводовим доступом до мережі Інтернет,Житомирська,73.13
2023,заклади дошкільної освіти зі швидкісним (більше 30 Мбіт/с) проводовим або безпроводовим доступом до мережі Інтернет,Закарпатська,59.93
2023,заклади дошкільної освіти зі швидкісним (більше 30 Мбіт/с) проводовим або безпроводовим доступом до мережі Інтернет,Запорізька,52.35
2023,заклади дошкільної освіти зі швидкісним (більше 30 Мбіт/с) проводовим або безпроводовим доступом до мережі Інтернет,Івано-Франківська,65.79
2023,заклади дошкільної освіти зі швидкісним (більше 30 Мбіт/с) проводовим або безпроводовим доступом до мережі Інтернет,Київська,79.08
2023,заклади дошкільної освіти зі швидкісним (більше 30 Мбіт/с) проводовим або безпроводовим доступом до мережі Інтернет,Кіровоградська,58.66
2023,заклади дошкільної освіти зі швидкісним (більше 30 Мбіт/с) проводовим або безпроводовим доступом до мережі Інтернет,Луганська,0.0
2023,заклади дошкільної освіти зі швидкісним (більше 30 Мбіт/с) проводовим або безпроводовим доступом до мережі Інтернет,Львівська,65.38
2023,заклади дошкільної освіти зі швидкісним (більше 30 Мбіт/с) проводовим або безпроводовим доступом до мережі Інтернет,Миколаївська,61.77
2023,заклади дошкільної освіти зі швидкісним (більше 30 Мбіт/с) проводовим або безпроводовим доступом до мережі Інтернет,Одеська,84.54
2023,заклади дошкільної освіти зі швидкісним (більше 30 Мбіт/с) проводовим або безпроводовим доступом до мережі Інтернет,Полтавська,70.03
2023,заклади дошкільної освіти зі швидкісним (більше 30 Мбіт/с) проводовим або безпроводовим доступом до мережі Інтернет,Рівненська,62.43
2023,заклади дошкільної освіти зі швидкісним (більше 30 Мбіт/с) проводовим або безпроводовим доступом до мережі Інтернет,Сумська,80.21
2023,заклади дошкільної освіти зі швидкісним (більше 30 Мбіт/с) проводовим або безпроводовим доступом до мережі Інтернет,Тернопільська,63.86
2023,заклади дошкільної освіти зі швидкісним (більше 30 Мбіт/с) проводовим або безпроводовим доступом до мережі Інтернет,Харківська,67.56
2023,заклади дошкільної освіти зі швидкісним (більше 30 Мбіт/с) проводовим або безпроводовим доступом до мережі Інтернет,Херсонська,23.14
2023,заклади дошкільної освіти зі швидкісним (більше 30 Мбіт/с) проводовим або безпроводовим доступом до мережі Інтернет,Хмельницька,71.27
2023,заклади дошкільної освіти зі швидкісним (більше 30 Мбіт/с) проводовим або безпроводовим доступом до мережі Інтернет,Черкаська,78.7
2023,заклади дошкільної освіти зі швидкісним (більше 30 Мбіт/с) проводовим або безпроводовим доступом до мережі Інтернет,Чернівецька,87.98
2023,заклади дошкільної освіти зі швидкісним (більше 30 Мбіт/с) проводовим або безпроводовим доступом до мережі Інтернет,Чернігівська,54.05
2023,заклади дошкільної освіти зі швидкісним (більше 30 Мбіт/с) проводовим або безпроводовим доступом до мережі Інтернет,м. Київ,82.1
2023,заклади дошкільної освіти зі швидкісним (більше 30 Мбіт/с) проводовим або безпроводовим доступом до мережі Інтернет,м. Севастополь,
2024,заклади дошкільної освіти зі швидкісним (більше 30 Мбіт/с) проводовим або безпроводовим доступом до мережі Інтернет,Україна,71.16
2024,заклади дошкільної освіти зі швидкісним (більше 30 Мбіт/с) проводовим або безпроводовим доступом до мережі Інтернет,Автономна Республіка Крим,
2024,заклади дошкільної освіти зі швидкісним (більше 30 Мбіт/с) проводовим або безпроводовим доступом до мережі Інтернет,Вінницька,67.59
2024,заклади дошкільної освіти зі швидкісним (більше 30 Мбіт/с) проводовим або безпроводовим доступом до мережі Інтернет,Волинська,65.48
2024,заклади дошкільної освіти зі швидкісним (більше 30 Мбіт/с) проводовим або безпроводовим доступом до мережі Інтернет,Дніпропетровська,59.42
2024,заклади дошкільної освіти зі швидкісним (більше 30 Мбіт/с) проводовим або безпроводовим доступом до мережі Інтернет,Донецька,55.36
2024,заклади дошкільної освіти зі швидкісним (більше 30 Мбіт/с) проводовим або безпроводовим доступом до мережі Інтернет,Житомирська,73.6
2024,заклади дошкільної освіти зі швидкісним (більше 30 Мбіт/с) проводовим або безпроводовим доступом до мережі Інтернет,Закарпатська,62.57
2024,заклади дошкільної освіти зі швидкісним (більше 30 Мбіт/с) проводовим або безпроводовим доступом до мережі Інтернет,Запорізька,78.65
2024,заклади дошкільної освіти зі швидкісним (більше 30 Мбіт/с) проводовим або безпроводовим доступом до мережі Інтернет,Івано-Франківська,65.45
2024,заклади дошкільної освіти зі швидкісним (більше 30 Мбіт/с) проводовим або безпроводовим доступом до мережі Інтернет,Київська,81.94
2024,заклади дошкільної освіти зі швидкісним (більше 30 Мбіт/с) проводовим або безпроводовим доступом до мережі Інтернет,Кіровоградська,64.79
2024,заклади дошкільної освіти зі швидкісним (більше 30 Мбіт/с) проводовим або безпроводовим доступом до мережі Інтернет,Луганська,14.29
2024,заклади дошкільної освіти зі швидкісним (більше 30 Мбіт/с) проводовим або безпроводовим доступом до мережі Інтернет,Львівська,69.67
2024,заклади дошкільної освіти зі швидкісним (більше 30 Мбіт/с) проводовим або безпроводовим доступом до мережі Інтернет,Миколаївська,63.8
2024,заклади дошкільної освіти зі швидкісним (більше 30 Мбіт/с) проводовим або безпроводовим доступом до мережі Інтернет,Одеська,86.29
2024,заклади дошкільної освіти зі швидкісним (більше 30 Мбіт/с) проводовим або безпроводовим доступом до мережі Інтернет,Полтавська,71.07
2024,заклади дошкільної освіти зі швидкісним (більше 30 Мбіт/с) проводовим або безпроводовим доступом до мережі Інтернет,Рівненська,65.67
2024,заклади дошкільної освіти зі швидкісним (більше 30 Мбіт/с) проводовим або безпроводовим доступом до мережі Інтернет,Сумська,79.39
2024,заклади дошкільної освіти зі швидкісним (більше 30 Мбіт/с) проводовим або безпроводовим доступом до мережі Інтернет,Тернопільська,69.83
2024,заклади дошкільної освіти зі швидкісним (більше 30 Мбіт/с) проводовим або безпроводовим доступом до мережі Інтернет,Харківська,66.82
2024,заклади дошкільної освіти зі швидкісним (більше 30 Мбіт/с) проводовим або безпроводовим доступом до мережі Інтернет,Херсонська,16.51
2024,заклади дошкільної освіти зі швидкісним (більше 30 Мбіт/с) проводовим або безпроводовим доступом до мережі Інтернет,Хмельницька,72.66
2024,заклади дошкільної освіти зі швидкісним (більше 30 Мбіт/с) проводовим або безпроводовим доступом до мережі Інтернет,Черкаська,82.26
2024,заклади дошкільної освіти зі швидкісним (більше 30 Мбіт/с) проводовим або безпроводовим доступом до мережі Інтернет,Чернівецька,89.0
2024,заклади дошкільної освіти зі швидкісним (більше 30 Мбіт/с) проводовим або безпроводовим доступом до мережі Інтернет,Чернігівська,54.59
2024,заклади дошкільної освіти зі швидкісним (більше 30 Мбіт/с) проводовим або безпроводовим доступом до мережі Інтернет,м. Київ,85.01
2024,заклади дошкільної освіти зі швидкісним (більше 30 Мбіт/с) проводовим або безпроводовим доступом до мережі Інтернет,м. Севастополь,
2025,заклади дошкільної освіти зі швидкісним (більше 30 Мбіт/с) проводовим або безпроводовим доступом до мережі Інтернет,Україна,74.98
2025,заклади дошкільної освіти зі швидкісним (більше 30 Мбіт/с) проводовим або безпроводовим доступом до мережі Інтернет,Автономна Республіка Крим,
2025,заклади дошкільної освіти зі швидкісним (більше 30 Мбіт/с) проводовим або безпроводовим доступом до мережі Інтернет,Вінницька,70.25
2025,заклади дошкільної освіти зі швидкісним (більше 30 Мбіт/с) проводовим або безпроводовим доступом до мережі Інтернет,Волинська,71.43
2025,заклади дошкільної освіти зі швидкісним (більше 30 Мбіт/с) проводовим або безпроводовим доступом до мережі Інтернет,Дніпропетровська,70.03
2025,заклади дошкільної освіти зі швидкісним (більше 30 Мбіт/с) проводовим або безпроводовим доступом до мережі Інтернет,Донецька,25.24
2025,заклади дошкільної освіти зі швидкісним (більше 30 Мбіт/с) проводовим або безпроводовим доступом до мережі Інтернет,Житомирська,75.82
2025,заклади дошкільної освіти зі швидкісним (більше 30 Мбіт/с) проводовим або безпроводовим доступом до мережі Інтернет,Закарпатська,70.7
2025,заклади дошкільної освіти зі швидкісним (більше 30 Мбіт/с) проводовим або безпроводовим доступом до мережі Інтернет,Запорізька,79.06
2025,заклади дошкільної освіти зі швидкісним (більше 30 Мбіт/с) проводовим або безпроводовим доступом до мережі Інтернет,Івано-Франківська,68.24
2025,заклади дошкільної освіти зі швидкісним (більше 30 Мбіт/с) проводовим або безпроводовим доступом до мережі Інтернет,Київська,86.32
2025,заклади дошкільної освіти зі швидкісним (більше 30 Мбіт/с) проводовим або безпроводовим доступом до мережі Інтернет,Кіровоградська,67.96
2025,заклади дошкільної освіти зі швидкісним (більше 30 Мбіт/с) проводовим або безпроводовим доступом до мережі Інтернет,Луганська,35.71
2025,заклади дошкільної освіти зі швидкісним (більше 30 Мбіт/с) проводовим або безпроводовим доступом до мережі Інтернет,Львівська,72.84
2025,заклади дошкільної освіти зі швидкісним (більше 30 Мбіт/с) проводовим або безпроводовим доступом до мережі Інтернет,Миколаївська,67.83
2025,заклади дошкільної освіти зі швидкісним (більше 30 Мбіт/с) проводовим або безпроводовим доступом до мережі Інтернет,Одеська,88.15
2025,заклади дошкільної освіти зі швидкісним (більше 30 Мбіт/с) проводовим або безпроводовим доступом до мережі Інтернет,Полтавська,77.22
2025,заклади дошкільної освіти зі швидкісним (більше 30 Мбіт/с) проводовим або безпроводовим доступом до мережі Інтернет,Рівненська,75.5
2025,заклади дошкільної освіти зі швидкісним (більше 30 Мбіт/с) проводовим або безпроводовим доступом до мережі Інтернет,Сумська,87.95
2025,заклади дошкільної освіти зі швидкісним (більше 30 Мбіт/с) проводовим або безпроводовим доступом до мережі Інтернет,Тернопільська,73.24
2025,заклади дошкільної освіти зі швидкісним (більше 30 Мбіт/с) проводовим або безпроводовим доступом до мережі Інтернет,Харківська,75.57
2025,заклади дошкільної освіти зі швидкісним (більше 30 Мбіт/с) проводовим або безпроводовим доступом до мережі Інтернет,Херсонська,16.52
2025,заклади дошкільної освіти зі швидкісним (більше 30 Мбіт/с) проводовим або безпроводовим доступом до мережі Інтернет,Хмельницька,81.48
2025,заклади дошкільної освіти зі швидкісним (більше 30 Мбіт/с) проводовим або безпроводовим доступом до мережі Інтернет,Черкаська,86.19
2025,заклади дошкільної освіти зі швидкісним (більше 30 Мбіт/с) проводовим або безпроводовим доступом до мережі Інтернет,Чернівецька,87.83
2025,заклади дошкільної освіти зі швидкісним (більше 30 Мбіт/с) проводовим або безпроводовим доступом до мережі Інтернет,Чернігівська,61.2
2025,заклади дошкільної освіти зі швидкісним (більше 30 Мбіт/с) проводовим або безпроводовим доступом до мережі Інтернет,м. Київ,88.06
2025,заклади дошкільної освіти зі швидкісним (більше 30 Мбіт/с) проводовим або безпроводовим доступом до мережі Інтернет,м. Севастополь,
2015,заклади загальної середньої освіти з доступом до мережі Інтернет (без зазначення швидкості),Україна,86.74
2015,заклади загальної середньої освіти з доступом до мережі Інтернет (без зазначення швидкості),Автономна Республіка Крим,
2015,заклади загальної середньої освіти з доступом до мережі Інтернет (без зазначення швидкості),Вінницька,83.91
2015,заклади загальної середньої освіти з доступом до мережі Інтернет (без зазначення швидкості),Волинська,74.86
2015,заклади загальної середньої освіти з доступом до мережі Інтернет (без зазначення швидкості),Дніпропетровська,97.71
2015,заклади загальної середньої освіти з доступом до мережі Інтернет (без зазначення швидкості),Донецька,90.98
2015,заклади загальної середньої освіти з доступом до мережі Інтернет (без зазначення швидкості),Житомирська,63.21
2015,заклади загальної середньої освіти з доступом до мережі Інтернет (без зазначення швидкості),Закарпатська,76.75
2015,заклади загальної середньої освіти з доступом до мережі Інтернет (без зазначення швидкості),Запорізька,100.0
2015,заклади загальної середньої освіти з доступом до мережі Інтернет (без зазначення швидкості),Івано-Франківська,81.78
2015,заклади загальної середньої освіти з доступом до мережі Інтернет (без зазначення швидкості),Київська,100.0
2015,заклади загальної середньої освіти з доступом до мережі Інтернет (без зазначення швидкості),Кіровоградська,96.53
2015,заклади загальної середньої освіти з доступом до мережі Інтернет (без зазначення швидкості),Луганська,94.39
2015,заклади загальної середньої освіти з доступом до мережі Інтернет (без зазначення швидкості),Львівська,60.41
2015,заклади загальної середньої освіти з доступом до мережі Інтернет (без зазначення швидкості),Миколаївська,94.76
2015,заклади загальної середньої освіти з доступом до мережі Інтернет (без зазначення швидкості),Одеська,80.38
2015,заклади загальної середньої освіти з доступом до мережі Інтернет (без зазначення швидкості),Полтавська,86.61
2015,заклади загальної середньої освіти з доступом до мережі Інтернет (без зазначення швидкості),Рівненська,92.72
2015,заклади загальної середньої освіти з доступом до мережі Інтернет (без зазначення швидкості),Сумська,92.35
2015,заклади загальної середньої освіти з доступом до мережі Інтернет (без зазначення швидкості),Тернопільська,75.39
2015,заклади загальної середньої освіти з доступом до мережі Інтернет (без зазначення швидкості),Харківська,99.75
2015,заклади загальної середньої освіти з доступом до мережі Інтернет (без зазначення швидкості),Херсонська,94.52
2015,заклади загальної середньої освіти з доступом до мережі Інтернет (без зазначення швидкості),Хмельницька,99.22
2015,заклади загальної середньої освіти з доступом до мережі Інтернет (без зазначення швидкості),Черкаська,98.21
2015,заклади загальної середньої освіти з доступом до мережі Інтернет (без зазначення швидкості),Чернівецька,92.22
2015,заклади загальної середньої освіти з доступом до мережі Інтернет (без зазначення швидкості),Чернігівська,93.44
2015,заклади загальної середньої освіти з доступом до мережі Інтернет (без зазначення швидкості),м. Київ,95.7
2015,заклади загальної середньої освіти з доступом до мережі Інтернет (без зазначення швидкості),м. Севастополь,
2016,заклади загальної середньої освіти з доступом до мережі Інтернет (без зазначення швидкості),Україна,89.71
2016,заклади загальної середньої освіти з доступом до мережі Інтернет (без зазначення швидкості),Автономна Республіка Крим,
2016,заклади загальної середньої освіти з доступом до мережі Інтернет (без зазначення швидкості),Вінницька,85.48
2016,заклади загальної середньої освіти з доступом до мережі Інтернет (без зазначення швидкості),Волинська,78.56
2016,заклади загальної середньої освіти з доступом до мережі Інтернет (без зазначення швидкості),Дніпропетровська,94.28
2016,заклади загальної середньої освіти з доступом до мережі Інтернет (без зазначення швидкості),Донецька,93.33
2016,заклади загальної середньої освіти з доступом до мережі Інтернет (без зазначення швидкості),Житомирська,90.25
2016,заклади загальної середньої освіти з доступом до мережі Інтернет (без зазначення швидкості),Закарпатська,78.81
2016,заклади загальної середньої освіти з доступом до мережі Інтернет (без зазначення швидкості),Запорізька,99.29
2016,заклади загальної середньої освіти з доступом до мережі Інтернет (без зазначення швидкості),Івано-Франківська,85.11
2016,заклади загальної середньої освіти з доступом до мережі Інтернет (без зазначення швидкості),Київська,99.86
2016,заклади загальної середньої освіти з доступом до мережі Інтернет (без зазначення швидкості),Кіровоградська,98.65
2016,заклади загальної середньої освіти з доступом до мережі Інтернет (без зазначення швидкості),Луганська,94.24
2016,заклади загальної середньої освіти з доступом до мережі Інтернет (без зазначення швидкості),Львівська,70.35
2016,заклади загальної середньої освіти з доступом до мережі Інтернет (без зазначення швидкості),Миколаївська,95.4
2016,заклади загальної середньої освіти з доступом до мережі Інтернет (без зазначення швидкості),Одеська,84.98
2016,заклади загальної середньої освіти з доступом до мережі Інтернет (без зазначення швидкості),Полтавська,91.13
2016,заклади загальної середньої освіти з доступом до мережі Інтернет (без зазначення швидкості),Рівненська,93.92
2016,заклади загальної середньої освіти з доступом до мережі Інтернет (без зазначення швидкості),Сумська,92.9
2016,заклади загальної середньої освіти з доступом до мережі Інтернет (без зазначення швидкості),Тернопільська,77.56
2016,заклади загальної середньої освіти з доступом до мережі Інтернет (без зазначення швидкості),Харківська,100.0
2016,заклади загальної середньої освіти з доступом до мережі Інтернет (без зазначення швидкості),Херсонська,100.0
2016,заклади загальної середньої освіти з доступом до мережі Інтернет (без зазначення швидкості),Хмельницька,93.11
2016,заклади загальної середньої освіти з доступом до мережі Інтернет (без зазначення швидкості),Черкаська,96.55
2016,заклади загальної середньої освіти з доступом до мережі Інтернет (без зазначення швидкості),Чернівецька,99.05
2016,заклади загальної середньої освіти з доступом до мережі Інтернет (без зазначення швидкості),Чернігівська,94.88
2016,заклади загальної середньої освіти з доступом до мережі Інтернет (без зазначення швидкості),м. Київ,96.54
2016,заклади загальної середньої освіти з доступом до мережі Інтернет (без зазначення швидкості),м. Севастополь,
2017,заклади загальної середньої освіти з доступом до мережі Інтернет (без зазначення швидкості),Україна,92.02
2017,заклади загальної середньої освіти з доступом до мережі Інтернет (без зазначення швидкості),Автономна Республіка Крим,
2017,заклади загальної середньої освіти з доступом до мережі Інтернет (без зазначення швидкості),Вінницька,86.46
2017,заклади загальної середньої освіти з доступом до мережі Інтернет (без зазначення швидкості),Волинська,81.65
2017,заклади загальної середньої освіти з доступом до мережі Інтернет (без зазначення швидкості),Дніпропетровська,95.87
2017,заклади загальної середньої освіти з доступом до мережі Інтернет (без зазначення швидкості),Донецька,96.98
2017,заклади загальної середньої освіти з доступом до мережі Інтернет (без зазначення швидкості),Житомирська,73.59
2017,заклади загальної середньої освіти з доступом до мережі Інтернет (без зазначення швидкості),Закарпатська,81.74
2017,заклади загальної середньої освіти з доступом до мережі Інтернет (без зазначення швидкості),Запорізька,98.9
2017,заклади загальної середньої освіти з доступом до мережі Інтернет (без зазначення швидкості),Івано-Франківська,89.24
2017,заклади загальної середньої освіти з доступом до мережі Інтернет (без зазначення швидкості),Київська,99.57
2017,заклади загальної середньої освіти з доступом до мережі Інтернет (без зазначення швидкості),Кіровоградська,100.0
2017,заклади загальної середньої освіти з доступом до мережі Інтернет (без зазначення швидкості),Луганська,96.53
2017,заклади загальної середньої освіти з доступом до мережі Інтернет (без зазначення швидкості),Львівська,87.09
2017,заклади загальної середньої освіти з доступом до мережі Інтернет (без зазначення швидкості),Миколаївська,96.84
2017,заклади загальної середньої освіти з доступом до мережі Інтернет (без зазначення швидкості),Одеська,88.92
2017,заклади загальної середньої освіти з доступом до мережі Інтернет (без зазначення швидкості),Полтавська,95.18
2017,заклади загальної середньої освіти з доступом до мережі Інтернет (без зазначення швидкості),Рівненська,95.51
2017,заклади загальної середньої освіти з доступом до мережі Інтернет (без зазначення швидкості),Сумська,94.52
2017,заклади загальної середньої освіти з доступом до мережі Інтернет (без зазначення швидкості),Тернопільська,82.36
2017,заклади загальної середньої освіти з доступом до мережі Інтернет (без зазначення швидкості),Харківська,100.0
2017,заклади загальної середньої освіти з доступом до мережі Інтернет (без зазначення швидкості),Херсонська,100.0
2017,заклади загальної середньої освіти з доступом до мережі Інтернет (без зазначення швидкості),Хмельницька,93.29
2017,заклади загальної середньої освіти з доступом до мережі Інтернет (без зазначення швидкості),Черкаська,98.82
2017,заклади загальної середньої освіти з доступом до мережі Інтернет (без зазначення швидкості),Чернівецька,99.52
2017,заклади загальної середньої освіти з доступом до мережі Інтернет (без зазначення швидкості),Чернігівська,95.01
2017,заклади загальної середньої освіти з доступом до мережі Інтернет (без зазначення швидкості),м. Київ,98.49
2017,заклади загальної середньої освіти з доступом до мережі Інтернет (без зазначення швидкості),м. Севастополь,
2018,заклади загальної середньої освіти з доступом до мережі Інтернет (без зазначення швидкості),Україна,
2018,заклади загальної середньої освіти з доступом до мережі Інтернет (без зазначення швидкості),Автономна Республіка Крим,
2018,заклади загальної середньої освіти з доступом до мережі Інтернет (без зазначення швидкості),Вінницька,
2018,заклади загальної середньої освіти з доступом до мережі Інтернет (без зазначення швидкості),Волинська,
2018,заклади загальної середньої освіти з доступом до мережі Інтернет (без зазначення швидкості),Дніпропетровська,
2018,заклади загальної середньої освіти з доступом до мережі Інтернет (без зазначення швидкості),Донецька,
2018,заклади загальної середньої освіти з доступом до мережі Інтернет (без зазначення швидкості),Житомирська,
2018,заклади загальної середньої освіти з доступом до мережі Інтернет (без зазначення швидкості),Закарпатська,
2018,заклади загальної середньої освіти з доступом до мережі Інтернет (без зазначення швидкості),Запорізька,
2018,заклади загальної середньої освіти з доступом до мережі Інтернет (без зазначення швидкості),Івано-Франківська,
2018,заклади загальної середньої освіти з доступом до мережі Інтернет (без зазначення швидкості),Київська,
2018,заклади загальної середньої освіти з доступом до мережі Інтернет (без зазначення швидкості),Кіровоградська,
2018,заклади загальної середньої освіти з доступом до мережі Інтернет (без зазначення швидкості),Луганська,
2018,заклади загальної середньої освіти з доступом до мережі Інтернет (без зазначення швидкості),Львівська,
2018,заклади загальної середньої освіти з доступом до мережі Інтернет (без зазначення швидкості),Миколаївська,
2018,заклади загальної середньої освіти з доступом до мережі Інтернет (без зазначення швидкості),Одеська,
2018,заклади загальної середньої освіти з доступом до мережі Інтернет (без зазначення швидкості),Полтавська,
2018,заклади загальної середньої освіти з доступом до мережі Інтернет (без зазначення швидкості),Рівненська,
2018,заклади загальної середньої освіти з доступом до мережі Інтернет (без зазначення швидкості),Сумська,
2018,заклади загальної середньої освіти з доступом до мережі Інтернет (без зазначення швидкості),Тернопільська,
2018,заклади загальної середньої освіти з доступом до мережі Інтернет (без зазначення швидкості),Харківська,
2018,заклади загальної середньої освіти з доступом до мережі Інтернет (без зазначення швидкості),Херсонська,
2018,заклади загальної середньої освіти з доступом до мережі Інтернет (без зазначення швидкості),Хмельницька,
2018,заклади загальної середньої освіти з доступом до мережі Інтернет (без зазначення швидкості),Черкаська,
2018,заклади загальної середньої освіти з доступом до мережі Інтернет (без зазначення швидкості),Чернівецька,
2018,заклади загальної середньої освіти з доступом до мережі Інтернет (без зазначення швидкості),Чернігівська,
2018,заклади загальної середньої освіти з доступом до мережі Інтернет (без зазначення швидкості),м. Київ,
2018,заклади загальної середньої освіти з доступом до мережі Інтернет (без зазначення швидкості),м. Севастополь,
2019,заклади загальної середньої освіти з доступом до мережі Інтернет (без зазначення швидкості),Україна,
2019,заклади загальної середньої освіти з доступом до мережі Інтернет (без зазначення швидкості),Автономна Республіка Крим,
2019,заклади загальної середньої освіти з доступом до мережі Інтернет (без зазначення швидкості),Вінницька,
2019,заклади загальної середньої освіти з доступом до мережі Інтернет (без зазначення швидкості),Волинська,
2019,заклади загальної середньої освіти з доступом до мережі Інтернет (без зазначення швидкості),Дніпропетровська,
2019,заклади загальної середньої освіти з доступом до мережі Інтернет (без зазначення швидкості),Донецька,
2019,заклади загальної середньої освіти з доступом до мережі Інтернет (без зазначення швидкості),Житомирська,
2019,заклади загальної середньої освіти з доступом до мережі Інтернет (без зазначення швидкості),Закарпатська,
2019,заклади загальної середньої освіти з доступом до мережі Інтернет (без зазначення швидкості),Запорізька,
2019,заклади загальної середньої освіти з доступом до мережі Інтернет (без зазначення швидкості),Івано-Франківська,
2019,заклади загальної середньої освіти з доступом до мережі Інтернет (без зазначення швидкості),Київська,
2019,заклади загальної середньої освіти з доступом до мережі Інтернет (без зазначення швидкості),Кіровоградська,
2019,заклади загальної середньої освіти з доступом до мережі Інтернет (без зазначення швидкості),Луганська,
2019,заклади загальної середньої освіти з доступом до мережі Інтернет (без зазначення швидкості),Львівська,
2019,заклади загальної середньої освіти з доступом до мережі Інтернет (без зазначення швидкості),Миколаївська,
2019,заклади загальної середньої освіти з доступом до мережі Інтернет (без зазначення швидкості),Одеська,
2019,заклади загальної середньої освіти з доступом до мережі Інтернет (без зазначення швидкості),Полтавська,
2019,заклади загальної середньої освіти з доступом до мережі Інтернет (без зазначення швидкості),Рівненська,
2019,заклади загальної середньої освіти з доступом до мережі Інтернет (без зазначення швидкості),Сумська,
2019,заклади загальної середньої освіти з доступом до мережі Інтернет (без зазначення швидкості),Тернопільська,
2019,заклади загальної середньої освіти з доступом до мережі Інтернет (без зазначення швидкості),Харківська,
2019,заклади загальної середньої освіти з доступом до мережі Інтернет (без зазначення швидкості),Херсонська,
2019,заклади загальної середньої освіти з доступом до мережі Інтернет (без зазначення швидкості),Хмельницька,
2019,заклади загальної середньої освіти з доступом до мережі Інтернет (без зазначення швидкості),Черкаська,
2019,заклади загальної середньої освіти з доступом до мережі Інтернет (без зазначення швидкості),Чернівецька,
2019,заклади загальної середньої освіти з доступом до мережі Інтернет (без зазначення швидкості),Чернігівська,
2019,заклади загальної середньої освіти з доступом до мережі Інтернет (без зазначення швидкості),м. Київ,
2019,заклади загальної середньої освіти з доступом до мережі Інтернет (без зазначення швидкості),м. Севастополь,
2020,заклади загальної середньої освіти з доступом до мережі Інтернет (без зазначення швидкості),Україна,
2020,заклади загальної середньої освіти з доступом до мережі Інтернет (без зазначення швидкості),Автономна Республіка Крим,
2020,заклади загальної середньої освіти з доступом до мережі Інтернет (без зазначення швидкості),Вінницька,
2020,заклади загальної середньої освіти з доступом до мережі Інтернет (без зазначення швидкості),Волинська,
2020,заклади загальної середньої освіти з доступом до мережі Інтернет (без зазначення швидкості),Дніпропетровська,
2020,заклади загальної середньої освіти з доступом до мережі Інтернет (без зазначення швидкості),Донецька,
2020,заклади загальної середньої освіти з доступом до мережі Інтернет (без зазначення швидкості),Житомирська,
2020,заклади загальної середньої освіти з доступом до мережі Інтернет (без зазначення швидкості),Закарпатська,
2020,заклади загальної середньої освіти з доступом до мережі Інтернет (без зазначення швидкості),Запорізька,
2020,заклади загальної середньої освіти з доступом до мережі Інтернет (без зазначення швидкості),Івано-Франківська,
2020,заклади загальної середньої освіти з доступом до мережі Інтернет (без зазначення швидкості),Київська,
2020,заклади загальної середньої освіти з доступом до мережі Інтернет (без зазначення швидкості),Кіровоградська,
2020,заклади загальної середньої освіти з доступом до мережі Інтернет (без зазначення швидкості),Луганська,
2020,заклади загальної середньої освіти з доступом до мережі Інтернет (без зазначення швидкості),Львівська,
2020,заклади загальної середньої освіти з доступом до мережі Інтернет (без зазначення швидкості),Миколаївська,
2020,заклади загальної середньої освіти з доступом до мережі Інтернет (без зазначення швидкості),Одеська,
2020,заклади загальної середньої освіти з доступом до мережі Інтернет (без зазначення швидкості),Полтавська,
2020,заклади загальної середньої освіти з доступом до мережі Інтернет (без зазначення швидкості),Рівненська,
2020,заклади загальної середньої освіти з доступом до мережі Інтернет (без зазначення швидкості),Сумська,
2020,заклади загальної середньої освіти з доступом до мережі Інтернет (без зазначення швидкості),Тернопільська,
2020,заклади загальної середньої освіти з доступом до мережі Інтернет (без зазначення швидкості),Харківська,
2020,заклади загальної середньої освіти з доступом до мережі Інтернет (без зазначення швидкості),Херсонська,
2020,заклади загальної середньої освіти з доступом до мережі Інтернет (без зазначення швидкості),Хмельницька,
2020,заклади загальної середньої освіти з доступом до мережі Інтернет (без зазначення швидкості),Черкаська,
2020,заклади загальної середньої освіти з доступом до мережі Інтернет (без зазначення швидкості),Чернівецька,
2020,заклади загальної середньої освіти з доступом до мережі Інтернет (без зазначення швидкості),Чернігівська,
2020,заклади загальної середньої освіти з доступом до мережі Інтернет (без зазначення швидкості),м. Київ,
2020,заклади загальної середньої освіти з доступом до мережі Інтернет (без зазначення швидкості),м. Севастополь,
2021,заклади загальної середньої освіти з доступом до мережі Інтернет (без зазначення швидкості),Україна,
2021,заклади загальної середньої освіти з доступом до мережі Інтернет (без зазначення швидкості),Автономна Республіка Крим,
2021,заклади загальної середньої освіти з доступом до мережі Інтернет (без зазначення швидкості),Вінницька,
2021,заклади загальної середньої освіти з доступом до мережі Інтернет (без зазначення швидкості),Волинська,
2021,заклади загальної середньої освіти з доступом до мережі Інтернет (без зазначення швидкості),Дніпропетровська,
2021,заклади загальної середньої освіти з доступом до мережі Інтернет (без зазначення швидкості),Донецька,
2021,заклади загальної середньої освіти з доступом до мережі Інтернет (без зазначення швидкості),Житомирська,
2021,заклади загальної середньої освіти з доступом до мережі Інтернет (без зазначення швидкості),Закарпатська,
2021,заклади загальної середньої освіти з доступом до мережі Інтернет (без зазначення швидкості),Запорізька,
2021,заклади загальної середньої освіти з доступом до мережі Інтернет (без зазначення швидкості),Івано-Франківська,
2021,заклади загальної середньої освіти з доступом до мережі Інтернет (без зазначення швидкості),Київська,
2021,заклади загальної середньої освіти з доступом до мережі Інтернет (без зазначення швидкості),Кіровоградська,
2021,заклади загальної середньої освіти з доступом до мережі Інтернет (без зазначення швидкості),Луганська,
2021,заклади загальної середньої освіти з доступом до мережі Інтернет (без зазначення швидкості),Львівська,
2021,заклади загальної середньої освіти з доступом до мережі Інтернет (без зазначення швидкості),Миколаївська,
2021,заклади загальної середньої освіти з доступом до мережі Інтернет (без зазначення швидкості),Одеська,
2021,заклади загальної середньої освіти з доступом до мережі Інтернет (без зазначення швидкості),Полтавська,
2021,заклади загальної середньої освіти з доступом до мережі Інтернет (без зазначення швидкості),Рівненська,
2021,заклади загальної середньої освіти з доступом до мережі Інтернет (без зазначення швидкості),Сумська,
2021,заклади загальної середньої освіти з доступом до мережі Інтернет (без зазначення швидкості),Тернопільська,
2021,заклади загальної середньої освіти з доступом до мережі Інтернет (без зазначення швидкості),Харківська,
2021,заклади загальної середньої освіти з доступом до мережі Інтернет (без зазначення швидкості),Херсонська,
2021,заклади загальної середньої освіти з доступом до мережі Інтернет (без зазначення швидкості),Хмельницька,
2021,заклади загальної середньої освіти з доступом до мережі Інтернет (без зазначення швидкості),Черкаська,
2021,заклади загальної середньої освіти з доступом до мережі Інтернет (без зазначення швидкості),Чернівецька,
2021,заклади загальної середньої освіти з доступом до мережі Інтернет (без зазначення швидкості),Чернігівська,
2021,заклади загальної середньої освіти з доступом до мережі Інтернет (без зазначення швидкості),м. Київ,
2021,заклади загальної середньої освіти з доступом до мережі Інтернет (без зазначення швидкості),м. Севастополь,
2022,заклади загальної середньої освіти з доступом до мережі Інтернет (без зазначення швидкості),Україна,
2022,заклади загальної середньої освіти з доступом до мережі Інтернет (без зазначення швидкості),Автономна Республіка Крим,
2022,заклади загальної середньої освіти з доступом до мережі Інтернет (без зазначення швидкості),Вінницька,
2022,заклади загальної середньої освіти з доступом до мережі Інтернет (без зазначення швидкості),Волинська,
2022,заклади загальної середньої освіти з доступом до мережі Інтернет (без зазначення швидкості),Дніпропетровська,
2022,заклади загальної середньої освіти з доступом до мережі Інтернет (без зазначення швидкості),Донецька,
2022,заклади загальної середньої освіти з доступом до мережі Інтернет (без зазначення швидкості),Житомирська,
2022,заклади загальної середньої освіти з доступом до мережі Інтернет (без зазначення швидкості),Закарпатська,
2022,заклади загальної середньої освіти з доступом до мережі Інтернет (без зазначення швидкості),Запорізька,
2022,заклади загальної середньої освіти з доступом до мережі Інтернет (без зазначення швидкості),Івано-Франківська,
2022,заклади загальної середньої освіти з доступом до мережі Інтернет (без зазначення швидкості),Київська,
2022,заклади загальної середньої освіти з доступом до мережі Інтернет (без зазначення швидкості),Кіровоградська,
2022,заклади загальної середньої освіти з доступом до мережі Інтернет (без зазначення швидкості),Луганська,
2022,заклади загальної середньої освіти з доступом до мережі Інтернет (без зазначення швидкості),Львівська,
2022,заклади загальної середньої освіти з доступом до мережі Інтернет (без зазначення швидкості),Миколаївська,
2022,заклади загальної середньої освіти з доступом до мережі Інтернет (без зазначення швидкості),Одеська,
2022,заклади загальної середньої освіти з доступом до мережі Інтернет (без зазначення швидкості),Полтавська,
2022,заклади загальної середньої освіти з доступом до мережі Інтернет (без зазначення швидкості),Рівненська,
2022,заклади загальної середньої освіти з доступом до мережі Інтернет (без зазначення швидкості),Сумська,
2022,заклади загальної середньої освіти з доступом до мережі Інтернет (без зазначення швидкості),Тернопільська,
2022,заклади загальної середньої освіти з доступом до мережі Інтернет (без зазначення швидкості),Харківська,
2022,заклади загальної середньої освіти з доступом до мережі Інтернет (без зазначення швидкості),Херсонська,
2022,заклади загальної середньої освіти з доступом до мережі Інтернет (без зазначення швидкості),Хмельницька,
2022,заклади загальної середньої освіти з доступом до мережі Інтернет (без зазначення швидкості),Черкаська,
2022,заклади загальної середньої освіти з доступом до мережі Інтернет (без зазначення швидкості),Чернівецька,
2022,заклади загальної середньої освіти з доступом до мережі Інтернет (без зазначення швидкості),Чернігівська,
2022,заклади загальної середньої освіти з доступом до мережі Інтернет (без зазначення швидкості),м. Київ,
2022,заклади загальної середньої освіти з доступом до мережі Інтернет (без зазначення швидкості),м. Севастополь,
2023,заклади загальної середньої освіти з доступом до мережі Інтернет (без зазначення швидкості),Україна,
2023,заклади загальної середньої освіти з доступом до мережі Інтернет (без зазначення швидкості),Автономна Республіка Крим,
2023,заклади загальної середньої освіти з доступом до мережі Інтернет (без зазначення швидкості),Вінницька,
2023,заклади загальної середньої освіти з доступом до мережі Інтернет (без зазначення швидкості),Волинська,
2023,заклади загальної середньої освіти з доступом до мережі Інтернет (без зазначення швидкості),Дніпропетровська,
2023,заклади загальної середньої освіти з доступом до мережі Інтернет (без зазначення швидкості),Донецька,
2023,заклади загальної середньої освіти з доступом до мережі Інтернет (без зазначення швидкості),Житомирська,
2023,заклади загальної середньої освіти з доступом до мережі Інтернет (без зазначення швидкості),Закарпатська,
2023,заклади загальної середньої освіти з доступом до мережі Інтернет (без зазначення швидкості),Запорізька,
2023,заклади загальної середньої освіти з доступом до мережі Інтернет (без зазначення швидкості),Івано-Франківська,
2023,заклади загальної середньої освіти з доступом до мережі Інтернет (без зазначення швидкості),Київська,
2023,заклади загальної середньої освіти з доступом до мережі Інтернет (без зазначення швидкості),Кіровоградська,
2023,заклади загальної середньої освіти з доступом до мережі Інтернет (без зазначення швидкості),Луганська,
2023,заклади загальної середньої освіти з доступом до мережі Інтернет (без зазначення швидкості),Львівська,
2023,заклади загальної середньої освіти з доступом до мережі Інтернет (без зазначення швидкості),Миколаївська,
2023,заклади загальної середньої освіти з доступом до мережі Інтернет (без зазначення швидкості),Одеська,
2023,заклади загальної середньої освіти з доступом до мережі Інтернет (без зазначення швидкості),Полтавська,
2023,заклади загальної середньої освіти з доступом до мережі Інтернет (без зазначення швидкості),Рівненська,
2023,заклади загальної середньої освіти з доступом до мережі Інтернет (без зазначення швидкості),Сумська,
2023,заклади загальної середньої освіти з доступом до мережі Інтернет (без зазначення швидкості),Тернопільська,
2023,заклади загальної середньої освіти з доступом до мережі Інтернет (без зазначення швидкості),Харківська,
2023,заклади загальної середньої освіти з доступом до мережі Інтернет (без зазначення швидкості),Херсонська,
2023,заклади загальної середньої освіти з доступом до мережі Інтернет (без зазначення швидкості),Хмельницька,
2023,заклади загальної середньої освіти з доступом до мережі Інтернет (без зазначення швидкості),Черкаська,
2023,заклади загальної середньої освіти з доступом до мережі Інтернет (без зазначення швидкості),Чернівецька,
2023,заклади загальної середньої освіти з доступом до мережі Інтернет (без зазначення швидкості),Чернігівська,
2023,заклади загальної середньої освіти з доступом до мережі Інтернет (без зазначення швидкості),м. Київ,
2023,заклади загальної середньої освіти з доступом до мережі Інтернет (без зазначення швидкості),м. Севастополь,
2024,заклади загальної середньої освіти з доступом до мережі Інтернет (без зазначення швидкості),Україна,
2024,заклади загальної середньої освіти з доступом до мережі Інтернет (без зазначення швидкості),Автономна Республіка Крим,
2024,заклади загальної середньої освіти з доступом до мережі Інтернет (без зазначення швидкості),Вінницька,
2024,заклади загальної середньої освіти з доступом до мережі Інтернет (без зазначення швидкості),Волинська,
2024,заклади загальної середньої освіти з доступом до мережі Інтернет (без зазначення швидкості),Дніпропетровська,
2024,заклади загальної середньої освіти з доступом до мережі Інтернет (без зазначення швидкості),Донецька,
2024,заклади загальної середньої освіти з доступом до мережі Інтернет (без зазначення швидкості),Житомирська,
2024,заклади загальної середньої освіти з доступом до мережі Інтернет (без зазначення швидкості),Закарпатська,
2024,заклади загальної середньої освіти з доступом до мережі Інтернет (без зазначення швидкості),Запорізька,
2024,заклади загальної середньої освіти з доступом до мережі Інтернет (без зазначення швидкості),Івано-Франківська,
2024,заклади загальної середньої освіти з доступом до мережі Інтернет (без зазначення швидкості),Київська,
2024,заклади загальної середньої освіти з доступом до мережі Інтернет (без зазначення швидкості),Кіровоградська,
2024,заклади загальної середньої освіти з доступом до мережі Інтернет (без зазначення швидкості),Луганська,
2024,заклади загальної середньої освіти з доступом до мережі Інтернет (без зазначення швидкості),Львівська,
2024,заклади загальної середньої освіти з доступом до мережі Інтернет (без зазначення швидкості),Миколаївська,
2024,заклади загальної середньої освіти з доступом до мережі Інтернет (без зазначення швидкості),Одеська,
2024,заклади загальної середньої освіти з доступом до мережі Інтернет (без зазначення швидкості),Полтавська,
2024,заклади загальної середньої освіти з доступом до мережі Інтернет (без зазначення швидкості),Рівненська,
2024,заклади загальної середньої освіти з доступом до мережі Інтернет (без зазначення швидкості),Сумська,
2024,заклади загальної середньої освіти з доступом до мережі Інтернет (без зазначення швидкості),Тернопільська,
2024,заклади загальної середньої освіти з доступом до мережі Інтернет (без зазначення швидкості),Харківська,
2024,заклади загальної середньої освіти з доступом до мережі Інтернет (без зазначення швидкості),Херсонська,
2024,заклади загальної середньої освіти з доступом до мережі Інтернет (без зазначення швидкості),Хмельницька,
2024,заклади загальної середньої освіти з доступом до мережі Інтернет (без зазначення швидкості),Черкаська,
2024,заклади загальної середньої освіти з доступом до мережі Інтернет (без зазначення швидкості),Чернівецька,
2024,заклади загальної середньої освіти з доступом до мережі Інтернет (без зазначення швидкості),Чернігівська,
2024,заклади загальної середньої освіти з доступом до мережі Інтернет (без зазначення швидкості),м. Київ,
2024,заклади загальної середньої освіти з доступом до мережі Інтернет (без зазначення швидкості),м. Севастополь,
2025,заклади загальної середньої освіти з доступом до мережі Інтернет (без зазначення швидкості),Україна,
2025,заклади загальної середньої освіти з доступом до мережі Інтернет (без зазначення швидкості),Автономна Республіка Крим,
2025,заклади загальної середньої освіти з доступом до мережі Інтернет (без зазначення швидкості),Вінницька,
2025,заклади загальної середньої освіти з доступом до мережі Інтернет (без зазначення швидкості),Волинська,
2025,заклади загальної середньої освіти з доступом до мережі Інтернет (без зазначення швидкості),Дніпропетровська,
2025,заклади загальної середньої освіти з доступом до мережі Інтернет (без зазначення швидкості),Донецька,
2025,заклади загальної середньої освіти з доступом до мережі Інтернет (без зазначення швидкості),Житомирська,
2025,заклади загальної середньої освіти з доступом до мережі Інтернет (без зазначення швидкості),Закарпатська,
2025,заклади загальної середньої освіти з доступом до мережі Інтернет (без зазначення швидкості),Запорізька,
2025,заклади загальної середньої освіти з доступом до мережі Інтернет (без зазначення швидкості),Івано-Франківська,
2025,заклади загальної середньої освіти з доступом до мережі Інтернет (без зазначення швидкості),Київська,
2025,заклади загальної середньої освіти з доступом до мережі Інтернет (без зазначення швидкості),Кіровоградська,
2025,заклади загальної середньої освіти з доступом до мережі Інтернет (без зазначення швидкості),Луганська,
2025,заклади загальної середньої освіти з доступом до мережі Інтернет (без зазначення швидкості),Львівська,
2025,заклади загальної середньої освіти з доступом до мережі Інтернет (без зазначення швидкості),Миколаївська,
2025,заклади загальної середньої освіти з доступом до мережі Інтернет (без зазначення швидкості),Одеська,
2025,заклади загальної середньої освіти з доступом до мережі Інтернет (без зазначення швидкості),Полтавська,
2025,заклади загальної середньої освіти з доступом до мережі Інтернет (без зазначення швидкості),Рівненська,
2025,заклади загальної середньої освіти з доступом до мережі Інтернет (без зазначення швидкості),Сумська,
2025,заклади загальної середньої освіти з доступом до мережі Інтернет (без зазначення швидкості),Тернопільська,
2025,заклади загальної середньої освіти з доступом до мережі Інтернет (без зазначення швидкості),Харківська,
2025,заклади загальної середньої освіти з доступом до мережі Інтернет (без зазначення швидкості),Херсонська,
2025,заклади загальної середньої освіти з доступом до мережі Інтернет (без зазначення швидкості),Хмельницька,
2025,заклади загальної середньої освіти з доступом до мережі Інтернет (без зазначення швидкості),Черкаська,
2025,заклади загальної середньої освіти з доступом до мережі Інтернет (без зазначення швидкості),Чернівецька,
2025,заклади загальної середньої освіти з доступом до мережі Інтернет (без зазначення швидкості),Чернігівська,
2025,заклади загальної середньої освіти з доступом до мережі Інтернет (без зазначення швидкості),м. Київ,
2025,заклади загальної середньої освіти з доступом до мережі Інтернет (без зазначення швидкості),м. Севастополь,
2015,заклади загальної середньої освіти з широкосмуговим проводовим швидкісним (більше 30 Мбіт/с) доступом до мережі Інтернет,Україна,
2015,заклади загальної середньої освіти з широкосмуговим проводовим швидкісним (більше 30 Мбіт/с) доступом до мережі Інтернет,Автономна Республіка Крим,
2015,заклади загальної середньої освіти з широкосмуговим проводовим швидкісним (більше 30 Мбіт/с) доступом до мережі Інтернет,Вінницька,
2015,заклади загальної середньої освіти з широкосмуговим проводовим швидкісним (більше 30 Мбіт/с) доступом до мережі Інтернет,Волинська,
2015,заклади загальної середньої освіти з широкосмуговим проводовим швидкісним (більше 30 Мбіт/с) доступом до мережі Інтернет,Дніпропетровська,
2015,заклади загальної середньої освіти з широкосмуговим проводовим швидкісним (більше 30 Мбіт/с) доступом до мережі Інтернет,Донецька,
2015,заклади загальної середньої освіти з широкосмуговим проводовим швидкісним (більше 30 Мбіт/с) доступом до мережі Інтернет,Житомирська,
2015,заклади загальної середньої освіти з широкосмуговим проводовим швидкісним (більше 30 Мбіт/с) доступом до мережі Інтернет,Закарпатська,
2015,заклади загальної середньої освіти з широкосмуговим проводовим швидкісним (більше 30 Мбіт/с) доступом до мережі Інтернет,Запорізька,
2015,заклади загальної середньої освіти з широкосмуговим проводовим швидкісним (більше 30 Мбіт/с) доступом до мережі Інтернет,Івано-Франківська,
2015,заклади загальної середньої освіти з широкосмуговим проводовим швидкісним (більше 30 Мбіт/с) доступом до мережі Інтернет,Київська,
2015,заклади загальної середньої освіти з широкосмуговим проводовим швидкісним (більше 30 Мбіт/с) доступом до мережі Інтернет,Кіровоградська,
2015,заклади загальної середньої освіти з широкосмуговим проводовим швидкісним (більше 30 Мбіт/с) доступом до мережі Інтернет,Луганська,
2015,заклади загальної середньої освіти з широкосмуговим проводовим швидкісним (більше 30 Мбіт/с) доступом до мережі Інтернет,Львівська,
2015,заклади загальної середньої освіти з широкосмуговим проводовим швидкісним (більше 30 Мбіт/с) доступом до мережі Інтернет,Миколаївська,
2015,заклади загальної середньої освіти з широкосмуговим проводовим швидкісним (більше 30 Мбіт/с) доступом до мережі Інтернет,Одеська,
2015,заклади загальної середньої освіти з широкосмуговим проводовим швидкісним (більше 30 Мбіт/с) доступом до мережі Інтернет,Полтавська,
2015,заклади загальної середньої освіти з широкосмуговим проводовим швидкісним (більше 30 Мбіт/с) доступом до мережі Інтернет,Рівненська,
2015,заклади загальної середньої освіти з широкосмуговим проводовим швидкісним (більше 30 Мбіт/с) доступом до мережі Інтернет,Сумська,
2015,заклади загальної середньої освіти з широкосмуговим проводовим швидкісним (більше 30 Мбіт/с) доступом до мережі Інтернет,Тернопільська,
2015,заклади загальної середньої освіти з широкосмуговим проводовим швидкісним (більше 30 Мбіт/с) доступом до мережі Інтернет,Харківська,
2015,заклади загальної середньої освіти з широкосмуговим проводовим швидкісним (більше 30 Мбіт/с) доступом до мережі Інтернет,Херсонська,
2015,заклади загальної середньої освіти з широкосмуговим проводовим швидкісним (більше 30 Мбіт/с) доступом до мережі Інтернет,Хмельницька,
2015,заклади загальної середньої освіти з широкосмуговим проводовим швидкісним (більше 30 Мбіт/с) доступом до мережі Інтернет,Черкаська,
2015,заклади загальної середньої освіти з широкосмуговим проводовим швидкісним (більше 30 Мбіт/с) доступом до мережі Інтернет,Чернівецька,
2015,заклади загальної середньої освіти з широкосмуговим проводовим швидкісним (більше 30 Мбіт/с) доступом до мережі Інтернет,Чернігівська,
2015,заклади загальної середньої освіти з широкосмуговим проводовим швидкісним (більше 30 Мбіт/с) доступом до мережі Інтернет,м. Київ,
2015,заклади загальної середньої освіти з широкосмуговим проводовим швидкісним (більше 30 Мбіт/с) доступом до мережі Інтернет,м. Севастополь,
2016,заклади загальної середньої освіти з широкосмуговим проводовим швидкісним (більше 30 Мбіт/с) доступом до мережі Інтернет,Україна,
2016,заклади загальної середньої освіти з широкосмуговим проводовим швидкісним (більше 30 Мбіт/с) доступом до мережі Інтернет,Автономна Республіка Крим,
2016,заклади загальної середньої освіти з широкосмуговим проводовим швидкісним (більше 30 Мбіт/с) доступом до мережі Інтернет,Вінницька,
2016,заклади загальної середньої освіти з широкосмуговим проводовим швидкісним (більше 30 Мбіт/с) доступом до мережі Інтернет,Волинська,
2016,заклади загальної середньої освіти з широкосмуговим проводовим швидкісним (більше 30 Мбіт/с) доступом до мережі Інтернет,Дніпропетровська,
2016,заклади загальної середньої освіти з широкосмуговим проводовим швидкісним (більше 30 Мбіт/с) доступом до мережі Інтернет,Донецька,
2016,заклади загальної середньої освіти з широкосмуговим проводовим швидкісним (більше 30 Мбіт/с) доступом до мережі Інтернет,Житомирська,
2016,заклади загальної середньої освіти з широкосмуговим проводовим швидкісним (більше 30 Мбіт/с) доступом до мережі Інтернет,Закарпатська,
2016,заклади загальної середньої освіти з широкосмуговим проводовим швидкісним (більше 30 Мбіт/с) доступом до мережі Інтернет,Запорізька,
2016,заклади загальної середньої освіти з широкосмуговим проводовим швидкісним (більше 30 Мбіт/с) доступом до мережі Інтернет,Івано-Франківська,
2016,заклади загальної середньої освіти з широкосмуговим проводовим швидкісним (більше 30 Мбіт/с) доступом до мережі Інтернет,Київська,
2016,заклади загальної середньої освіти з широкосмуговим проводовим швидкісним (більше 30 Мбіт/с) доступом до мережі Інтернет,Кіровоградська,
2016,заклади загальної середньої освіти з широкосмуговим проводовим швидкісним (більше 30 Мбіт/с) доступом до мережі Інтернет,Луганська,
2016,заклади загальної середньої освіти з широкосмуговим проводовим швидкісним (більше 30 Мбіт/с) доступом до мережі Інтернет,Львівська,
2016,заклади загальної середньої освіти з широкосмуговим проводовим швидкісним (більше 30 Мбіт/с) доступом до мережі Інтернет,Миколаївська,
2016,заклади загальної середньої освіти з широкосмуговим проводовим швидкісним (більше 30 Мбіт/с) доступом до мережі Інтернет,Одеська,
2016,заклади загальної середньої освіти з широкосмуговим проводовим швидкісним (більше 30 Мбіт/с) доступом до мережі Інтернет,Полтавська,
2016,заклади загальної середньої освіти з широкосмуговим проводовим швидкісним (більше 30 Мбіт/с) доступом до мережі Інтернет,Рівненська,
2016,заклади загальної середньої освіти з широкосмуговим проводовим швидкісним (більше 30 Мбіт/с) доступом до мережі Інтернет,Сумська,
2016,заклади загальної середньої освіти з широкосмуговим проводовим швидкісним (більше 30 Мбіт/с) доступом до мережі Інтернет,Тернопільська,
2016,заклади загальної середньої освіти з широкосмуговим проводовим швидкісним (більше 30 Мбіт/с) доступом до мережі Інтернет,Харківська,
2016,заклади загальної середньої освіти з широкосмуговим проводовим швидкісним (більше 30 Мбіт/с) доступом до мережі Інтернет,Херсонська,
2016,заклади загальної середньої освіти з широкосмуговим проводовим швидкісним (більше 30 Мбіт/с) доступом до мережі Інтернет,Хмельницька,
2016,заклади загальної середньої освіти з широкосмуговим проводовим швидкісним (більше 30 Мбіт/с) доступом до мережі Інтернет,Черкаська,
2016,заклади загальної середньої освіти з широкосмуговим проводовим швидкісним (більше 30 Мбіт/с) доступом до мережі Інтернет,Чернівецька,
2016,заклади загальної середньої освіти з широкосмуговим проводовим швидкісним (більше 30 Мбіт/с) доступом до мережі Інтернет,Чернігівська,
2016,заклади загальної середньої освіти з широкосмуговим проводовим швидкісним (більше 30 Мбіт/с) доступом до мережі Інтернет,м. Київ,
2016,заклади загальної середньої освіти з широкосмуговим проводовим швидкісним (більше 30 Мбіт/с) доступом до мережі Інтернет,м. Севастополь,
2017,заклади загальної середньої освіти з широкосмуговим проводовим швидкісним (більше 30 Мбіт/с) доступом до мережі Інтернет,Україна,
2017,заклади загальної середньої освіти з широкосмуговим проводовим швидкісним (більше 30 Мбіт/с) доступом до мережі Інтернет,Автономна Республіка Крим,
2017,заклади загальної середньої освіти з широкосмуговим проводовим швидкісним (більше 30 Мбіт/с) доступом до мережі Інтернет,Вінницька,
2017,заклади загальної середньої освіти з широкосмуговим проводовим швидкісним (більше 30 Мбіт/с) доступом до мережі Інтернет,Волинська,
2017,заклади загальної середньої освіти з широкосмуговим проводовим швидкісним (більше 30 Мбіт/с) доступом до мережі Інтернет,Дніпропетровська,
2017,заклади загальної середньої освіти з широкосмуговим проводовим швидкісним (більше 30 Мбіт/с) доступом до мережі Інтернет,Донецька,
2017,заклади загальної середньої освіти з широкосмуговим проводовим швидкісним (більше 30 Мбіт/с) доступом до мережі Інтернет,Житомирська,
2017,заклади загальної середньої освіти з широкосмуговим проводовим швидкісним (більше 30 Мбіт/с) доступом до мережі Інтернет,Закарпатська,
2017,заклади загальної середньої освіти з широкосмуговим проводовим швидкісним (більше 30 Мбіт/с) доступом до мережі Інтернет,Запорізька,
2017,заклади загальної середньої освіти з широкосмуговим проводовим швидкісним (більше 30 Мбіт/с) доступом до мережі Інтернет,Івано-Франківська,
2017,заклади загальної середньої освіти з широкосмуговим проводовим швидкісним (більше 30 Мбіт/с) доступом до мережі Інтернет,Київська,
2017,заклади загальної середньої освіти з широкосмуговим проводовим швидкісним (більше 30 Мбіт/с) доступом до мережі Інтернет,Кіровоградська,
2017,заклади загальної середньої освіти з широкосмуговим проводовим швидкісним (більше 30 Мбіт/с) доступом до мережі Інтернет,Луганська,
2017,заклади загальної середньої освіти з широкосмуговим проводовим швидкісним (більше 30 Мбіт/с) доступом до мережі Інтернет,Львівська,
2017,заклади загальної середньої освіти з широкосмуговим проводовим швидкісним (більше 30 Мбіт/с) доступом до мережі Інтернет,Миколаївська,
2017,заклади загальної середньої освіти з широкосмуговим проводовим швидкісним (більше 30 Мбіт/с) доступом до мережі Інтернет,Одеська,
2017,заклади загальної середньої освіти з широкосмуговим проводовим швидкісним (більше 30 Мбіт/с) доступом до мережі Інтернет,Полтавська,
2017,заклади загальної середньої освіти з широкосмуговим проводовим швидкісним (більше 30 Мбіт/с) доступом до мережі Інтернет,Рівненська,
2017,заклади загальної середньої освіти з широкосмуговим проводовим швидкісним (більше 30 Мбіт/с) доступом до мережі Інтернет,Сумська,
2017,заклади загальної середньої освіти з широкосмуговим проводовим швидкісним (більше 30 Мбіт/с) доступом до мережі Інтернет,Тернопільська,
2017,заклади загальної середньої освіти з широкосмуговим проводовим швидкісним (більше 30 Мбіт/с) доступом до мережі Інтернет,Харківська,
2017,заклади загальної середньої освіти з широкосмуговим проводовим швидкісним (більше 30 Мбіт/с) доступом до мережі Інтернет,Херсонська,
2017,заклади загальної середньої освіти з широкосмуговим проводовим швидкісним (більше 30 Мбіт/с) доступом до мережі Інтернет,Хмельницька,
2017,заклади загальної середньої освіти з широкосмуговим проводовим швидкісним (більше 30 Мбіт/с) доступом до мережі Інтернет,Черкаська,
2017,заклади загальної середньої освіти з широкосмуговим проводовим швидкісним (більше 30 Мбіт/с) доступом до мережі Інтернет,Чернівецька,
2017,заклади загальної середньої освіти з широкосмуговим проводовим швидкісним (більше 30 Мбіт/с) доступом до мережі Інтернет,Чернігівська,
2017,заклади загальної середньої освіти з широкосмуговим проводовим швидкісним (більше 30 Мбіт/с) доступом до мережі Інтернет,м. Київ,
2017,заклади загальної середньої освіти з широкосмуговим проводовим швидкісним (більше 30 Мбіт/с) доступом до мережі Інтернет,м. Севастополь,
2018,заклади загальної середньої освіти з широкосмуговим проводовим швидкісним (більше 30 Мбіт/с) доступом до мережі Інтернет,Україна,31.29
2018,заклади загальної середньої освіти з широкосмуговим проводовим швидкісним (більше 30 Мбіт/с) доступом до мережі Інтернет,Автономна Республіка Крим,
2018,заклади загальної середньої освіти з широкосмуговим проводовим швидкісним (більше 30 Мбіт/с) доступом до мережі Інтернет,Вінницька,14.67
2018,заклади загальної середньої освіти з широкосмуговим проводовим швидкісним (більше 30 Мбіт/с) доступом до мережі Інтернет,Волинська,21.75
2018,заклади загальної середньої освіти з широкосмуговим проводовим швидкісним (більше 30 Мбіт/с) доступом до мережі Інтернет,Дніпропетровська,48.62
2018,заклади загальної середньої освіти з широкосмуговим проводовим швидкісним (більше 30 Мбіт/с) доступом до мережі Інтернет,Донецька,42.29
2018,заклади загальної середньої освіти з широкосмуговим проводовим швидкісним (більше 30 Мбіт/с) доступом до мережі Інтернет,Житомирська,18.83
2018,заклади загальної середньої освіти з широкосмуговим проводовим швидкісним (більше 30 Мбіт/с) доступом до мережі Інтернет,Закарпатська,22.63
2018,заклади загальної середньої освіти з широкосмуговим проводовим швидкісним (більше 30 Мбіт/с) доступом до мережі Інтернет,Запорізька,41.15
2018,заклади загальної середньої освіти з широкосмуговим проводовим швидкісним (більше 30 Мбіт/с) доступом до мережі Інтернет,Івано-Франківська,31.15
2018,заклади загальної середньої освіти з широкосмуговим проводовим швидкісним (більше 30 Мбіт/с) доступом до мережі Інтернет,Київська,47.17
2018,заклади загальної середньої освіти з широкосмуговим проводовим швидкісним (більше 30 Мбіт/с) доступом до мережі Інтернет,Кіровоградська,23.96
2018,заклади загальної середньої освіти з широкосмуговим проводовим швидкісним (більше 30 Мбіт/с) доступом до мережі Інтернет,Луганська,25.82
2018,заклади загальної середньої освіти з широкосмуговим проводовим швидкісним (більше 30 Мбіт/с) доступом до мережі Інтернет,Львівська,21.92
2018,заклади загальної середньої освіти з широкосмуговим проводовим швидкісним (більше 30 Мбіт/с) доступом до мережі Інтернет,Миколаївська,27.39
2018,заклади загальної середньої освіти з широкосмуговим проводовим швидкісним (більше 30 Мбіт/с) доступом до мережі Інтернет,Одеська,39.9
2018,заклади загальної середньої освіти з широкосмуговим проводовим швидкісним (більше 30 Мбіт/с) доступом до мережі Інтернет,Полтавська,25.33
2018,заклади загальної середньої освіти з широкосмуговим проводовим швидкісним (більше 30 Мбіт/с) доступом до мережі Інтернет,Рівненська,23.86
2018,заклади загальної середньої освіти з широкосмуговим проводовим швидкісним (більше 30 Мбіт/с) доступом до мережі Інтернет,Сумська,32.0
2018,заклади загальної середньої освіти з широкосмуговим проводовим швидкісним (більше 30 Мбіт/с) доступом до мережі Інтернет,Тернопільська,27.86
2018,заклади загальної середньої освіти з широкосмуговим проводовим швидкісним (більше 30 Мбіт/с) доступом до мережі Інтернет,Харківська,41.46
2018,заклади загальної середньої освіти з широкосмуговим проводовим швидкісним (більше 30 Мбіт/с) доступом до мережі Інтернет,Херсонська,19.81
2018,заклади загальної середньої освіти з широкосмуговим проводовим швидкісним (більше 30 Мбіт/с) доступом до мережі Інтернет,Хмельницька,26.01
2018,заклади загальної середньої освіти з широкосмуговим проводовим швидкісним (більше 30 Мбіт/с) доступом до мережі Інтернет,Черкаська,23.89
2018,заклади загальної середньої освіти з широкосмуговим проводовим швидкісним (більше 30 Мбіт/с) доступом до мережі Інтернет,Чернівецька,44.72
2018,заклади загальної середньої освіти з широкосмуговим проводовим швидкісним (більше 30 Мбіт/с) доступом до мережі Інтернет,Чернігівська,16.47
2018,заклади загальної середньої освіти з широкосмуговим проводовим швидкісним (більше 30 Мбіт/с) доступом до мережі Інтернет,м. Київ,79.87
2018,заклади загальної середньої освіти з широкосмуговим проводовим швидкісним (більше 30 Мбіт/с) доступом до мережі Інтернет,м. Севастополь,
2019,заклади загальної середньої освіти з широкосмуговим проводовим швидкісним (більше 30 Мбіт/с) доступом до мережі Інтернет,Україна,41.06
2019,заклади загальної середньої освіти з широкосмуговим проводовим швидкісним (більше 30 Мбіт/с) доступом до мережі Інтернет,Автономна Республіка Крим,
2019,заклади загальної середньої освіти з широкосмуговим проводовим швидкісним (більше 30 Мбіт/с) доступом до мережі Інтернет,Вінницька,21.22
2019,заклади загальної середньої освіти з широкосмуговим проводовим швидкісним (більше 30 Мбіт/с) доступом до мережі Інтернет,Волинська,34.05
2019,заклади загальної середньої освіти з широкосмуговим проводовим швидкісним (більше 30 Мбіт/с) доступом до мережі Інтернет,Дніпропетровська,52.8
2019,заклади загальної середньої освіти з широкосмуговим проводовим швидкісним (більше 30 Мбіт/с) доступом до мережі Інтернет,Донецька,58.72
2019,заклади загальної середньої освіти з широкосмуговим проводовим швидкісним (більше 30 Мбіт/с) доступом до мережі Інтернет,Житомирська,28.59
2019,заклади загальної середньої освіти з широкосмуговим проводовим швидкісним (більше 30 Мбіт/с) доступом до мережі Інтернет,Закарпатська,26.26
2019,заклади загальної середньої освіти з широкосмуговим проводовим швидкісним (більше 30 Мбіт/с) доступом до мережі Інтернет,Запорізька,50.39
2019,заклади загальної середньої освіти з широкосмуговим проводовим швидкісним (більше 30 Мбіт/с) доступом до мережі Інтернет,Івано-Франківська,40.95
2019,заклади загальної середньої освіти з широкосмуговим проводовим швидкісним (більше 30 Мбіт/с) доступом до мережі Інтернет,Київська,66.28
2019,заклади загальної середньої освіти з широкосмуговим проводовим швидкісним (більше 30 Мбіт/с) доступом до мережі Інтернет,Кіровоградська,36.04
2019,заклади загальної середньої освіти з широкосмуговим проводовим швидкісним (більше 30 Мбіт/с) доступом до мережі Інтернет,Луганська,32.1
2019,заклади загальної середньої освіти з широкосмуговим проводовим швидкісним (більше 30 Мбіт/с) доступом до мережі Інтернет,Львівська,31.6
2019,заклади загальної середньої освіти з широкосмуговим проводовим швидкісним (більше 30 Мбіт/с) доступом до мережі Інтернет,Миколаївська,32.12
2019,заклади загальної середньої освіти з широкосмуговим проводовим швидкісним (більше 30 Мбіт/с) доступом до мережі Інтернет,Одеська,46.43
2019,заклади загальної середньої освіти з широкосмуговим проводовим швидкісним (більше 30 Мбіт/с) доступом до мережі Інтернет,Полтавська,32.65
2019,заклади загальної середньої освіти з широкосмуговим проводовим швидкісним (більше 30 Мбіт/с) доступом до мережі Інтернет,Рівненська,40.31
2019,заклади загальної середньої освіти з широкосмуговим проводовим швидкісним (більше 30 Мбіт/с) доступом до мережі Інтернет,Сумська,44.06
2019,заклади загальної середньої освіти з широкосмуговим проводовим швидкісним (більше 30 Мбіт/с) доступом до мережі Інтернет,Тернопільська,48.2
2019,заклади загальної середньої освіти з широкосмуговим проводовим швидкісним (більше 30 Мбіт/с) доступом до мережі Інтернет,Харківська,51.04
2019,заклади загальної середньої освіти з широкосмуговим проводовим швидкісним (більше 30 Мбіт/с) доступом до мережі Інтернет,Херсонська,22.66
2019,заклади загальної середньої освіти з широкосмуговим проводовим швидкісним (більше 30 Мбіт/с) доступом до мережі Інтернет,Хмельницька,34.38
2019,заклади загальної середньої освіти з широкосмуговим проводовим швидкісним (більше 30 Мбіт/с) доступом до мережі Інтернет,Черкаська,35.66
2019,заклади загальної середньої освіти з широкосмуговим проводовим швидкісним (більше 30 Мбіт/с) доступом до мережі Інтернет,Чернівецька,63.54
2019,заклади загальної середньої освіти з широкосмуговим проводовим швидкісним (більше 30 Мбіт/с) доступом до мережі Інтернет,Чернігівська,19.92
2019,заклади загальної середньої освіти з широкосмуговим проводовим швидкісним (більше 30 Мбіт/с) доступом до мережі Інтернет,м. Київ,78.3
2019,заклади загальної середньої освіти з широкосмуговим проводовим швидкісним (більше 30 Мбіт/с) доступом до мережі Інтернет,м. Севастополь,
2020,заклади загальної середньої освіти з широкосмуговим проводовим швидкісним (більше 30 Мбіт/с) доступом до мережі Інтернет,Україна,60.49
2020,заклади загальної середньої освіти з широкосмуговим проводовим швидкісним (більше 30 Мбіт/с) доступом до мережі Інтернет,Автономна Республіка Крим,
2020,заклади загальної середньої освіти з широкосмуговим проводовим швидкісним (більше 30 Мбіт/с) доступом до мережі Інтернет,Вінницька,42.8
2020,заклади загальної середньої освіти з широкосмуговим проводовим швидкісним (більше 30 Мбіт/с) доступом до мережі Інтернет,Волинська,76.58
2020,заклади загальної середньої освіти з широкосмуговим проводовим швидкісним (більше 30 Мбіт/с) доступом до мережі Інтернет,Дніпропетровська,68.81
2020,заклади загальної середньої освіти з широкосмуговим проводовим швидкісним (більше 30 Мбіт/с) доступом до мережі Інтернет,Донецька,73.58
2020,заклади загальної середньої освіти з широкосмуговим проводовим швидкісним (більше 30 Мбіт/с) доступом до мережі Інтернет,Житомирська,36.82
2020,заклади загальної середньої освіти з широкосмуговим проводовим швидкісним (більше 30 Мбіт/с) доступом до мережі Інтернет,Закарпатська,50.08
2020,заклади загальної середньої освіти з широкосмуговим проводовим швидкісним (більше 30 Мбіт/с) доступом до мережі Інтернет,Запорізька,64.34
2020,заклади загальної середньої освіти з широкосмуговим проводовим швидкісним (більше 30 Мбіт/с) доступом до мережі Інтернет,Івано-Франківська,57.98
2020,заклади загальної середньої освіти з широкосмуговим проводовим швидкісним (більше 30 Мбіт/с) доступом до мережі Інтернет,Київська,79.22
2020,заклади загальної середньої освіти з широкосмуговим проводовим швидкісним (більше 30 Мбіт/с) доступом до мережі Інтернет,Кіровоградська,67.79
2020,заклади загальної середньої освіти з широкосмуговим проводовим швидкісним (більше 30 Мбіт/с) доступом до мережі Інтернет,Луганська,43.87
2020,заклади загальної середньої освіти з широкосмуговим проводовим швидкісним (більше 30 Мбіт/с) доступом до мережі Інтернет,Львівська,65.23
2020,заклади загальної середньої освіти з широкосмуговим проводовим швидкісним (більше 30 Мбіт/с) доступом до мережі Інтернет,Миколаївська,44.47
2020,заклади загальної середньої освіти з широкосмуговим проводовим швидкісним (більше 30 Мбіт/с) доступом до мережі Інтернет,Одеська,56.24
2020,заклади загальної середньої освіти з широкосмуговим проводовим швидкісним (більше 30 Мбіт/с) доступом до мережі Інтернет,Полтавська,56.61
2020,заклади загальної середньої освіти з широкосмуговим проводовим швидкісним (більше 30 Мбіт/с) доступом до мережі Інтернет,Рівненська,78.67
2020,заклади загальної середньої освіти з широкосмуговим проводовим швидкісним (більше 30 Мбіт/с) доступом до мережі Інтернет,Сумська,69.92
2020,заклади загальної середньої освіти з широкосмуговим проводовим швидкісним (більше 30 Мбіт/с) доступом до мережі Інтернет,Тернопільська,76.21
2020,заклади загальної середньої освіти з широкосмуговим проводовим швидкісним (більше 30 Мбіт/с) доступом до мережі Інтернет,Харківська,65.73
2020,заклади загальної середньої освіти з широкосмуговим проводовим швидкісним (більше 30 Мбіт/с) доступом до мережі Інтернет,Херсонська,53.65
2020,заклади загальної середньої освіти з широкосмуговим проводовим швидкісним (більше 30 Мбіт/с) доступом до мережі Інтернет,Хмельницька,47.05
2020,заклади загальної середньої освіти з широкосмуговим проводовим швидкісним (більше 30 Мбіт/с) доступом до мережі Інтернет,Черкаська,61.42
2020,заклади загальної середньої освіти з широкосмуговим проводовим швидкісним (більше 30 Мбіт/с) доступом до мережі Інтернет,Чернівецька,95.88
2020,заклади загальної середньої освіти з широкосмуговим проводовим швидкісним (більше 30 Мбіт/с) доступом до мережі Інтернет,Чернігівська,38.15
2020,заклади загальної середньої освіти з широкосмуговим проводовим швидкісним (більше 30 Мбіт/с) доступом до мережі Інтернет,м. Київ,34.26
2020,заклади загальної середньої освіти з широкосмуговим проводовим швидкісним (більше 30 Мбіт/с) доступом до мережі Інтернет,м. Севастополь,
2021,заклади загальної середньої освіти з широкосмуговим проводовим швидкісним (більше 30 Мбіт/с) доступом до мережі Інтернет,Україна,74.34
2021,заклади загальної середньої освіти з широкосмуговим проводовим швидкісним (більше 30 Мбіт/с) доступом до мережі Інтернет,Автономна Республіка Крим,
2021,заклади загальної середньої освіти з широкосмуговим проводовим швидкісним (більше 30 Мбіт/с) доступом до мережі Інтернет,Вінницька,63.21
2021,заклади загальної середньої освіти з широкосмуговим проводовим швидкісним (більше 30 Мбіт/с) доступом до мережі Інтернет,Волинська,85.71
2021,заклади загальної середньої освіти з широкосмуговим проводовим швидкісним (більше 30 Мбіт/с) доступом до мережі Інтернет,Дніпропетровська,75.43
2021,заклади загальної середньої освіти з широкосмуговим проводовим швидкісним (більше 30 Мбіт/с) доступом до мережі Інтернет,Донецька,88.03
2021,заклади загальної середньої освіти з широкосмуговим проводовим швидкісним (більше 30 Мбіт/с) доступом до мережі Інтернет,Житомирська,56.36
2021,заклади загальної середньої освіти з широкосмуговим проводовим швидкісним (більше 30 Мбіт/с) доступом до мережі Інтернет,Закарпатська,63.75
2021,заклади загальної середньої освіти з широкосмуговим проводовим швидкісним (більше 30 Мбіт/с) доступом до мережі Інтернет,Запорізька,75.63
2021,заклади загальної середньої освіти з широкосмуговим проводовим швидкісним (більше 30 Мбіт/с) доступом до мережі Інтернет,Івано-Франківська,71.12
2021,заклади загальної середньої освіти з широкосмуговим проводовим швидкісним (більше 30 Мбіт/с) доступом до мережі Інтернет,Київська,87.13
2021,заклади загальної середньої освіти з широкосмуговим проводовим швидкісним (більше 30 Мбіт/с) доступом до мережі Інтернет,Кіровоградська,75.17
2021,заклади загальної середньої освіти з широкосмуговим проводовим швидкісним (більше 30 Мбіт/с) доступом до мережі Інтернет,Луганська,46.8
2021,заклади загальної середньої освіти з широкосмуговим проводовим швидкісним (більше 30 Мбіт/с) доступом до мережі Інтернет,Львівська,76.51
2021,заклади загальної середньої освіти з широкосмуговим проводовим швидкісним (більше 30 Мбіт/с) доступом до мережі Інтернет,Миколаївська,53.17
2021,заклади загальної середньої освіти з широкосмуговим проводовим швидкісним (більше 30 Мбіт/с) доступом до мережі Інтернет,Одеська,75.6
2021,заклади загальної середньої освіти з широкосмуговим проводовим швидкісним (більше 30 Мбіт/с) доступом до мережі Інтернет,Полтавська,69.87
2021,заклади загальної середньої освіти з широкосмуговим проводовим швидкісним (більше 30 Мбіт/с) доступом до мережі Інтернет,Рівненська,87.76
2021,заклади загальної середньої освіти з широкосмуговим проводовим швидкісним (більше 30 Мбіт/с) доступом до мережі Інтернет,Сумська,81.27
2021,заклади загальної середньої освіти з широкосмуговим проводовим швидкісним (більше 30 Мбіт/с) доступом до мережі Інтернет,Тернопільська,85.47
2021,заклади загальної середньої освіти з широкосмуговим проводовим швидкісним (більше 30 Мбіт/с) доступом до мережі Інтернет,Харківська,74.0
2021,заклади загальної середньої освіти з широкосмуговим проводовим швидкісним (більше 30 Мбіт/с) доступом до мережі Інтернет,Херсонська,64.63
2021,заклади загальної середньої освіти з широкосмуговим проводовим швидкісним (більше 30 Мбіт/с) доступом до мережі Інтернет,Хмельницька,66.55
2021,заклади загальної середньої освіти з широкосмуговим проводовим швидкісним (більше 30 Мбіт/с) доступом до мережі Інтернет,Черкаська,78.42
2021,заклади загальної середньої освіти з широкосмуговим проводовим швидкісним (більше 30 Мбіт/с) доступом до мережі Інтернет,Чернівецька,99.13
2021,заклади загальної середньої освіти з широкосмуговим проводовим швидкісним (більше 30 Мбіт/с) доступом до мережі Інтернет,Чернігівська,53.11
2021,заклади загальної середньої освіти з широкосмуговим проводовим швидкісним (більше 30 Мбіт/с) доступом до мережі Інтернет,м. Київ,88.01
2021,заклади загальної середньої освіти з широкосмуговим проводовим швидкісним (більше 30 Мбіт/с) доступом до мережі Інтернет,м. Севастополь,
2022,заклади загальної середньої освіти з широкосмуговим проводовим швидкісним (більше 30 Мбіт/с) доступом до мережі Інтернет,Україна,77.8
2022,заклади загальної середньої освіти з широкосмуговим проводовим швидкісним (більше 30 Мбіт/с) доступом до мережі Інтернет,Автономна Республіка Крим,
2022,заклади загальної середньої освіти з широкосмуговим проводовим швидкісним (більше 30 Мбіт/с) доступом до мережі Інтернет,Вінницька,75.51
2022,заклади загальної середньої освіти з широкосмуговим проводовим швидкісним (більше 30 Мбіт/с) доступом до мережі Інтернет,Волинська,85.84
2022,заклади загальної середньої освіти з широкосмуговим проводовим швидкісним (більше 30 Мбіт/с) доступом до мережі Інтернет,Дніпропетровська,80.17
2022,заклади загальної середньої освіти з широкосмуговим проводовим швидкісним (більше 30 Мбіт/с) доступом до мережі Інтернет,Донецька,78.86
2022,заклади загальної середньої освіти з широкосмуговим проводовим швидкісним (більше 30 Мбіт/с) доступом до мережі Інтернет,Житомирська,65.94
2022,заклади загальної середньої освіти з широкосмуговим проводовим швидкісним (більше 30 Мбіт/с) доступом до мережі Інтернет,Закарпатська,69.23
2022,заклади загальної середньої освіти з широкосмуговим проводовим швидкісним (більше 30 Мбіт/с) доступом до мережі Інтернет,Запорізька,63.23
2022,заклади загальної середньої освіти з широкосмуговим проводовим швидкісним (більше 30 Мбіт/с) доступом до мережі Інтернет,Івано-Франківська,72.06
2022,заклади загальної середньої освіти з широкосмуговим проводовим швидкісним (більше 30 Мбіт/с) доступом до мережі Інтернет,Київська,88.46
2022,заклади загальної середньої освіти з широкосмуговим проводовим швидкісним (більше 30 Мбіт/с) доступом до мережі Інтернет,Кіровоградська,78.69
2022,заклади загальної середньої освіти з широкосмуговим проводовим швидкісним (більше 30 Мбіт/с) доступом до мережі Інтернет,Луганська,0.0
2022,заклади загальної середньої освіти з широкосмуговим проводовим швидкісним (більше 30 Мбіт/с) доступом до мережі Інтернет,Львівська,79.66
2022,заклади загальної середньої освіти з широкосмуговим проводовим швидкісним (більше 30 Мбіт/с) доступом до мережі Інтернет,Миколаївська,62.87
2022,заклади загальної середньої освіти з широкосмуговим проводовим швидкісним (більше 30 Мбіт/с) доступом до мережі Інтернет,Одеська,83.81
2022,заклади загальної середньої освіти з широкосмуговим проводовим швидкісним (більше 30 Мбіт/с) доступом до мережі Інтернет,Полтавська,78.52
2022,заклади загальної середньої освіти з широкосмуговим проводовим швидкісним (більше 30 Мбіт/с) доступом до мережі Інтернет,Рівненська,92.55
2022,заклади загальної середньої освіти з широкосмуговим проводовим швидкісним (більше 30 Мбіт/с) доступом до мережі Інтернет,Сумська,91.51
2022,заклади загальної середньої освіти з широкосмуговим проводовим швидкісним (більше 30 Мбіт/с) доступом до мережі Інтернет,Тернопільська,86.82
2022,заклади загальної середньої освіти з широкосмуговим проводовим швидкісним (більше 30 Мбіт/с) доступом до мережі Інтернет,Харківська,71.11
2022,заклади загальної середньої освіти з широкосмуговим проводовим швидкісним (більше 30 Мбіт/с) доступом до мережі Інтернет,Херсонська,0.6
2022,заклади загальної середньої освіти з широкосмуговим проводовим швидкісним (більше 30 Мбіт/с) доступом до мережі Інтернет,Хмельницька,76.29
2022,заклади загальної середньої освіти з широкосмуговим проводовим швидкісним (більше 30 Мбіт/с) доступом до мережі Інтернет,Черкаська,86.53
2022,заклади загальної середньої освіти з широкосмуговим проводовим швидкісним (більше 30 Мбіт/с) доступом до мережі Інтернет,Чернівецька,97.68
2022,заклади загальної середньої освіти з широкосмуговим проводовим швидкісним (більше 30 Мбіт/с) доступом до мережі Інтернет,Чернігівська,75.12
2022,заклади загальної середньої освіти з широкосмуговим проводовим швидкісним (більше 30 Мбіт/с) доступом до мережі Інтернет,м. Київ,86.18
2022,заклади загальної середньої освіти з широкосмуговим проводовим швидкісним (більше 30 Мбіт/с) доступом до мережі Інтернет,м. Севастополь,
2023,заклади загальної середньої освіти з широкосмуговим проводовим швидкісним (більше 30 Мбіт/с) доступом до мережі Інтернет,Україна,80.01
2023,заклади загальної середньої освіти з широкосмуговим проводовим швидкісним (більше 30 Мбіт/с) доступом до мережі Інтернет,Автономна Республіка Крим,
2023,заклади загальної середньої освіти з широкосмуговим проводовим швидкісним (більше 30 Мбіт/с) доступом до мережі Інтернет,Вінницька,77.51
2023,заклади загальної середньої освіти з широкосмуговим проводовим швидкісним (більше 30 Мбіт/с) доступом до мережі Інтернет,Волинська,89.51
2023,заклади загальної середньої освіти з широкосмуговим проводовим швидкісним (більше 30 Мбіт/с) доступом до мережі Інтернет,Дніпропетровська,80.07
2023,заклади загальної середньої освіти з широкосмуговим проводовим швидкісним (більше 30 Мбіт/с) доступом до мережі Інтернет,Донецька,87.64
2023,заклади загальної середньої освіти з широкосмуговим проводовим швидкісним (більше 30 Мбіт/с) доступом до мережі Інтернет,Житомирська,68.88
2023,заклади загальної середньої освіти з широкосмуговим проводовим швидкісним (більше 30 Мбіт/с) доступом до мережі Інтернет,Закарпатська,72.0
2023,заклади загальної середньої освіти з широкосмуговим проводовим швидкісним (більше 30 Мбіт/с) доступом до мережі Інтернет,Запорізька,46.8
2023,заклади загальної середньої освіти з широкосмуговим проводовим швидкісним (більше 30 Мбіт/с) доступом до мережі Інтернет,Івано-Франківська,75.54
2023,заклади загальної середньої освіти з широкосмуговим проводовим швидкісним (більше 30 Мбіт/с) доступом до мережі Інтернет,Київська,90.68
2023,заклади загальної середньої освіти з широкосмуговим проводовим швидкісним (більше 30 Мбіт/с) доступом до мережі Інтернет,Кіровоградська,84.81
2023,заклади загальної середньої освіти з широкосмуговим проводовим швидкісним (більше 30 Мбіт/с) доступом до мережі Інтернет,Луганська,0.0
2023,заклади загальної середньої освіти з широкосмуговим проводовим швидкісним (більше 30 Мбіт/с) доступом до мережі Інтернет,Львівська,81.45
2023,заклади загальної середньої освіти з широкосмуговим проводовим швидкісним (більше 30 Мбіт/с) доступом до мережі Інтернет,Миколаївська,68.91
2023,заклади загальної середньої освіти з широкосмуговим проводовим швидкісним (більше 30 Мбіт/с) доступом до мережі Інтернет,Одеська,86.03
2023,заклади загальної середньої освіти з широкосмуговим проводовим швидкісним (більше 30 Мбіт/с) доступом до мережі Інтернет,Полтавська,83.83
2023,заклади загальної середньої освіти з широкосмуговим проводовим швидкісним (більше 30 Мбіт/с) доступом до мережі Інтернет,Рівненська,92.24
2023,заклади загальної середньої освіти з широкосмуговим проводовим швидкісним (більше 30 Мбіт/с) доступом до мережі Інтернет,Сумська,90.03
2023,заклади загальної середньої освіти з широкосмуговим проводовим швидкісним (більше 30 Мбіт/с) доступом до мережі Інтернет,Тернопільська,88.25
2023,заклади загальної середньої освіти з широкосмуговим проводовим швидкісним (більше 30 Мбіт/с) доступом до мережі Інтернет,Харківська,71.0
2023,заклади загальної середньої освіти з широкосмуговим проводовим швидкісним (більше 30 Мбіт/с) доступом до мережі Інтернет,Херсонська,21.39
2023,заклади загальної середньої освіти з широкосмуговим проводовим швидкісним (більше 30 Мбіт/с) доступом до мережі Інтернет,Хмельницька,80.79
2023,заклади загальної середньої освіти з широкосмуговим проводовим швидкісним (більше 30 Мбіт/с) доступом до мережі Інтернет,Черкаська,93.0
2023,заклади загальної середньої освіти з широкосмуговим проводовим швидкісним (більше 30 Мбіт/с) доступом до мережі Інтернет,Чернівецька,98.82
2023,заклади загальної середньої освіти з широкосмуговим проводовим швидкісним (більше 30 Мбіт/с) доступом до мережі Інтернет,Чернігівська,80.66
2023,заклади загальної середньої освіти з широкосмуговим проводовим швидкісним (більше 30 Мбіт/с) доступом до мережі Інтернет,м. Київ,87.78
2023,заклади загальної середньої освіти з широкосмуговим проводовим швидкісним (більше 30 Мбіт/с) доступом до мережі Інтернет,м. Севастополь,
2024,заклади загальної середньої освіти з широкосмуговим проводовим швидкісним (більше 30 Мбіт/с) доступом до мережі Інтернет,Україна,80.45
2024,заклади загальної середньої освіти з широкосмуговим проводовим швидкісним (більше 30 Мбіт/с) доступом до мережі Інтернет,Автономна Республіка Крим,
2024,заклади загальної середньої освіти з широкосмуговим проводовим швидкісним (більше 30 Мбіт/с) доступом до мережі Інтернет,Вінницька,81.73
2024,заклади загальної середньої освіти з широкосмуговим проводовим швидкісним (більше 30 Мбіт/с) доступом до мережі Інтернет,Волинська,87.26
2024,заклади загальної середньої освіти з широкосмуговим проводовим швидкісним (більше 30 Мбіт/с) доступом до мережі Інтернет,Дніпропетровська,82.22
2024,заклади загальної середньої освіти з широкосмуговим проводовим швидкісним (більше 30 Мбіт/с) доступом до мережі Інтернет,Донецька,89.88
2024,заклади загальної середньої освіти з широкосмуговим проводовим швидкісним (більше 30 Мбіт/с) доступом до мережі Інтернет,Житомирська,70.25
2024,заклади загальної середньої освіти з широкосмуговим проводовим швидкісним (більше 30 Мбіт/с) доступом до мережі Інтернет,Закарпатська,71.73
2024,заклади загальної середньої освіти з широкосмуговим проводовим швидкісним (більше 30 Мбіт/с) доступом до мережі Інтернет,Запорізька,42.33
2024,заклади загальної середньої освіти з широкосмуговим проводовим швидкісним (більше 30 Мбіт/с) доступом до мережі Інтернет,Івано-Франківська,73.09
2024,заклади загальної середньої освіти з широкосмуговим проводовим швидкісним (більше 30 Мбіт/с) доступом до мережі Інтернет,Київська,90.16
2024,заклади загальної середньої освіти з широкосмуговим проводовим швидкісним (більше 30 Мбіт/с) доступом до мережі Інтернет,Кіровоградська,84.56
2024,заклади загальної середньої освіти з широкосмуговим проводовим швидкісним (більше 30 Мбіт/с) доступом до мережі Інтернет,Луганська,1.2
2024,заклади загальної середньої освіти з широкосмуговим проводовим швидкісним (більше 30 Мбіт/с) доступом до мережі Інтернет,Львівська,80.89
2024,заклади загальної середньої освіти з широкосмуговим проводовим швидкісним (більше 30 Мбіт/с) доступом до мережі Інтернет,Миколаївська,71.88
2024,заклади загальної середньої освіти з широкосмуговим проводовим швидкісним (більше 30 Мбіт/с) доступом до мережі Інтернет,Одеська,88.31
2024,заклади загальної середньої освіти з широкосмуговим проводовим швидкісним (більше 30 Мбіт/с) доступом до мережі Інтернет,Полтавська,85.0
2024,заклади загальної середньої освіти з широкосмуговим проводовим швидкісним (більше 30 Мбіт/с) доступом до мережі Інтернет,Рівненська,92.74
2024,заклади загальної середньої освіти з широкосмуговим проводовим швидкісним (більше 30 Мбіт/с) доступом до мережі Інтернет,Сумська,86.56
2024,заклади загальної середньої освіти з широкосмуговим проводовим швидкісним (більше 30 Мбіт/с) доступом до мережі Інтернет,Тернопільська,87.73
2024,заклади загальної середньої освіти з широкосмуговим проводовим швидкісним (більше 30 Мбіт/с) доступом до мережі Інтернет,Харківська,70.58
2024,заклади загальної середньої освіти з широкосмуговим проводовим швидкісним (більше 30 Мбіт/с) доступом до мережі Інтернет,Херсонська,21.26
2024,заклади загальної середньої освіти з широкосмуговим проводовим швидкісним (більше 30 Мбіт/с) доступом до мережі Інтернет,Хмельницька,81.68
2024,заклади загальної середньої освіти з широкосмуговим проводовим швидкісним (більше 30 Мбіт/с) доступом до мережі Інтернет,Черкаська,95.61
2024,заклади загальної середньої освіти з широкосмуговим проводовим швидкісним (більше 30 Мбіт/с) доступом до мережі Інтернет,Чернівецька,97.91
2024,заклади загальної середньої освіти з широкосмуговим проводовим швидкісним (більше 30 Мбіт/с) доступом до мережі Інтернет,Чернігівська,84.04
2024,заклади загальної середньої освіти з широкосмуговим проводовим швидкісним (більше 30 Мбіт/с) доступом до мережі Інтернет,м. Київ,87.87
2024,заклади загальної середньої освіти з широкосмуговим проводовим швидкісним (більше 30 Мбіт/с) доступом до мережі Інтернет,м. Севастополь,
2025,заклади загальної середньої освіти з широкосмуговим проводовим швидкісним (більше 30 Мбіт/с) доступом до мережі Інтернет,Україна,81.03
2025,заклади загальної середньої освіти з широкосмуговим проводовим швидкісним (більше 30 Мбіт/с) доступом до мережі Інтернет,Автономна Республіка Крим,
2025,заклади загальної середньої освіти з широкосмуговим проводовим швидкісним (більше 30 Мбіт/с) доступом до мережі Інтернет,Вінницька,83.0
2025,заклади загальної середньої освіти з широкосмуговим проводовим швидкісним (більше 30 Мбіт/с) доступом до мережі Інтернет,Волинська,87.94
2025,заклади загальної середньої освіти з широкосмуговим проводовим швидкісним (більше 30 Мбіт/с) доступом до мережі Інтернет,Дніпропетровська,78.18
2025,заклади загальної середньої освіти з широкосмуговим проводовим швидкісним (більше 30 Мбіт/с) доступом до мережі Інтернет,Донецька,89.77
2025,заклади загальної середньої освіти з широкосмуговим проводовим швидкісним (більше 30 Мбіт/с) доступом до мережі Інтернет,Житомирська,69.51
2025,заклади загальної середньої освіти з широкосмуговим проводовим швидкісним (більше 30 Мбіт/с) доступом до мережі Інтернет,Закарпатська,73.81
2025,заклади загальної середньої освіти з широкосмуговим проводовим швидкісним (більше 30 Мбіт/с) доступом до мережі Інтернет,Запорізька,46.67
2025,заклади загальної середньої освіти з широкосмуговим проводовим швидкісним (більше 30 Мбіт/с) доступом до мережі Інтернет,Івано-Франківська,76.1
2025,заклади загальної середньої освіти з широкосмуговим проводовим швидкісним (більше 30 Мбіт/с) доступом до мережі Інтернет,Київська,91.99
2025,заклади загальної середньої освіти з широкосмуговим проводовим швидкісним (більше 30 Мбіт/с) доступом до мережі Інтернет,Кіровоградська,81.88
2025,заклади загальної середньої освіти з широкосмуговим проводовим швидкісним (більше 30 Мбіт/с) доступом до мережі Інтернет,Луганська,0.0
2025,заклади загальної середньої освіти з широкосмуговим проводовим швидкісним (більше 30 Мбіт/с) доступом до мережі Інтернет,Львівська,79.6
2025,заклади загальної середньої освіти з широкосмуговим проводовим швидкісним (більше 30 Мбіт/с) доступом до мережі Інтернет,Миколаївська,75.57
2025,заклади загальної середньої освіти з широкосмуговим проводовим швидкісним (більше 30 Мбіт/с) доступом до мережі Інтернет,Одеська,87.87
2025,заклади загальної середньої освіти з широкосмуговим проводовим швидкісним (більше 30 Мбіт/с) доступом до мережі Інтернет,Полтавська,88.21
2025,заклади загальної середньої освіти з широкосмуговим проводовим швидкісним (більше 30 Мбіт/с) доступом до мережі Інтернет,Рівненська,93.75
2025,заклади загальної середньої освіти з широкосмуговим проводовим швидкісним (більше 30 Мбіт/с) доступом до мережі Інтернет,Сумська,86.01
2025,заклади загальної середньої освіти з широкосмуговим проводовим швидкісним (більше 30 Мбіт/с) доступом до мережі Інтернет,Тернопільська,86.46
2025,заклади загальної середньої освіти з широкосмуговим проводовим швидкісним (більше 30 Мбіт/с) доступом до мережі Інтернет,Харківська,72.87
2025,заклади загальної середньої освіти з широкосмуговим проводовим швидкісним (більше 30 Мбіт/с) доступом до мережі Інтернет,Херсонська,19.88
2025,заклади загальної середньої освіти з широкосмуговим проводовим швидкісним (більше 30 Мбіт/с) доступом до мережі Інтернет,Хмельницька,81.61
2025,заклади загальної середньої освіти з широкосмуговим проводовим швидкісним (більше 30 Мбіт/с) доступом до мережі Інтернет,Черкаська,95.66
2025,заклади загальної середньої освіти з широкосмуговим проводовим швидкісним (більше 30 Мбіт/с) доступом до мережі Інтернет,Чернівецька,98.49
2025,заклади загальної середньої освіти з широкосмуговим проводовим швидкісним (більше 30 Мбіт/с) доступом до мережі Інтернет,Чернігівська,88.58
2025,заклади загальної середньої освіти з широкосмуговим проводовим швидкісним (більше 30 Мбіт/с) доступом до мережі Інтернет,м. Київ,86.6
2025,заклади загальної середньої освіти з широкосмуговим проводовим швидкісним (більше 30 Мбіт/с) доступом до мережі Інтернет,м. Севастополь,
2015,заклади загальної середньої освіти зі швидкісним (більше 30 Мбіт/с) безпроводовим доступом до мережі Інтернет,Україна,
2015,заклади загальної середньої освіти зі швидкісним (більше 30 Мбіт/с) безпроводовим доступом до мережі Інтернет,Автономна Республіка Крим,
2015,заклади загальної середньої освіти зі швидкісним (більше 30 Мбіт/с) безпроводовим доступом до мережі Інтернет,Вінницька,
2015,заклади загальної середньої освіти зі швидкісним (більше 30 Мбіт/с) безпроводовим доступом до мережі Інтернет,Волинська,
2015,заклади загальної середньої освіти зі швидкісним (більше 30 Мбіт/с) безпроводовим доступом до мережі Інтернет,Дніпропетровська,
2015,заклади загальної середньої освіти зі швидкісним (більше 30 Мбіт/с) безпроводовим доступом до мережі Інтернет,Донецька,
2015,заклади загальної середньої освіти зі швидкісним (більше 30 Мбіт/с) безпроводовим доступом до мережі Інтернет,Житомирська,
2015,заклади загальної середньої освіти зі швидкісним (більше 30 Мбіт/с) безпроводовим доступом до мережі Інтернет,Закарпатська,
2015,заклади загальної середньої освіти зі швидкісним (більше 30 Мбіт/с) безпроводовим доступом до мережі Інтернет,Запорізька,
2015,заклади загальної середньої освіти зі швидкісним (більше 30 Мбіт/с) безпроводовим доступом до мережі Інтернет,Івано-Франківська,
2015,заклади загальної середньої освіти зі швидкісним (більше 30 Мбіт/с) безпроводовим доступом до мережі Інтернет,Київська,
2015,заклади загальної середньої освіти зі швидкісним (більше 30 Мбіт/с) безпроводовим доступом до мережі Інтернет,Кіровоградська,
2015,заклади загальної середньої освіти зі швидкісним (більше 30 Мбіт/с) безпроводовим доступом до мережі Інтернет,Луганська,
2015,заклади загальної середньої освіти зі швидкісним (більше 30 Мбіт/с) безпроводовим доступом до мережі Інтернет,Львівська,
2015,заклади загальної середньої освіти зі швидкісним (більше 30 Мбіт/с) безпроводовим доступом до мережі Інтернет,Миколаївська,
2015,заклади загальної середньої освіти зі швидкісним (більше 30 Мбіт/с) безпроводовим доступом до мережі Інтернет,Одеська,
2015,заклади загальної середньої освіти зі швидкісним (більше 30 Мбіт/с) безпроводовим доступом до мережі Інтернет,Полтавська,
2015,заклади загальної середньої освіти зі швидкісним (більше 30 Мбіт/с) безпроводовим доступом до мережі Інтернет,Рівненська,
2015,заклади загальної середньої освіти зі швидкісним (більше 30 Мбіт/с) безпроводовим доступом до мережі Інтернет,Сумська,
2015,заклади загальної середньої освіти зі швидкісним (більше 30 Мбіт/с) безпроводовим доступом до мережі Інтернет,Тернопільська,
2015,заклади загальної середньої освіти зі швидкісним (більше 30 Мбіт/с) безпроводовим доступом до мережі Інтернет,Харківська,
2015,заклади загальної середньої освіти зі швидкісним (більше 30 Мбіт/с) безпроводовим доступом до мережі Інтернет,Херсонська,
2015,заклади загальної середньої освіти зі швидкісним (більше 30 Мбіт/с) безпроводовим доступом до мережі Інтернет,Хмельницька,
2015,заклади загальної середньої освіти зі швидкісним (більше 30 Мбіт/с) безпроводовим доступом до мережі Інтернет,Черкаська,
2015,заклади загальної середньої освіти зі швидкісним (більше 30 Мбіт/с) безпроводовим доступом до мережі Інтернет,Чернівецька,
2015,заклади загальної середньої освіти зі швидкісним (більше 30 Мбіт/с) безпроводовим доступом до мережі Інтернет,Чернігівська,
2015,заклади загальної середньої освіти зі швидкісним (більше 30 Мбіт/с) безпроводовим доступом до мережі Інтернет,м. Київ,
2015,заклади загальної середньої освіти зі швидкісним (більше 30 Мбіт/с) безпроводовим доступом до мережі Інтернет,м. Севастополь,
2016,заклади загальної середньої освіти зі швидкісним (більше 30 Мбіт/с) безпроводовим доступом до мережі Інтернет,Україна,
2016,заклади загальної середньої освіти зі швидкісним (більше 30 Мбіт/с) безпроводовим доступом до мережі Інтернет,Автономна Республіка Крим,
2016,заклади загальної середньої освіти зі швидкісним (більше 30 Мбіт/с) безпроводовим доступом до мережі Інтернет,Вінницька,
2016,заклади загальної середньої освіти зі швидкісним (більше 30 Мбіт/с) безпроводовим доступом до мережі Інтернет,Волинська,
2016,заклади загальної середньої освіти зі швидкісним (більше 30 Мбіт/с) безпроводовим доступом до мережі Інтернет,Дніпропетровська,
2016,заклади загальної середньої освіти зі швидкісним (більше 30 Мбіт/с) безпроводовим доступом до мережі Інтернет,Донецька,
2016,заклади загальної середньої освіти зі швидкісним (більше 30 Мбіт/с) безпроводовим доступом до мережі Інтернет,Житомирська,
2016,заклади загальної середньої освіти зі швидкісним (більше 30 Мбіт/с) безпроводовим доступом до мережі Інтернет,Закарпатська,
2016,заклади загальної середньої освіти зі швидкісним (більше 30 Мбіт/с) безпроводовим доступом до мережі Інтернет,Запорізька,
2016,заклади загальної середньої освіти зі швидкісним (більше 30 Мбіт/с) безпроводовим доступом до мережі Інтернет,Івано-Франківська,
2016,заклади загальної середньої освіти зі швидкісним (більше 30 Мбіт/с) безпроводовим доступом до мережі Інтернет,Київська,
2016,заклади загальної середньої освіти зі швидкісним (більше 30 Мбіт/с) безпроводовим доступом до мережі Інтернет,Кіровоградська,
2016,заклади загальної середньої освіти зі швидкісним (більше 30 Мбіт/с) безпроводовим доступом до мережі Інтернет,Луганська,
2016,заклади загальної середньої освіти зі швидкісним (більше 30 Мбіт/с) безпроводовим доступом до мережі Інтернет,Львівська,
2016,заклади загальної середньої освіти зі швидкісним (більше 30 Мбіт/с) безпроводовим доступом до мережі Інтернет,Миколаївська,
2016,заклади загальної середньої освіти зі швидкісним (більше 30 Мбіт/с) безпроводовим доступом до мережі Інтернет,Одеська,
2016,заклади загальної середньої освіти зі швидкісним (більше 30 Мбіт/с) безпроводовим доступом до мережі Інтернет,Полтавська,
2016,заклади загальної середньої освіти зі швидкісним (більше 30 Мбіт/с) безпроводовим доступом до мережі Інтернет,Рівненська,
2016,заклади загальної середньої освіти зі швидкісним (більше 30 Мбіт/с) безпроводовим доступом до мережі Інтернет,Сумська,
2016,заклади загальної середньої освіти зі швидкісним (більше 30 Мбіт/с) безпроводовим доступом до мережі Інтернет,Тернопільська,
2016,заклади загальної середньої освіти зі швидкісним (більше 30 Мбіт/с) безпроводовим доступом до мережі Інтернет,Харківська,
2016,заклади загальної середньої освіти зі швидкісним (більше 30 Мбіт/с) безпроводовим доступом до мережі Інтернет,Херсонська,
2016,заклади загальної середньої освіти зі швидкісним (більше 30 Мбіт/с) безпроводовим доступом до мережі Інтернет,Хмельницька,
2016,заклади загальної середньої освіти зі швидкісним (більше 30 Мбіт/с) безпроводовим доступом до мережі Інтернет,Черкаська,
2016,заклади загальної середньої освіти зі швидкісним (більше 30 Мбіт/с) безпроводовим доступом до мережі Інтернет,Чернівецька,
2016,заклади загальної середньої освіти зі швидкісним (більше 30 Мбіт/с) безпроводовим доступом до мережі Інтернет,Чернігівська,
2016,заклади загальної середньої освіти зі швидкісним (більше 30 Мбіт/с) безпроводовим доступом до мережі Інтернет,м. Київ,
2016,заклади загальної середньої освіти зі швидкісним (більше 30 Мбіт/с) безпроводовим доступом до мережі Інтернет,м. Севастополь,
2017,заклади загальної середньої освіти зі швидкісним (більше 30 Мбіт/с) безпроводовим доступом до мережі Інтернет,Україна,
2017,заклади загальної середньої освіти зі швидкісним (більше 30 Мбіт/с) безпроводовим доступом до мережі Інтернет,Автономна Республіка Крим,
2017,заклади загальної середньої освіти зі швидкісним (більше 30 Мбіт/с) безпроводовим доступом до мережі Інтернет,Вінницька,
2017,заклади загальної середньої освіти зі швидкісним (більше 30 Мбіт/с) безпроводовим доступом до мережі Інтернет,Волинська,
2017,заклади загальної середньої освіти зі швидкісним (більше 30 Мбіт/с) безпроводовим доступом до мережі Інтернет,Дніпропетровська,
2017,заклади загальної середньої освіти зі швидкісним (більше 30 Мбіт/с) безпроводовим доступом до мережі Інтернет,Донецька,
2017,заклади загальної середньої освіти зі швидкісним (більше 30 Мбіт/с) безпроводовим доступом до мережі Інтернет,Житомирська,
2017,заклади загальної середньої освіти зі швидкісним (більше 30 Мбіт/с) безпроводовим доступом до мережі Інтернет,Закарпатська,
2017,заклади загальної середньої освіти зі швидкісним (більше 30 Мбіт/с) безпроводовим доступом до мережі Інтернет,Запорізька,
2017,заклади загальної середньої освіти зі швидкісним (більше 30 Мбіт/с) безпроводовим доступом до мережі Інтернет,Івано-Франківська,
2017,заклади загальної середньої освіти зі швидкісним (більше 30 Мбіт/с) безпроводовим доступом до мережі Інтернет,Київська,
2017,заклади загальної середньої освіти зі швидкісним (більше 30 Мбіт/с) безпроводовим доступом до мережі Інтернет,Кіровоградська,
2017,заклади загальної середньої освіти зі швидкісним (більше 30 Мбіт/с) безпроводовим доступом до мережі Інтернет,Луганська,
2017,заклади загальної середньої освіти зі швидкісним (більше 30 Мбіт/с) безпроводовим доступом до мережі Інтернет,Львівська,
2017,заклади загальної середньої освіти зі швидкісним (більше 30 Мбіт/с) безпроводовим доступом до мережі Інтернет,Миколаївська,
2017,заклади загальної середньої освіти зі швидкісним (більше 30 Мбіт/с) безпроводовим доступом до мережі Інтернет,Одеська,
2017,заклади загальної середньої освіти зі швидкісним (більше 30 Мбіт/с) безпроводовим доступом до мережі Інтернет,Полтавська,
2017,заклади загальної середньої освіти зі швидкісним (більше 30 Мбіт/с) безпроводовим доступом до мережі Інтернет,Рівненська,
2017,заклади загальної середньої освіти зі швидкісним (більше 30 Мбіт/с) безпроводовим доступом до мережі Інтернет,Сумська,
2017,заклади загальної середньої освіти зі швидкісним (більше 30 Мбіт/с) безпроводовим доступом до мережі Інтернет,Тернопільська,
2017,заклади загальної середньої освіти зі швидкісним (більше 30 Мбіт/с) безпроводовим доступом до мережі Інтернет,Харківська,
2017,заклади загальної середньої освіти зі швидкісним (більше 30 Мбіт/с) безпроводовим доступом до мережі Інтернет,Херсонська,
2017,заклади загальної середньої освіти зі швидкісним (більше 30 Мбіт/с) безпроводовим доступом до мережі Інтернет,Хмельницька,
2017,заклади загальної середньої освіти зі швидкісним (більше 30 Мбіт/с) безпроводовим доступом до мережі Інтернет,Черкаська,
2017,заклади загальної середньої освіти зі швидкісним (більше 30 Мбіт/с) безпроводовим доступом до мережі Інтернет,Чернівецька,
2017,заклади загальної середньої освіти зі швидкісним (більше 30 Мбіт/с) безпроводовим доступом до мережі Інтернет,Чернігівська,
2017,заклади загальної середньої освіти зі швидкісним (більше 30 Мбіт/с) безпроводовим доступом до мережі Інтернет,м. Київ,
2017,заклади загальної середньої освіти зі швидкісним (більше 30 Мбіт/с) безпроводовим доступом до мережі Інтернет,м. Севастополь,
2018,заклади загальної середньої освіти зі швидкісним (більше 30 Мбіт/с) безпроводовим доступом до мережі Інтернет,Україна,14.43
2018,заклади загальної середньої освіти зі швидкісним (більше 30 Мбіт/с) безпроводовим доступом до мережі Інтернет,Автономна Республіка Крим,
2018,заклади загальної середньої освіти зі швидкісним (більше 30 Мбіт/с) безпроводовим доступом до мережі Інтернет,Вінницька,6.82
2018,заклади загальної середньої освіти зі швидкісним (більше 30 Мбіт/с) безпроводовим доступом до мережі Інтернет,Волинська,8.77
2018,заклади загальної середньої освіти зі швидкісним (більше 30 Мбіт/с) безпроводовим доступом до мережі Інтернет,Дніпропетровська,24.88
2018,заклади загальної середньої освіти зі швидкісним (більше 30 Мбіт/с) безпроводовим доступом до мережі Інтернет,Донецька,19.17
2018,заклади загальної середньої освіти зі швидкісним (більше 30 Мбіт/с) безпроводовим доступом до мережі Інтернет,Житомирська,8.02
2018,заклади загальної середньої освіти зі швидкісним (більше 30 Мбіт/с) безпроводовим доступом до мережі Інтернет,Закарпатська,10.4
2018,заклади загальної середньої освіти зі швидкісним (більше 30 Мбіт/с) безпроводовим доступом до мережі Інтернет,Запорізька,22.53
2018,заклади загальної середньої освіти зі швидкісним (більше 30 Мбіт/с) безпроводовим доступом до мережі Інтернет,Івано-Франківська,10.63
2018,заклади загальної середньої освіти зі швидкісним (більше 30 Мбіт/с) безпроводовим доступом до мережі Інтернет,Київська,22.06
2018,заклади загальної середньої освіти зі швидкісним (більше 30 Мбіт/с) безпроводовим доступом до мережі Інтернет,Кіровоградська,14.7
2018,заклади загальної середньої освіти зі швидкісним (більше 30 Мбіт/с) безпроводовим доступом до мережі Інтернет,Луганська,12.0
2018,заклади загальної середньої освіти зі швидкісним (більше 30 Мбіт/с) безпроводовим доступом до мережі Інтернет,Львівська,9.78
2018,заклади загальної середньої освіти зі швидкісним (більше 30 Мбіт/с) безпроводовим доступом до мережі Інтернет,Миколаївська,15.77
2018,заклади загальної середньої освіти зі швидкісним (більше 30 Мбіт/с) безпроводовим доступом до мережі Інтернет,Одеська,13.9
2018,заклади загальної середньої освіти зі швидкісним (більше 30 Мбіт/с) безпроводовим доступом до мережі Інтернет,Полтавська,13.17
2018,заклади загальної середньої освіти зі швидкісним (більше 30 Мбіт/с) безпроводовим доступом до мережі Інтернет,Рівненська,10.66
2018,заклади загальної середньої освіти зі швидкісним (більше 30 Мбіт/с) безпроводовим доступом до мережі Інтернет,Сумська,18.12
2018,заклади загальної середньої освіти зі швидкісним (більше 30 Мбіт/с) безпроводовим доступом до мережі Інтернет,Тернопільська,11.56
2018,заклади загальної середньої освіти зі швидкісним (більше 30 Мбіт/с) безпроводовим доступом до мережі Інтернет,Харківська,18.18
2018,заклади загальної середньої освіти зі швидкісним (більше 30 Мбіт/с) безпроводовим доступом до мережі Інтернет,Херсонська,12.32
2018,заклади загальної середньої освіти зі швидкісним (більше 30 Мбіт/с) безпроводовим доступом до мережі Інтернет,Хмельницька,13.9
2018,заклади загальної середньої освіти зі швидкісним (більше 30 Мбіт/с) безпроводовим доступом до мережі Інтернет,Черкаська,9.38
2018,заклади загальної середньої освіти зі швидкісним (більше 30 Мбіт/с) безпроводовим доступом до мережі Інтернет,Чернівецька,23.87
2018,заклади загальної середньої освіти зі швидкісним (більше 30 Мбіт/с) безпроводовим доступом до мережі Інтернет,Чернігівська,6.83
2018,заклади загальної середньої освіти зі швидкісним (більше 30 Мбіт/с) безпроводовим доступом до мережі Інтернет,м. Київ,32.08
2018,заклади загальної середньої освіти зі швидкісним (більше 30 Мбіт/с) безпроводовим доступом до мережі Інтернет,м. Севастополь,
2019,заклади загальної середньої освіти зі швидкісним (більше 30 Мбіт/с) безпроводовим доступом до мережі Інтернет,Україна,19.32
2019,заклади загальної середньої освіти зі швидкісним (більше 30 Мбіт/с) безпроводовим доступом до мережі Інтернет,Автономна Республіка Крим,
2019,заклади загальної середньої освіти зі швидкісним (більше 30 Мбіт/с) безпроводовим доступом до мережі Інтернет,Вінницька,8.09
2019,заклади загальної середньої освіти зі швидкісним (більше 30 Мбіт/с) безпроводовим доступом до мережі Інтернет,Волинська,14.95
2019,заклади загальної середньої освіти зі швидкісним (більше 30 Мбіт/с) безпроводовим доступом до мережі Інтернет,Дніпропетровська,35.76
2019,заклади загальної середньої освіти зі швидкісним (більше 30 Мбіт/с) безпроводовим доступом до мережі Інтернет,Донецька,23.45
2019,заклади загальної середньої освіти зі швидкісним (більше 30 Мбіт/с) безпроводовим доступом до мережі Інтернет,Житомирська,11.95
2019,заклади загальної середньої освіти зі швидкісним (більше 30 Мбіт/с) безпроводовим доступом до мережі Інтернет,Закарпатська,14.2
2019,заклади загальної середньої освіти зі швидкісним (більше 30 Мбіт/с) безпроводовим доступом до мережі Інтернет,Запорізька,26.64
2019,заклади загальної середньої освіти зі швидкісним (більше 30 Мбіт/с) безпроводовим доступом до мережі Інтернет,Івано-Франківська,13.95
2019,заклади загальної середньої освіти зі швидкісним (більше 30 Мбіт/с) безпроводовим доступом до мережі Інтернет,Київська,38.1
2019,заклади загальної середньої освіти зі швидкісним (більше 30 Мбіт/с) безпроводовим доступом до мережі Інтернет,Кіровоградська,25.0
2019,заклади загальної середньої освіти зі швидкісним (більше 30 Мбіт/с) безпроводовим доступом до мережі Інтернет,Луганська,15.13
2019,заклади загальної середньої освіти зі швидкісним (більше 30 Мбіт/с) безпроводовим доступом до мережі Інтернет,Львівська,10.56
2019,заклади загальної середньої освіти зі швидкісним (більше 30 Мбіт/с) безпроводовим доступом до мережі Інтернет,Миколаївська,18.63
2019,заклади загальної середньої освіти зі швидкісним (більше 30 Мбіт/с) безпроводовим доступом до мережі Інтернет,Одеська,18.55
2019,заклади загальної середньої освіти зі швидкісним (більше 30 Мбіт/с) безпроводовим доступом до мережі Інтернет,Полтавська,19.73
2019,заклади загальної середньої освіти зі швидкісним (більше 30 Мбіт/с) безпроводовим доступом до мережі Інтернет,Рівненська,10.99
2019,заклади загальної середньої освіти зі швидкісним (більше 30 Мбіт/с) безпроводовим доступом до мережі Інтернет,Сумська,10.89
2019,заклади загальної середньої освіти зі швидкісним (більше 30 Мбіт/с) безпроводовим доступом до мережі Інтернет,Тернопільська,19.91
2019,заклади загальної середньої освіти зі швидкісним (більше 30 Мбіт/с) безпроводовим доступом до мережі Інтернет,Харківська,29.68
2019,заклади загальної середньої освіти зі швидкісним (більше 30 Мбіт/с) безпроводовим доступом до мережі Інтернет,Херсонська,13.79
2019,заклади загальної середньої освіти зі швидкісним (більше 30 Мбіт/с) безпроводовим доступом до мережі Інтернет,Хмельницька,17.27
2019,заклади загальної середньої освіти зі швидкісним (більше 30 Мбіт/с) безпроводовим доступом до мережі Інтернет,Черкаська,15.26
2019,заклади загальної середньої освіти зі швидкісним (більше 30 Мбіт/с) безпроводовим доступом до мережі Інтернет,Чернівецька,30.13
2019,заклади загальної середньої освіти зі швидкісним (більше 30 Мбіт/с) безпроводовим доступом до мережі Інтернет,Чернігівська,8.6
2019,заклади загальної середньої освіти зі швидкісним (більше 30 Мбіт/с) безпроводовим доступом до мережі Інтернет,м. Київ,33.93
2019,заклади загальної середньої освіти зі швидкісним (більше 30 Мбіт/с) безпроводовим доступом до мережі Інтернет,м. Севастополь,
2020,заклади загальної середньої освіти зі швидкісним (більше 30 Мбіт/с) безпроводовим доступом до мережі Інтернет,Україна,28.75
2020,заклади загальної середньої освіти зі швидкісним (більше 30 Мбіт/с) безпроводовим доступом до мережі Інтернет,Автономна Республіка Крим,
2020,заклади загальної середньої освіти зі швидкісним (більше 30 Мбіт/с) безпроводовим доступом до мережі Інтернет,Вінницька,17.56
2020,заклади загальної середньої освіти зі швидкісним (більше 30 Мбіт/с) безпроводовим доступом до мережі Інтернет,Волинська,21.37
2020,заклади загальної середньої освіти зі швидкісним (більше 30 Мбіт/с) безпроводовим доступом до мережі Інтернет,Дніпропетровська,50.97
2020,заклади загальної середньої освіти зі швидкісним (більше 30 Мбіт/с) безпроводовим доступом до мережі Інтернет,Донецька,38.21
2020,заклади загальної середньої освіти зі швидкісним (більше 30 Мбіт/с) безпроводовим доступом до мережі Інтернет,Житомирська,18.08
2020,заклади загальної середньої освіти зі швидкісним (більше 30 Мбіт/с) безпроводовим доступом до мережі Інтернет,Закарпатська,32.64
2020,заклади загальної середньої освіти зі швидкісним (більше 30 Мбіт/с) безпроводовим доступом до мережі Інтернет,Запорізька,37.4
2020,заклади загальної середньої освіти зі швидкісним (більше 30 Мбіт/с) безпроводовим доступом до мережі Інтернет,Івано-Франківська,0.31
2020,заклади загальної середньої освіти зі швидкісним (більше 30 Мбіт/с) безпроводовим доступом до мережі Інтернет,Київська,48.4
2020,заклади загальної середньої освіти зі швидкісним (більше 30 Мбіт/с) безпроводовим доступом до мережі Інтернет,Кіровоградська,40.6
2020,заклади загальної середньої освіти зі швидкісним (більше 30 Мбіт/с) безпроводовим доступом до мережі Інтернет,Луганська,21.19
2020,заклади загальної середньої освіти зі швидкісним (більше 30 Мбіт/с) безпроводовим доступом до мережі Інтернет,Львівська,26.76
2020,заклади загальної середньої освіти зі швидкісним (більше 30 Мбіт/с) безпроводовим доступом до мережі Інтернет,Миколаївська,25.38
2020,заклади загальної середньої освіти зі швидкісним (більше 30 Мбіт/с) безпроводовим доступом до мережі Інтернет,Одеська,29.17
2020,заклади загальної середньої освіти зі швидкісним (більше 30 Мбіт/с) безпроводовим доступом до мережі Інтернет,Полтавська,46.56
2020,заклади загальної середньої освіти зі швидкісним (більше 30 Мбіт/с) безпроводовим доступом до мережі Інтернет,Рівненська,12.59
2020,заклади загальної середньої освіти зі швидкісним (більше 30 Мбіт/с) безпроводовим доступом до мережі Інтернет,Сумська,17.22
2020,заклади загальної середньої освіти зі швидкісним (більше 30 Мбіт/с) безпроводовим доступом до мережі Інтернет,Тернопільська,21.59
2020,заклади загальної середньої освіти зі швидкісним (більше 30 Мбіт/с) безпроводовим доступом до мережі Інтернет,Харківська,35.24
2020,заклади загальної середньої освіти зі швидкісним (більше 30 Мбіт/с) безпроводовим доступом до мережі Інтернет,Херсонська,36.72
2020,заклади загальної середньої освіти зі швидкісним (більше 30 Мбіт/с) безпроводовим доступом до мережі Інтернет,Хмельницька,22.62
2020,заклади загальної середньої освіти зі швидкісним (більше 30 Мбіт/с) безпроводовим доступом до мережі Інтернет,Черкаська,29.17
2020,заклади загальної середньої освіти зі швидкісним (більше 30 Мбіт/с) безпроводовим доступом до мережі Інтернет,Чернівецька,52.58
2020,заклади загальної середньої освіти зі швидкісним (більше 30 Мбіт/с) безпроводовим доступом до мережі Інтернет,Чернігівська,20.47
2020,заклади загальної середньої освіти зі швидкісним (більше 30 Мбіт/с) безпроводовим доступом до мережі Інтернет,м. Київ,19.44
2020,заклади загальної середньої освіти зі швидкісним (більше 30 Мбіт/с) безпроводовим доступом до мережі Інтернет,м. Севастополь,
2021,заклади загальної середньої освіти зі швидкісним (більше 30 Мбіт/с) безпроводовим доступом до мережі Інтернет,Україна,39.87
2021,заклади загальної середньої освіти зі швидкісним (більше 30 Мбіт/с) безпроводовим доступом до мережі Інтернет,Автономна Республіка Крим,
2021,заклади загальної середньої освіти зі швидкісним (більше 30 Мбіт/с) безпроводовим доступом до мережі Інтернет,Вінницька,26.1
2021,заклади загальної середньої освіти зі швидкісним (більше 30 Мбіт/с) безпроводовим доступом до мережі Інтернет,Волинська,18.63
2021,заклади загальної середньої освіти зі швидкісним (більше 30 Мбіт/с) безпроводовим доступом до мережі Інтернет,Дніпропетровська,56.97
2021,заклади загальної середньої освіти зі швидкісним (більше 30 Мбіт/с) безпроводовим доступом до мережі Інтернет,Донецька,76.26
2021,заклади загальної середньої освіти зі швидкісним (більше 30 Мбіт/с) безпроводовим доступом до мережі Інтернет,Житомирська,33.57
2021,заклади загальної середньої освіти зі швидкісним (більше 30 Мбіт/с) безпроводовим доступом до мережі Інтернет,Закарпатська,45.88
2021,заклади загальної середньої освіти зі швидкісним (більше 30 Мбіт/с) безпроводовим доступом до мережі Інтернет,Запорізька,50.0
2021,заклади загальної середньої освіти зі швидкісним (більше 30 Мбіт/с) безпроводовим доступом до мережі Інтернет,Івано-Франківська,0.17
2021,заклади загальної середньої освіти зі швидкісним (більше 30 Мбіт/с) безпроводовим доступом до мережі Інтернет,Київська,53.8
2021,заклади загальної середньої освіти зі швидкісним (більше 30 Мбіт/с) безпроводовим доступом до мережі Інтернет,Кіровоградська,61.56
2021,заклади загальної середньої освіти зі швидкісним (більше 30 Мбіт/с) безпроводовим доступом до мережі Інтернет,Луганська,14.0
2021,заклади загальної середньої освіти зі швидкісним (більше 30 Мбіт/с) безпроводовим доступом до мережі Інтернет,Львівська,46.26
2021,заклади загальної середньої освіти зі швидкісним (більше 30 Мбіт/с) безпроводовим доступом до мережі Інтернет,Миколаївська,29.41
2021,заклади загальної середньої освіти зі швидкісним (більше 30 Мбіт/с) безпроводовим доступом до мережі Інтернет,Одеська,41.94
2021,заклади загальної середньої освіти зі швидкісним (більше 30 Мбіт/с) безпроводовим доступом до мережі Інтернет,Полтавська,56.05
2021,заклади загальної середньої освіти зі швидкісним (більше 30 Мбіт/с) безпроводовим доступом до мережі Інтернет,Рівненська,0.93
2021,заклади загальної середньої освіти зі швидкісним (більше 30 Мбіт/с) безпроводовим доступом до мережі Інтернет,Сумська,35.54
2021,заклади загальної середньої освіти зі швидкісним (більше 30 Мбіт/с) безпроводовим доступом до мережі Інтернет,Тернопільська,9.27
2021,заклади загальної середньої освіти зі швидкісним (більше 30 Мбіт/с) безпроводовим доступом до мережі Інтернет,Харківська,38.29
2021,заклади загальної середньої освіти зі швидкісним (більше 30 Мбіт/с) безпроводовим доступом до мережі Інтернет,Херсонська,53.19
2021,заклади загальної середньої освіти зі швидкісним (більше 30 Мбіт/с) безпроводовим доступом до мережі Інтернет,Хмельницька,33.45
2021,заклади загальної середньої освіти зі швидкісним (більше 30 Мбіт/с) безпроводовим доступом до мережі Інтернет,Черкаська,48.13
2021,заклади загальної середньої освіти зі швидкісним (більше 30 Мбіт/с) безпроводовим доступом до мережі Інтернет,Чернівецька,57.73
2021,заклади загальної середньої освіти зі швидкісним (більше 30 Мбіт/с) безпроводовим доступом до мережі Інтернет,Чернігівська,23.68
2021,заклади загальної середньої освіти зі швидкісним (більше 30 Мбіт/с) безпроводовим доступом до мережі Інтернет,м. Київ,61.36
2021,заклади загальної середньої освіти зі швидкісним (більше 30 Мбіт/с) безпроводовим доступом до мережі Інтернет,м. Севастополь,
2022,заклади загальної середньої освіти зі швидкісним (більше 30 Мбіт/с) безпроводовим доступом до мережі Інтернет,Україна,38.87
2022,заклади загальної середньої освіти зі швидкісним (більше 30 Мбіт/с) безпроводовим доступом до мережі Інтернет,Автономна Республіка Крим,
2022,заклади загальної середньої освіти зі швидкісним (більше 30 Мбіт/с) безпроводовим доступом до мережі Інтернет,Вінницька,34.28
2022,заклади загальної середньої освіти зі швидкісним (більше 30 Мбіт/с) безпроводовим доступом до мережі Інтернет,Волинська,25.77
2022,заклади загальної середньої освіти зі швидкісним (більше 30 Мбіт/с) безпроводовим доступом до мережі Інтернет,Дніпропетровська,61.17
2022,заклади загальної середньої освіти зі швидкісним (більше 30 Мбіт/с) безпроводовим доступом до мережі Інтернет,Донецька,48.32
2022,заклади загальної середньої освіти зі швидкісним (більше 30 Мбіт/с) безпроводовим доступом до мережі Інтернет,Житомирська,39.53
2022,заклади загальної середньої освіти зі швидкісним (більше 30 Мбіт/с) безпроводовим доступом до мережі Інтернет,Закарпатська,47.86
2022,заклади загальної середньої освіти зі швидкісним (більше 30 Мбіт/с) безпроводовим доступом до мережі Інтернет,Запорізька,42.83
2022,заклади загальної середньої освіти зі швидкісним (більше 30 Мбіт/с) безпроводовим доступом до мережі Інтернет,Івано-Франківська,8.01
2022,заклади загальної середньої освіти зі швидкісним (більше 30 Мбіт/с) безпроводовим доступом до мережі Інтернет,Київська,53.2
2022,заклади загальної середньої освіти зі швидкісним (більше 30 Мбіт/с) безпроводовим доступом до мережі Інтернет,Кіровоградська,59.45
2022,заклади загальної середньої освіти зі швидкісним (більше 30 Мбіт/с) безпроводовим доступом до мережі Інтернет,Луганська,0.0
2022,заклади загальної середньої освіти зі швидкісним (більше 30 Мбіт/с) безпроводовим доступом до мережі Інтернет,Львівська,48.3
2022,заклади загальної середньої освіти зі швидкісним (більше 30 Мбіт/с) безпроводовим доступом до мережі Інтернет,Миколаївська,30.98
2022,заклади загальної середньої освіти зі швидкісним (більше 30 Мбіт/с) безпроводовим доступом до мережі Інтернет,Одеська,47.05
2022,заклади загальної середньої освіти зі швидкісним (більше 30 Мбіт/с) безпроводовим доступом до мережі Інтернет,Полтавська,58.37
2022,заклади загальної середньої освіти зі швидкісним (більше 30 Мбіт/с) безпроводовим доступом до мережі Інтернет,Рівненська,3.09
2022,заклади загальної середньої освіти зі швидкісним (більше 30 Мбіт/с) безпроводовим доступом до мережі Інтернет,Сумська,15.62
2022,заклади загальної середньої освіти зі швидкісним (більше 30 Мбіт/с) безпроводовим доступом до мережі Інтернет,Тернопільська,5.95
2022,заклади загальної середньої освіти зі швидкісним (більше 30 Мбіт/с) безпроводовим доступом до мережі Інтернет,Харківська,38.25
2022,заклади загальної середньої освіти зі швидкісним (більше 30 Мбіт/с) безпроводовим доступом до мережі Інтернет,Херсонська,0.6
2022,заклади загальної середньої освіти зі швидкісним (більше 30 Мбіт/с) безпроводовим доступом до мережі Інтернет,Хмельницька,36.72
2022,заклади загальної середньої освіти зі швидкісним (більше 30 Мбіт/с) безпроводовим доступом до мережі Інтернет,Черкаська,47.79
2022,заклади загальної середньої освіти зі швидкісним (більше 30 Мбіт/с) безпроводовим доступом до мережі Інтернет,Чернівецька,58.84
2022,заклади загальної середньої освіти зі швидкісним (більше 30 Мбіт/с) безпроводовим доступом до мережі Інтернет,Чернігівська,22.89
2022,заклади загальної середньої освіти зі швидкісним (більше 30 Мбіт/с) безпроводовим доступом до мережі Інтернет,м. Київ,66.72
2022,заклади загальної середньої освіти зі швидкісним (більше 30 Мбіт/с) безпроводовим доступом до мережі Інтернет,м. Севастополь,
2023,заклади загальної середньої освіти зі швидкісним (більше 30 Мбіт/с) безпроводовим доступом до мережі Інтернет,Україна,41.74
2023,заклади загальної середньої освіти зі швидкісним (більше 30 Мбіт/с) безпроводовим доступом до мережі Інтернет,Автономна Республіка Крим,
2023,заклади загальної середньої освіти зі швидкісним (більше 30 Мбіт/с) безпроводовим доступом до мережі Інтернет,Вінницька,39.0
2023,заклади загальної середньої освіти зі швидкісним (більше 30 Мбіт/с) безпроводовим доступом до мережі Інтернет,Волинська,21.72
2023,заклади загальної середньої освіти зі швидкісним (більше 30 Мбіт/с) безпроводовим доступом до мережі Інтернет,Дніпропетровська,63.91
2023,заклади загальної середньої освіти зі швидкісним (більше 30 Мбіт/с) безпроводовим доступом до мережі Інтернет,Донецька,52.73
2023,заклади загальної середньої освіти зі швидкісним (більше 30 Мбіт/с) безпроводовим доступом до мережі Інтернет,Житомирська,43.26
2023,заклади загальної середньої освіти зі швидкісним (більше 30 Мбіт/с) безпроводовим доступом до мережі Інтернет,Закарпатська,48.7
2023,заклади загальної середньої освіти зі швидкісним (більше 30 Мбіт/с) безпроводовим доступом до мережі Інтернет,Запорізька,36.32
2023,заклади загальної середньої освіти зі швидкісним (більше 30 Мбіт/с) безпроводовим доступом до мережі Інтернет,Івано-Франківська,10.54
2023,заклади загальної середньої освіти зі швидкісним (більше 30 Мбіт/с) безпроводовим доступом до мережі Інтернет,Київська,55.77
2023,заклади загальної середньої освіти зі швидкісним (більше 30 Мбіт/с) безпроводовим доступом до мережі Інтернет,Кіровоградська,66.78
2023,заклади загальної середньої освіти зі швидкісним (більше 30 Мбіт/с) безпроводовим доступом до мережі Інтернет,Луганська,0.0
2023,заклади загальної середньої освіти зі швидкісним (більше 30 Мбіт/с) безпроводовим доступом до мережі Інтернет,Львівська,51.18
2023,заклади загальної середньої освіти зі швидкісним (більше 30 Мбіт/с) безпроводовим доступом до мережі Інтернет,Миколаївська,34.11
2023,заклади загальної середньої освіти зі швидкісним (більше 30 Мбіт/с) безпроводовим доступом до мережі Інтернет,Одеська,48.74
2023,заклади загальної середньої освіти зі швидкісним (більше 30 Мбіт/с) безпроводовим доступом до мережі Інтернет,Полтавська,64.1
2023,заклади загальної середньої освіти зі швидкісним (більше 30 Мбіт/с) безпроводовим доступом до мережі Інтернет,Рівненська,5.36
2023,заклади загальної середньої освіти зі швидкісним (більше 30 Мбіт/с) безпроводовим доступом до мережі Інтернет,Сумська,19.09
2023,заклади загальної середньої освіти зі швидкісним (більше 30 Мбіт/с) безпроводовим доступом до мережі Інтернет,Тернопільська,11.07
2023,заклади загальної середньої освіти зі швидкісним (більше 30 Мбіт/с) безпроводовим доступом до мережі Інтернет,Харківська,36.61
2023,заклади загальної середньої освіти зі швидкісним (більше 30 Мбіт/с) безпроводовим доступом до мережі Інтернет,Херсонська,15.51
2023,заклади загальної середньої освіти зі швидкісним (більше 30 Мбіт/с) безпроводовим доступом до мережі Інтернет,Хмельницька,36.91
2023,заклади загальної середньої освіти зі швидкісним (більше 30 Мбіт/с) безпроводовим доступом до мережі Інтернет,Черкаська,59.52
2023,заклади загальної середньої освіти зі швидкісним (більше 30 Мбіт/с) безпроводовим доступом до мережі Інтернет,Чернівецька,58.24
2023,заклади загальної середньої освіти зі швидкісним (більше 30 Мбіт/с) безпроводовим доступом до мережі Інтернет,Чернігівська,24.43
2023,заклади загальної середньої освіти зі швидкісним (більше 30 Мбіт/с) безпроводовим доступом до мережі Інтернет,м. Київ,74.7
2023,заклади загальної середньої освіти зі швидкісним (більше 30 Мбіт/с) безпроводовим доступом до мережі Інтернет,м. Севастополь,
2024,заклади загальної середньої освіти зі швидкісним (більше 30 Мбіт/с) безпроводовим доступом до мережі Інтернет,Україна,44.43
2024,заклади загальної середньої освіти зі швидкісним (більше 30 Мбіт/с) безпроводовим доступом до мережі Інтернет,Автономна Республіка Крим,
2024,заклади загальної середньої освіти зі швидкісним (більше 30 Мбіт/с) безпроводовим доступом до мережі Інтернет,Вінницька,39.04
2024,заклади загальної середньої освіти зі швидкісним (більше 30 Мбіт/с) безпроводовим доступом до мережі Інтернет,Волинська,27.03
2024,заклади загальної середньої освіти зі швидкісним (більше 30 Мбіт/с) безпроводовим доступом до мережі Інтернет,Дніпропетровська,63.7
2024,заклади загальної середньої освіти зі швидкісним (більше 30 Мбіт/с) безпроводовим доступом до мережі Інтернет,Донецька,62.26
2024,заклади загальної середньої освіти зі швидкісним (більше 30 Мбіт/с) безпроводовим доступом до мережі Інтернет,Житомирська,45.79
2024,заклади загальної середньої освіти зі швидкісним (більше 30 Мбіт/с) безпроводовим доступом до мережі Інтернет,Закарпатська,48.76
2024,заклади загальної середньої освіти зі швидкісним (більше 30 Мбіт/с) безпроводовим доступом до мережі Інтернет,Запорізька,33.33
2024,заклади загальної середньої освіти зі швидкісним (більше 30 Мбіт/с) безпроводовим доступом до мережі Інтернет,Івано-Франківська,12.73
2024,заклади загальної середньої освіти зі швидкісним (більше 30 Мбіт/с) безпроводовим доступом до мережі Інтернет,Київська,59.05
2024,заклади загальної середньої освіти зі швидкісним (більше 30 Мбіт/с) безпроводовим доступом до мережі Інтернет,Кіровоградська,60.0
2024,заклади загальної середньої освіти зі швидкісним (більше 30 Мбіт/с) безпроводовим доступом до мережі Інтернет,Луганська,1.2
2024,заклади загальної середньої освіти зі швидкісним (більше 30 Мбіт/с) безпроводовим доступом до мережі Інтернет,Львівська,55.01
2024,заклади загальної середньої освіти зі швидкісним (більше 30 Мбіт/с) безпроводовим доступом до мережі Інтернет,Миколаївська,36.06
2024,заклади загальної середньої освіти зі швидкісним (більше 30 Мбіт/с) безпроводовим доступом до мережі Інтернет,Одеська,48.17
2024,заклади загальної середньої освіти зі швидкісним (більше 30 Мбіт/с) безпроводовим доступом до мережі Інтернет,Полтавська,70.2
2024,заклади загальної середньої освіти зі швидкісним (більше 30 Мбіт/с) безпроводовим доступом до мережі Інтернет,Рівненська,4.1
2024,заклади загальної середньої освіти зі швидкісним (більше 30 Мбіт/с) безпроводовим доступом до мережі Інтернет,Сумська,31.88
2024,заклади загальної середньої освіти зі швидкісним (більше 30 Мбіт/с) безпроводовим доступом до мережі Інтернет,Тернопільська,13.9
2024,заклади загальної середньої освіти зі швидкісним (більше 30 Мбіт/с) безпроводовим доступом до мережі Інтернет,Харківська,42.93
2024,заклади загальної середньої освіти зі швидкісним (більше 30 Мбіт/с) безпроводовим доступом до мережі Інтернет,Херсонська,12.64
2024,заклади загальної середньої освіти зі швидкісним (більше 30 Мбіт/с) безпроводовим доступом до мережі Інтернет,Хмельницька,38.6
2024,заклади загальної середньої освіти зі швидкісним (більше 30 Мбіт/с) безпроводовим доступом до мережі Інтернет,Черкаська,66.97
2024,заклади загальної середньої освіти зі швидкісним (більше 30 Мбіт/с) безпроводовим доступом до мережі Інтернет,Чернівецька,64.18
2024,заклади загальної середньої освіти зі швидкісним (більше 30 Мбіт/с) безпроводовим доступом до мережі Інтернет,Чернігівська,26.33
2024,заклади загальної середньої освіти зі швидкісним (більше 30 Мбіт/с) безпроводовим доступом до мережі Інтернет,м. Київ,76.41
2024,заклади загальної середньої освіти зі швидкісним (більше 30 Мбіт/с) безпроводовим доступом до мережі Інтернет,м. Севастополь,
2025,заклади загальної середньої освіти зі швидкісним (більше 30 Мбіт/с) безпроводовим доступом до мережі Інтернет,Україна,48.07
2025,заклади загальної середньої освіти зі швидкісним (більше 30 Мбіт/с) безпроводовим доступом до мережі Інтернет,Автономна Республіка Крим,
2025,заклади загальної середньої освіти зі швидкісним (більше 30 Мбіт/с) безпроводовим доступом до мережі Інтернет,Вінницька,44.12
2025,заклади загальної середньої освіти зі швидкісним (більше 30 Мбіт/с) безпроводовим доступом до мережі Інтернет,Волинська,31.03
2025,заклади загальної середньої освіти зі швидкісним (більше 30 Мбіт/с) безпроводовим доступом до мережі Інтернет,Дніпропетровська,64.44
2025,заклади загальної середньої освіти зі швидкісним (більше 30 Мбіт/с) безпроводовим доступом до мережі Інтернет,Донецька,58.6
2025,заклади загальної середньої освіти зі швидкісним (більше 30 Мбіт/с) безпроводовим доступом до мережі Інтернет,Житомирська,46.54
2025,заклади загальної середньої освіти зі швидкісним (більше 30 Мбіт/с) безпроводовим доступом до мережі Інтернет,Закарпатська,52.74
2025,заклади загальної середньої освіти зі швидкісним (більше 30 Мбіт/с) безпроводовим доступом до мережі Інтернет,Запорізька,38.41
2025,заклади загальної середньої освіти зі швидкісним (більше 30 Мбіт/с) безпроводовим доступом до мережі Інтернет,Івано-Франківська,22.61
2025,заклади загальної середньої освіти зі швидкісним (більше 30 Мбіт/с) безпроводовим доступом до мережі Інтернет,Київська,65.78
2025,заклади загальної середньої освіти зі швидкісним (більше 30 Мбіт/с) безпроводовим доступом до мережі Інтернет,Кіровоградська,61.59
2025,заклади загальної середньої освіти зі швидкісним (більше 30 Мбіт/с) безпроводовим доступом до мережі Інтернет,Луганська,0.0
2025,заклади загальної середньої освіти зі швидкісним (більше 30 Мбіт/с) безпроводовим доступом до мережі Інтернет,Львівська,56.7
2025,заклади загальної середньої освіти зі швидкісним (більше 30 Мбіт/с) безпроводовим доступом до мережі Інтернет,Миколаївська,38.42
2025,заклади загальної середньої освіти зі швидкісним (більше 30 Мбіт/с) безпроводовим доступом до мережі Інтернет,Одеська,47.67
2025,заклади загальної середньої освіти зі швидкісним (більше 30 Мбіт/с) безпроводовим доступом до мережі Інтернет,Полтавська,71.16
2025,заклади загальної середньої освіти зі швидкісним (більше 30 Мбіт/с) безпроводовим доступом до мережі Інтернет,Рівненська,4.69
2025,заклади загальної середньої освіти зі швидкісним (більше 30 Мбіт/с) безпроводовим доступом до мережі Інтернет,Сумська,37.88
2025,заклади загальної середньої освіти зі швидкісним (більше 30 Мбіт/с) безпроводовим доступом до мережі Інтернет,Тернопільська,22.05
2025,заклади загальної середньої освіти зі швидкісним (більше 30 Мбіт/с) безпроводовим доступом до мережі Інтернет,Харківська,47.78
2025,заклади загальної середньої освіти зі швидкісним (більше 30 Мбіт/с) безпроводовим доступом до мережі Інтернет,Херсонська,11.11
2025,заклади загальної середньої освіти зі швидкісним (більше 30 Мбіт/с) безпроводовим доступом до мережі Інтернет,Хмельницька,42.56
2025,заклади загальної середньої освіти зі швидкісним (більше 30 Мбіт/с) безпроводовим доступом до мережі Інтернет,Черкаська,68.43
2025,заклади загальної середньої освіти зі швидкісним (більше 30 Мбіт/с) безпроводовим доступом до мережі Інтернет,Чернівецька,71.9
2025,заклади загальної середньої освіти зі швидкісним (більше 30 Мбіт/с) безпроводовим доступом до мережі Інтернет,Чернігівська,37.96
2025,заклади загальної середньої освіти зі швидкісним (більше 30 Мбіт/с) безпроводовим доступом до мережі Інтернет,м. Київ,77.61
2025,заклади загальної середньої освіти зі швидкісним (більше 30 Мбіт/с) безпроводовим доступом до мережі Інтернет,м. Севастополь,
2015,заклади загальної середньої освіти зі швидкісним (більше 30 Мбіт/с) проводовим або безпроводовим доступом до мережі Інтернет,Україна,
2015,заклади загальної середньої освіти зі швидкісним (більше 30 Мбіт/с) проводовим або безпроводовим доступом до мережі Інтернет,Автономна Республіка Крим,
2015,заклади загальної середньої освіти зі швидкісним (більше 30 Мбіт/с) проводовим або безпроводовим доступом до мережі Інтернет,Вінницька,
2015,заклади загальної середньої освіти зі швидкісним (більше 30 Мбіт/с) проводовим або безпроводовим доступом до мережі Інтернет,Волинська,
2015,заклади загальної середньої освіти зі швидкісним (більше 30 Мбіт/с) проводовим або безпроводовим доступом до мережі Інтернет,Дніпропетровська,
2015,заклади загальної середньої освіти зі швидкісним (більше 30 Мбіт/с) проводовим або безпроводовим доступом до мережі Інтернет,Донецька,
2015,заклади загальної середньої освіти зі швидкісним (більше 30 Мбіт/с) проводовим або безпроводовим доступом до мережі Інтернет,Житомирська,
2015,заклади загальної середньої освіти зі швидкісним (більше 30 Мбіт/с) проводовим або безпроводовим доступом до мережі Інтернет,Закарпатська,
2015,заклади загальної середньої освіти зі швидкісним (більше 30 Мбіт/с) проводовим або безпроводовим доступом до мережі Інтернет,Запорізька,
2015,заклади загальної середньої освіти зі швидкісним (більше 30 Мбіт/с) проводовим або безпроводовим доступом до мережі Інтернет,Івано-Франківська,
2015,заклади загальної середньої освіти зі швидкісним (більше 30 Мбіт/с) проводовим або безпроводовим доступом до мережі Інтернет,Київська,
2015,заклади загальної середньої освіти зі швидкісним (більше 30 Мбіт/с) проводовим або безпроводовим доступом до мережі Інтернет,Кіровоградська,
2015,заклади загальної середньої освіти зі швидкісним (більше 30 Мбіт/с) проводовим або безпроводовим доступом до мережі Інтернет,Луганська,
2015,заклади загальної середньої освіти зі швидкісним (більше 30 Мбіт/с) проводовим або безпроводовим доступом до мережі Інтернет,Львівська,
2015,заклади загальної середньої освіти зі швидкісним (більше 30 Мбіт/с) проводовим або безпроводовим доступом до мережі Інтернет,Миколаївська,
2015,заклади загальної середньої освіти зі швидкісним (більше 30 Мбіт/с) проводовим або безпроводовим доступом до мережі Інтернет,Одеська,
2015,заклади загальної середньої освіти зі швидкісним (більше 30 Мбіт/с) проводовим або безпроводовим доступом до мережі Інтернет,Полтавська,
2015,заклади загальної середньої освіти зі швидкісним (більше 30 Мбіт/с) проводовим або безпроводовим доступом до мережі Інтернет,Рівненська,
2015,заклади загальної середньої освіти зі швидкісним (більше 30 Мбіт/с) проводовим або безпроводовим доступом до мережі Інтернет,Сумська,
2015,заклади загальної середньої освіти зі швидкісним (більше 30 Мбіт/с) проводовим або безпроводовим доступом до мережі Інтернет,Тернопільська,
2015,заклади загальної середньої освіти зі швидкісним (більше 30 Мбіт/с) проводовим або безпроводовим доступом до мережі Інтернет,Харківська,
2015,заклади загальної середньої освіти зі швидкісним (більше 30 Мбіт/с) проводовим або безпроводовим доступом до мережі Інтернет,Херсонська,
2015,заклади загальної середньої освіти зі швидкісним (більше 30 Мбіт/с) проводовим або безпроводовим доступом до мережі Інтернет,Хмельницька,
2015,заклади загальної середньої освіти зі швидкісним (більше 30 Мбіт/с) проводовим або безпроводовим доступом до мережі Інтернет,Черкаська,
2015,заклади загальної середньої освіти зі швидкісним (більше 30 Мбіт/с) проводовим або безпроводовим доступом до мережі Інтернет,Чернівецька,
2015,заклади загальної середньої освіти зі швидкісним (більше 30 Мбіт/с) проводовим або безпроводовим доступом до мережі Інтернет,Чернігівська,
2015,заклади загальної середньої освіти зі швидкісним (більше 30 Мбіт/с) проводовим або безпроводовим доступом до мережі Інтернет,м. Київ,
2015,заклади загальної середньої освіти зі швидкісним (більше 30 Мбіт/с) проводовим або безпроводовим доступом до мережі Інтернет,м. Севастополь,
2016,заклади загальної середньої освіти зі швидкісним (більше 30 Мбіт/с) проводовим або безпроводовим доступом до мережі Інтернет,Україна,
2016,заклади загальної середньої освіти зі швидкісним (більше 30 Мбіт/с) проводовим або безпроводовим доступом до мережі Інтернет,Автономна Республіка Крим,
2016,заклади загальної середньої освіти зі швидкісним (більше 30 Мбіт/с) проводовим або безпроводовим доступом до мережі Інтернет,Вінницька,
2016,заклади загальної середньої освіти зі швидкісним (більше 30 Мбіт/с) проводовим або безпроводовим доступом до мережі Інтернет,Волинська,
2016,заклади загальної середньої освіти зі швидкісним (більше 30 Мбіт/с) проводовим або безпроводовим доступом до мережі Інтернет,Дніпропетровська,
2016,заклади загальної середньої освіти зі швидкісним (більше 30 Мбіт/с) проводовим або безпроводовим доступом до мережі Інтернет,Донецька,
2016,заклади загальної середньої освіти зі швидкісним (більше 30 Мбіт/с) проводовим або безпроводовим доступом до мережі Інтернет,Житомирська,
2016,заклади загальної середньої освіти зі швидкісним (більше 30 Мбіт/с) проводовим або безпроводовим доступом до мережі Інтернет,Закарпатська,
2016,заклади загальної середньої освіти зі швидкісним (більше 30 Мбіт/с) проводовим або безпроводовим доступом до мережі Інтернет,Запорізька,
2016,заклади загальної середньої освіти зі швидкісним (більше 30 Мбіт/с) проводовим або безпроводовим доступом до мережі Інтернет,Івано-Франківська,
2016,заклади загальної середньої освіти зі швидкісним (більше 30 Мбіт/с) проводовим або безпроводовим доступом до мережі Інтернет,Київська,
2016,заклади загальної середньої освіти зі швидкісним (більше 30 Мбіт/с) проводовим або безпроводовим доступом до мережі Інтернет,Кіровоградська,
2016,заклади загальної середньої освіти зі швидкісним (більше 30 Мбіт/с) проводовим або безпроводовим доступом до мережі Інтернет,Луганська,
2016,заклади загальної середньої освіти зі швидкісним (більше 30 Мбіт/с) проводовим або безпроводовим доступом до мережі Інтернет,Львівська,
2016,заклади загальної середньої освіти зі швидкісним (більше 30 Мбіт/с) проводовим або безпроводовим доступом до мережі Інтернет,Миколаївська,
2016,заклади загальної середньої освіти зі швидкісним (більше 30 Мбіт/с) проводовим або безпроводовим доступом до мережі Інтернет,Одеська,
2016,заклади загальної середньої освіти зі швидкісним (більше 30 Мбіт/с) проводовим або безпроводовим доступом до мережі Інтернет,Полтавська,
2016,заклади загальної середньої освіти зі швидкісним (більше 30 Мбіт/с) проводовим або безпроводовим доступом до мережі Інтернет,Рівненська,
2016,заклади загальної середньої освіти зі швидкісним (більше 30 Мбіт/с) проводовим або безпроводовим доступом до мережі Інтернет,Сумська,
2016,заклади загальної середньої освіти зі швидкісним (більше 30 Мбіт/с) проводовим або безпроводовим доступом до мережі Інтернет,Тернопільська,
2016,заклади загальної середньої освіти зі швидкісним (більше 30 Мбіт/с) проводовим або безпроводовим доступом до мережі Інтернет,Харківська,
2016,заклади загальної середньої освіти зі швидкісним (більше 30 Мбіт/с) проводовим або безпроводовим доступом до мережі Інтернет,Херсонська,
2016,заклади загальної середньої освіти зі швидкісним (більше 30 Мбіт/с) проводовим або безпроводовим доступом до мережі Інтернет,Хмельницька,
2016,заклади загальної середньої освіти зі швидкісним (більше 30 Мбіт/с) проводовим або безпроводовим доступом до мережі Інтернет,Черкаська,
2016,заклади загальної середньої освіти зі швидкісним (більше 30 Мбіт/с) проводовим або безпроводовим доступом до мережі Інтернет,Чернівецька,
2016,заклади загальної середньої освіти зі швидкісним (більше 30 Мбіт/с) проводовим або безпроводовим доступом до мережі Інтернет,Чернігівська,
2016,заклади загальної середньої освіти зі швидкісним (більше 30 Мбіт/с) проводовим або безпроводовим доступом до мережі Інтернет,м. Київ,
2016,заклади загальної середньої освіти зі швидкісним (більше 30 Мбіт/с) проводовим або безпроводовим доступом до мережі Інтернет,м. Севастополь,
2017,заклади загальної середньої освіти зі швидкісним (більше 30 Мбіт/с) проводовим або безпроводовим доступом до мережі Інтернет,Україна,
2017,заклади загальної середньої освіти зі швидкісним (більше 30 Мбіт/с) проводовим або безпроводовим доступом до мережі Інтернет,Автономна Республіка Крим,
2017,заклади загальної середньої освіти зі швидкісним (більше 30 Мбіт/с) проводовим або безпроводовим доступом до мережі Інтернет,Вінницька,
2017,заклади загальної середньої освіти зі швидкісним (більше 30 Мбіт/с) проводовим або безпроводовим доступом до мережі Інтернет,Волинська,
2017,заклади загальної середньої освіти зі швидкісним (більше 30 Мбіт/с) проводовим або безпроводовим доступом до мережі Інтернет,Дніпропетровська,
2017,заклади загальної середньої освіти зі швидкісним (більше 30 Мбіт/с) проводовим або безпроводовим доступом до мережі Інтернет,Донецька,
2017,заклади загальної середньої освіти зі швидкісним (більше 30 Мбіт/с) проводовим або безпроводовим доступом до мережі Інтернет,Житомирська,
2017,заклади загальної середньої освіти зі швидкісним (більше 30 Мбіт/с) проводовим або безпроводовим доступом до мережі Інтернет,Закарпатська,
2017,заклади загальної середньої освіти зі швидкісним (більше 30 Мбіт/с) проводовим або безпроводовим доступом до мережі Інтернет,Запорізька,
2017,заклади загальної середньої освіти зі швидкісним (більше 30 Мбіт/с) проводовим або безпроводовим доступом до мережі Інтернет,Івано-Франківська,
2017,заклади загальної середньої освіти зі швидкісним (більше 30 Мбіт/с) проводовим або безпроводовим доступом до мережі Інтернет,Київська,
2017,заклади загальної середньої освіти зі швидкісним (більше 30 Мбіт/с) проводовим або безпроводовим доступом до мережі Інтернет,Кіровоградська,
2017,заклади загальної середньої освіти зі швидкісним (більше 30 Мбіт/с) проводовим або безпроводовим доступом до мережі Інтернет,Луганська,
2017,заклади загальної середньої освіти зі швидкісним (більше 30 Мбіт/с) проводовим або безпроводовим доступом до мережі Інтернет,Львівська,
2017,заклади загальної середньої освіти зі швидкісним (більше 30 Мбіт/с) проводовим або безпроводовим доступом до мережі Інтернет,Миколаївська,
2017,заклади загальної середньої освіти зі швидкісним (більше 30 Мбіт/с) проводовим або безпроводовим доступом до мережі Інтернет,Одеська,
2017,заклади загальної середньої освіти зі швидкісним (більше 30 Мбіт/с) проводовим або безпроводовим доступом до мережі Інтернет,Полтавська,
2017,заклади загальної середньої освіти зі швидкісним (більше 30 Мбіт/с) проводовим або безпроводовим доступом до мережі Інтернет,Рівненська,
2017,заклади загальної середньої освіти зі швидкісним (більше 30 Мбіт/с) проводовим або безпроводовим доступом до мережі Інтернет,Сумська,
2017,заклади загальної середньої освіти зі швидкісним (більше 30 Мбіт/с) проводовим або безпроводовим доступом до мережі Інтернет,Тернопільська,
2017,заклади загальної середньої освіти зі швидкісним (більше 30 Мбіт/с) проводовим або безпроводовим доступом до мережі Інтернет,Харківська,
2017,заклади загальної середньої освіти зі швидкісним (більше 30 Мбіт/с) проводовим або безпроводовим доступом до мережі Інтернет,Херсонська,
2017,заклади загальної середньої освіти зі швидкісним (більше 30 Мбіт/с) проводовим або безпроводовим доступом до мережі Інтернет,Хмельницька,
2017,заклади загальної середньої освіти зі швидкісним (більше 30 Мбіт/с) проводовим або безпроводовим доступом до мережі Інтернет,Черкаська,
2017,заклади загальної середньої освіти зі швидкісним (більше 30 Мбіт/с) проводовим або безпроводовим доступом до мережі Інтернет,Чернівецька,
2017,заклади загальної середньої освіти зі швидкісним (більше 30 Мбіт/с) проводовим або безпроводовим доступом до мережі Інтернет,Чернігівська,
2017,заклади загальної середньої освіти зі швидкісним (більше 30 Мбіт/с) проводовим або безпроводовим доступом до мережі Інтернет,м. Київ,
2017,заклади загальної середньої освіти зі швидкісним (більше 30 Мбіт/с) проводовим або безпроводовим доступом до мережі Інтернет,м. Севастополь,
2018,заклади загальної середньої освіти зі швидкісним (більше 30 Мбіт/с) проводовим або безпроводовим доступом до мережі Інтернет,Україна,
2018,заклади загальної середньої освіти зі швидкісним (більше 30 Мбіт/с) проводовим або безпроводовим доступом до мережі Інтернет,Автономна Республіка Крим,
2018,заклади загальної середньої освіти зі швидкісним (більше 30 Мбіт/с) проводовим або безпроводовим доступом до мережі Інтернет,Вінницька,
2018,заклади загальної середньої освіти зі швидкісним (більше 30 Мбіт/с) проводовим або безпроводовим доступом до мережі Інтернет,Волинська,
2018,заклади загальної середньої освіти зі швидкісним (більше 30 Мбіт/с) проводовим або безпроводовим доступом до мережі Інтернет,Дніпропетровська,
2018,заклади загальної середньої освіти зі швидкісним (більше 30 Мбіт/с) проводовим або безпроводовим доступом до мережі Інтернет,Донецька,
2018,заклади загальної середньої освіти зі швидкісним (більше 30 Мбіт/с) проводовим або безпроводовим доступом до мережі Інтернет,Житомирська,
2018,заклади загальної середньої освіти зі швидкісним (більше 30 Мбіт/с) проводовим або безпроводовим доступом до мережі Інтернет,Закарпатська,
2018,заклади загальної середньої освіти зі швидкісним (більше 30 Мбіт/с) проводовим або безпроводовим доступом до мережі Інтернет,Запорізька,
2018,заклади загальної середньої освіти зі швидкісним (більше 30 Мбіт/с) проводовим або безпроводовим доступом до мережі Інтернет,Івано-Франківська,
2018,заклади загальної середньої освіти зі швидкісним (більше 30 Мбіт/с) проводовим або безпроводовим доступом до мережі Інтернет,Київська,
2018,заклади загальної середньої освіти зі швидкісним (більше 30 Мбіт/с) проводовим або безпроводовим доступом до мережі Інтернет,Кіровоградська,
2018,заклади загальної середньої освіти зі швидкісним (більше 30 Мбіт/с) проводовим або безпроводовим доступом до мережі Інтернет,Луганська,
2018,заклади загальної середньої освіти зі швидкісним (більше 30 Мбіт/с) проводовим або безпроводовим доступом до мережі Інтернет,Львівська,
2018,заклади загальної середньої освіти зі швидкісним (більше 30 Мбіт/с) проводовим або безпроводовим доступом до мережі Інтернет,Миколаївська,
2018,заклади загальної середньої освіти зі швидкісним (більше 30 Мбіт/с) проводовим або безпроводовим доступом до мережі Інтернет,Одеська,
2018,заклади загальної середньої освіти зі швидкісним (більше 30 Мбіт/с) проводовим або безпроводовим доступом до мережі Інтернет,Полтавська,
2018,заклади загальної середньої освіти зі швидкісним (більше 30 Мбіт/с) проводовим або безпроводовим доступом до мережі Інтернет,Рівненська,
2018,заклади загальної середньої освіти зі швидкісним (більше 30 Мбіт/с) проводовим або безпроводовим доступом до мережі Інтернет,Сумська,
2018,заклади загальної середньої освіти зі швидкісним (більше 30 Мбіт/с) проводовим або безпроводовим доступом до мережі Інтернет,Тернопільська,
2018,заклади загальної середньої освіти зі швидкісним (більше 30 Мбіт/с) проводовим або безпроводовим доступом до мережі Інтернет,Харківська,
2018,заклади загальної середньої освіти зі швидкісним (більше 30 Мбіт/с) проводовим або безпроводовим доступом до мережі Інтернет,Херсонська,
2018,заклади загальної середньої освіти зі швидкісним (більше 30 Мбіт/с) проводовим або безпроводовим доступом до мережі Інтернет,Хмельницька,
2018,заклади загальної середньої освіти зі швидкісним (більше 30 Мбіт/с) проводовим або безпроводовим доступом до мережі Інтернет,Черкаська,
2018,заклади загальної середньої освіти зі швидкісним (більше 30 Мбіт/с) проводовим або безпроводовим доступом до мережі Інтернет,Чернівецька,
2018,заклади загальної середньої освіти зі швидкісним (більше 30 Мбіт/с) проводовим або безпроводовим доступом до мережі Інтернет,Чернігівська,
2018,заклади загальної середньої освіти зі швидкісним (більше 30 Мбіт/с) проводовим або безпроводовим доступом до мережі Інтернет,м. Київ,
2018,заклади загальної середньої освіти зі швидкісним (більше 30 Мбіт/с) проводовим або безпроводовим доступом до мережі Інтернет,м. Севастополь,
2019,заклади загальної середньої освіти зі швидкісним (більше 30 Мбіт/с) проводовим або безпроводовим доступом до мережі Інтернет,Україна,
2019,заклади загальної середньої освіти зі швидкісним (більше 30 Мбіт/с) проводовим або безпроводовим доступом до мережі Інтернет,Автономна Республіка Крим,
2019,заклади загальної середньої освіти зі швидкісним (більше 30 Мбіт/с) проводовим або безпроводовим доступом до мережі Інтернет,Вінницька,
2019,заклади загальної середньої освіти зі швидкісним (більше 30 Мбіт/с) проводовим або безпроводовим доступом до мережі Інтернет,Волинська,
2019,заклади загальної середньої освіти зі швидкісним (більше 30 Мбіт/с) проводовим або безпроводовим доступом до мережі Інтернет,Дніпропетровська,
2019,заклади загальної середньої освіти зі швидкісним (більше 30 Мбіт/с) проводовим або безпроводовим доступом до мережі Інтернет,Донецька,
2019,заклади загальної середньої освіти зі швидкісним (більше 30 Мбіт/с) проводовим або безпроводовим доступом до мережі Інтернет,Житомирська,
2019,заклади загальної середньої освіти зі швидкісним (більше 30 Мбіт/с) проводовим або безпроводовим доступом до мережі Інтернет,Закарпатська,
2019,заклади загальної середньої освіти зі швидкісним (більше 30 Мбіт/с) проводовим або безпроводовим доступом до мережі Інтернет,Запорізька,
2019,заклади загальної середньої освіти зі швидкісним (більше 30 Мбіт/с) проводовим або безпроводовим доступом до мережі Інтернет,Івано-Франківська,
2019,заклади загальної середньої освіти зі швидкісним (більше 30 Мбіт/с) проводовим або безпроводовим доступом до мережі Інтернет,Київська,
2019,заклади загальної середньої освіти зі швидкісним (більше 30 Мбіт/с) проводовим або безпроводовим доступом до мережі Інтернет,Кіровоградська,
2019,заклади загальної середньої освіти зі швидкісним (більше 30 Мбіт/с) проводовим або безпроводовим доступом до мережі Інтернет,Луганська,
2019,заклади загальної середньої освіти зі швидкісним (більше 30 Мбіт/с) проводовим або безпроводовим доступом до мережі Інтернет,Львівська,
2019,заклади загальної середньої освіти зі швидкісним (більше 30 Мбіт/с) проводовим або безпроводовим доступом до мережі Інтернет,Миколаївська,
2019,заклади загальної середньої освіти зі швидкісним (більше 30 Мбіт/с) проводовим або безпроводовим доступом до мережі Інтернет,Одеська,
2019,заклади загальної середньої освіти зі швидкісним (більше 30 Мбіт/с) проводовим або безпроводовим доступом до мережі Інтернет,Полтавська,
2019,заклади загальної середньої освіти зі швидкісним (більше 30 Мбіт/с) проводовим або безпроводовим доступом до мережі Інтернет,Рівненська,
2019,заклади загальної середньої освіти зі швидкісним (більше 30 Мбіт/с) проводовим або безпроводовим доступом до мережі Інтернет,Сумська,
2019,заклади загальної середньої освіти зі швидкісним (більше 30 Мбіт/с) проводовим або безпроводовим доступом до мережі Інтернет,Тернопільська,
2019,заклади загальної середньої освіти зі швидкісним (більше 30 Мбіт/с) проводовим або безпроводовим доступом до мережі Інтернет,Харківська,
2019,заклади загальної середньої освіти зі швидкісним (більше 30 Мбіт/с) проводовим або безпроводовим доступом до мережі Інтернет,Херсонська,
2019,заклади загальної середньої освіти зі швидкісним (більше 30 Мбіт/с) проводовим або безпроводовим доступом до мережі Інтернет,Хмельницька,
2019,заклади загальної середньої освіти зі швидкісним (більше 30 Мбіт/с) проводовим або безпроводовим доступом до мережі Інтернет,Черкаська,
2019,заклади загальної середньої освіти зі швидкісним (більше 30 Мбіт/с) проводовим або безпроводовим доступом до мережі Інтернет,Чернівецька,
2019,заклади загальної середньої освіти зі швидкісним (більше 30 Мбіт/с) проводовим або безпроводовим доступом до мережі Інтернет,Чернігівська,
2019,заклади загальної середньої освіти зі швидкісним (більше 30 Мбіт/с) проводовим або безпроводовим доступом до мережі Інтернет,м. Київ,
2019,заклади загальної середньої освіти зі швидкісним (більше 30 Мбіт/с) проводовим або безпроводовим доступом до мережі Інтернет,м. Севастополь,
2020,заклади загальної середньої освіти зі швидкісним (більше 30 Мбіт/с) проводовим або безпроводовим доступом до мережі Інтернет,Україна,
2020,заклади загальної середньої освіти зі швидкісним (більше 30 Мбіт/с) проводовим або безпроводовим доступом до мережі Інтернет,Автономна Республіка Крим,
2020,заклади загальної середньої освіти зі швидкісним (більше 30 Мбіт/с) проводовим або безпроводовим доступом до мережі Інтернет,Вінницька,
2020,заклади загальної середньої освіти зі швидкісним (більше 30 Мбіт/с) проводовим або безпроводовим доступом до мережі Інтернет,Волинська,
2020,заклади загальної середньої освіти зі швидкісним (більше 30 Мбіт/с) проводовим або безпроводовим доступом до мережі Інтернет,Дніпропетровська,
2020,заклади загальної середньої освіти зі швидкісним (більше 30 Мбіт/с) проводовим або безпроводовим доступом до мережі Інтернет,Донецька,
2020,заклади загальної середньої освіти зі швидкісним (більше 30 Мбіт/с) проводовим або безпроводовим доступом до мережі Інтернет,Житомирська,
2020,заклади загальної середньої освіти зі швидкісним (більше 30 Мбіт/с) проводовим або безпроводовим доступом до мережі Інтернет,Закарпатська,
2020,заклади загальної середньої освіти зі швидкісним (більше 30 Мбіт/с) проводовим або безпроводовим доступом до мережі Інтернет,Запорізька,
2020,заклади загальної середньої освіти зі швидкісним (більше 30 Мбіт/с) проводовим або безпроводовим доступом до мережі Інтернет,Івано-Франківська,
2020,заклади загальної середньої освіти зі швидкісним (більше 30 Мбіт/с) проводовим або безпроводовим доступом до мережі Інтернет,Київська,
2020,заклади загальної середньої освіти зі швидкісним (більше 30 Мбіт/с) проводовим або безпроводовим доступом до мережі Інтернет,Кіровоградська,
2020,заклади загальної середньої освіти зі швидкісним (більше 30 Мбіт/с) проводовим або безпроводовим доступом до мережі Інтернет,Луганська,
2020,заклади загальної середньої освіти зі швидкісним (більше 30 Мбіт/с) проводовим або безпроводовим доступом до мережі Інтернет,Львівська,
2020,заклади загальної середньої освіти зі швидкісним (більше 30 Мбіт/с) проводовим або безпроводовим доступом до мережі Інтернет,Миколаївська,
2020,заклади загальної середньої освіти зі швидкісним (більше 30 Мбіт/с) проводовим або безпроводовим доступом до мережі Інтернет,Одеська,
2020,заклади загальної середньої освіти зі швидкісним (більше 30 Мбіт/с) проводовим або безпроводовим доступом до мережі Інтернет,Полтавська,
2020,заклади загальної середньої освіти зі швидкісним (більше 30 Мбіт/с) проводовим або безпроводовим доступом до мережі Інтернет,Рівненська,
2020,заклади загальної середньої освіти зі швидкісним (більше 30 Мбіт/с) проводовим або безпроводовим доступом до мережі Інтернет,Сумська,
2020,заклади загальної середньої освіти зі швидкісним (більше 30 Мбіт/с) проводовим або безпроводовим доступом до мережі Інтернет,Тернопільська,
2020,заклади загальної середньої освіти зі швидкісним (більше 30 Мбіт/с) проводовим або безпроводовим доступом до мережі Інтернет,Харківська,
2020,заклади загальної середньої освіти зі швидкісним (більше 30 Мбіт/с) проводовим або безпроводовим доступом до мережі Інтернет,Херсонська,
2020,заклади загальної середньої освіти зі швидкісним (більше 30 Мбіт/с) проводовим або безпроводовим доступом до мережі Інтернет,Хмельницька,
2020,заклади загальної середньої освіти зі швидкісним (більше 30 Мбіт/с) проводовим або безпроводовим доступом до мережі Інтернет,Черкаська,
2020,заклади загальної середньої освіти зі швидкісним (більше 30 Мбіт/с) проводовим або безпроводовим доступом до мережі Інтернет,Чернівецька,
2020,заклади загальної середньої освіти зі швидкісним (більше 30 Мбіт/с) проводовим або безпроводовим доступом до мережі Інтернет,Чернігівська,
2020,заклади загальної середньої освіти зі швидкісним (більше 30 Мбіт/с) проводовим або безпроводовим доступом до мережі Інтернет,м. Київ,
2020,заклади загальної середньої освіти зі швидкісним (більше 30 Мбіт/с) проводовим або безпроводовим доступом до мережі Інтернет,м. Севастополь,
2021,заклади загальної середньої освіти зі швидкісним (більше 30 Мбіт/с) проводовим або безпроводовим доступом до мережі Інтернет,Україна,
2021,заклади загальної середньої освіти зі швидкісним (більше 30 Мбіт/с) проводовим або безпроводовим доступом до мережі Інтернет,Автономна Республіка Крим,
2021,заклади загальної середньої освіти зі швидкісним (більше 30 Мбіт/с) проводовим або безпроводовим доступом до мережі Інтернет,Вінницька,
2021,заклади загальної середньої освіти зі швидкісним (більше 30 Мбіт/с) проводовим або безпроводовим доступом до мережі Інтернет,Волинська,
2021,заклади загальної середньої освіти зі швидкісним (більше 30 Мбіт/с) проводовим або безпроводовим доступом до мережі Інтернет,Дніпропетровська,
2021,заклади загальної середньої освіти зі швидкісним (більше 30 Мбіт/с) проводовим або безпроводовим доступом до мережі Інтернет,Донецька,
2021,заклади загальної середньої освіти зі швидкісним (більше 30 Мбіт/с) проводовим або безпроводовим доступом до мережі Інтернет,Житомирська,
2021,заклади загальної середньої освіти зі швидкісним (більше 30 Мбіт/с) проводовим або безпроводовим доступом до мережі Інтернет,Закарпатська,
2021,заклади загальної середньої освіти зі швидкісним (більше 30 Мбіт/с) проводовим або безпроводовим доступом до мережі Інтернет,Запорізька,
2021,заклади загальної середньої освіти зі швидкісним (більше 30 Мбіт/с) проводовим або безпроводовим доступом до мережі Інтернет,Івано-Франківська,
2021,заклади загальної середньої освіти зі швидкісним (більше 30 Мбіт/с) проводовим або безпроводовим доступом до мережі Інтернет,Київська,
2021,заклади загальної середньої освіти зі швидкісним (більше 30 Мбіт/с) проводовим або безпроводовим доступом до мережі Інтернет,Кіровоградська,
2021,заклади загальної середньої освіти зі швидкісним (більше 30 Мбіт/с) проводовим або безпроводовим доступом до мережі Інтернет,Луганська,
2021,заклади загальної середньої освіти зі швидкісним (більше 30 Мбіт/с) проводовим або безпроводовим доступом до мережі Інтернет,Львівська,
2021,заклади загальної середньої освіти зі швидкісним (більше 30 Мбіт/с) проводовим або безпроводовим доступом до мережі Інтернет,Миколаївська,
2021,заклади загальної середньої освіти зі швидкісним (більше 30 Мбіт/с) проводовим або безпроводовим доступом до мережі Інтернет,Одеська,
2021,заклади загальної середньої освіти зі швидкісним (більше 30 Мбіт/с) проводовим або безпроводовим доступом до мережі Інтернет,Полтавська,
2021,заклади загальної середньої освіти зі швидкісним (більше 30 Мбіт/с) проводовим або безпроводовим доступом до мережі Інтернет,Рівненська,
2021,заклади загальної середньої освіти зі швидкісним (більше 30 Мбіт/с) проводовим або безпроводовим доступом до мережі Інтернет,Сумська,
2021,заклади загальної середньої освіти зі швидкісним (більше 30 Мбіт/с) проводовим або безпроводовим доступом до мережі Інтернет,Тернопільська,
2021,заклади загальної середньої освіти зі швидкісним (більше 30 Мбіт/с) проводовим або безпроводовим доступом до мережі Інтернет,Харківська,
2021,заклади загальної середньої освіти зі швидкісним (більше 30 Мбіт/с) проводовим або безпроводовим доступом до мережі Інтернет,Херсонська,
2021,заклади загальної середньої освіти зі швидкісним (більше 30 Мбіт/с) проводовим або безпроводовим доступом до мережі Інтернет,Хмельницька,
2021,заклади загальної середньої освіти зі швидкісним (більше 30 Мбіт/с) проводовим або безпроводовим доступом до мережі Інтернет,Черкаська,
2021,заклади загальної середньої освіти зі швидкісним (більше 30 Мбіт/с) проводовим або безпроводовим доступом до мережі Інтернет,Чернівецька,
2021,заклади загальної середньої освіти зі швидкісним (більше 30 Мбіт/с) проводовим або безпроводовим доступом до мережі Інтернет,Чернігівська,
2021,заклади загальної середньої освіти зі швидкісним (більше 30 Мбіт/с) проводовим або безпроводовим доступом до мережі Інтернет,м. Київ,
2021,заклади загальної середньої освіти зі швидкісним (більше 30 Мбіт/с) проводовим або безпроводовим доступом до мережі Інтернет,м. Севастополь,
2022,заклади загальної середньої освіти зі швидкісним (більше 30 Мбіт/с) проводовим або безпроводовим доступом до мережі Інтернет,Україна,
2022,заклади загальної середньої освіти зі швидкісним (більше 30 Мбіт/с) проводовим або безпроводовим доступом до мережі Інтернет,Автономна Республіка Крим,
2022,заклади загальної середньої освіти зі швидкісним (більше 30 Мбіт/с) проводовим або безпроводовим доступом до мережі Інтернет,Вінницька,
2022,заклади загальної середньої освіти зі швидкісним (більше 30 Мбіт/с) проводовим або безпроводовим доступом до мережі Інтернет,Волинська,
2022,заклади загальної середньої освіти зі швидкісним (більше 30 Мбіт/с) проводовим або безпроводовим доступом до мережі Інтернет,Дніпропетровська,
2022,заклади загальної середньої освіти зі швидкісним (більше 30 Мбіт/с) проводовим або безпроводовим доступом до мережі Інтернет,Донецька,
2022,заклади загальної середньої освіти зі швидкісним (більше 30 Мбіт/с) проводовим або безпроводовим доступом до мережі Інтернет,Житомирська,
2022,заклади загальної середньої освіти зі швидкісним (більше 30 Мбіт/с) проводовим або безпроводовим доступом до мережі Інтернет,Закарпатська,
2022,заклади загальної середньої освіти зі швидкісним (більше 30 Мбіт/с) проводовим або безпроводовим доступом до мережі Інтернет,Запорізька,
2022,заклади загальної середньої освіти зі швидкісним (більше 30 Мбіт/с) проводовим або безпроводовим доступом до мережі Інтернет,Івано-Франківська,
2022,заклади загальної середньої освіти зі швидкісним (більше 30 Мбіт/с) проводовим або безпроводовим доступом до мережі Інтернет,Київська,
2022,заклади загальної середньої освіти зі швидкісним (більше 30 Мбіт/с) проводовим або безпроводовим доступом до мережі Інтернет,Кіровоградська,
2022,заклади загальної середньої освіти зі швидкісним (більше 30 Мбіт/с) проводовим або безпроводовим доступом до мережі Інтернет,Луганська,
2022,заклади загальної середньої освіти зі швидкісним (більше 30 Мбіт/с) проводовим або безпроводовим доступом до мережі Інтернет,Львівська,
2022,заклади загальної середньої освіти зі швидкісним (більше 30 Мбіт/с) проводовим або безпроводовим доступом до мережі Інтернет,Миколаївська,
2022,заклади загальної середньої освіти зі швидкісним (більше 30 Мбіт/с) проводовим або безпроводовим доступом до мережі Інтернет,Одеська,
2022,заклади загальної середньої освіти зі швидкісним (більше 30 Мбіт/с) проводовим або безпроводовим доступом до мережі Інтернет,Полтавська,
2022,заклади загальної середньої освіти зі швидкісним (більше 30 Мбіт/с) проводовим або безпроводовим доступом до мережі Інтернет,Рівненська,
2022,заклади загальної середньої освіти зі швидкісним (більше 30 Мбіт/с) проводовим або безпроводовим доступом до мережі Інтернет,Сумська,
2022,заклади загальної середньої освіти зі швидкісним (більше 30 Мбіт/с) проводовим або безпроводовим доступом до мережі Інтернет,Тернопільська,
2022,заклади загальної середньої освіти зі швидкісним (більше 30 Мбіт/с) проводовим або безпроводовим доступом до мережі Інтернет,Харківська,
2022,заклади загальної середньої освіти зі швидкісним (більше 30 Мбіт/с) проводовим або безпроводовим доступом до мережі Інтернет,Херсонська,
2022,заклади загальної середньої освіти зі швидкісним (більше 30 Мбіт/с) проводовим або безпроводовим доступом до мережі Інтернет,Хмельницька,
2022,заклади загальної середньої освіти зі швидкісним (більше 30 Мбіт/с) проводовим або безпроводовим доступом до мережі Інтернет,Черкаська,
2022,заклади загальної середньої освіти зі швидкісним (більше 30 Мбіт/с) проводовим або безпроводовим доступом до мережі Інтернет,Чернівецька,
2022,заклади загальної середньої освіти зі швидкісним (більше 30 Мбіт/с) проводовим або безпроводовим доступом до мережі Інтернет,Чернігівська,
2022,заклади загальної середньої освіти зі швидкісним (більше 30 Мбіт/с) проводовим або безпроводовим доступом до мережі Інтернет,м. Київ,
2022,заклади загальної середньої освіти зі швидкісним (більше 30 Мбіт/с) проводовим або безпроводовим доступом до мережі Інтернет,м. Севастополь,
2023,заклади загальної середньої освіти зі швидкісним (більше 30 Мбіт/с) проводовим або безпроводовим доступом до мережі Інтернет,Україна,
2023,заклади загальної середньої освіти зі швидкісним (більше 30 Мбіт/с) проводовим або безпроводовим доступом до мережі Інтернет,Автономна Республіка Крим,
2023,заклади загальної середньої освіти зі швидкісним (більше 30 Мбіт/с) проводовим або безпроводовим доступом до мережі Інтернет,Вінницька,
2023,заклади загальної середньої освіти зі швидкісним (більше 30 Мбіт/с) проводовим або безпроводовим доступом до мережі Інтернет,Волинська,
2023,заклади загальної середньої освіти зі швидкісним (більше 30 Мбіт/с) проводовим або безпроводовим доступом до мережі Інтернет,Дніпропетровська,
2023,заклади загальної середньої освіти зі швидкісним (більше 30 Мбіт/с) проводовим або безпроводовим доступом до мережі Інтернет,Донецька,
2023,заклади загальної середньої освіти зі швидкісним (більше 30 Мбіт/с) проводовим або безпроводовим доступом до мережі Інтернет,Житомирська,
2023,заклади загальної середньої освіти зі швидкісним (більше 30 Мбіт/с) проводовим або безпроводовим доступом до мережі Інтернет,Закарпатська,
2023,заклади загальної середньої освіти зі швидкісним (більше 30 Мбіт/с) проводовим або безпроводовим доступом до мережі Інтернет,Запорізька,
2023,заклади загальної середньої освіти зі швидкісним (більше 30 Мбіт/с) проводовим або безпроводовим доступом до мережі Інтернет,Івано-Франківська,
2023,заклади загальної середньої освіти зі швидкісним (більше 30 Мбіт/с) проводовим або безпроводовим доступом до мережі Інтернет,Київська,
2023,заклади загальної середньої освіти зі швидкісним (більше 30 Мбіт/с) проводовим або безпроводовим доступом до мережі Інтернет,Кіровоградська,
2023,заклади загальної середньої освіти зі швидкісним (більше 30 Мбіт/с) проводовим або безпроводовим доступом до мережі Інтернет,Луганська,
2023,заклади загальної середньої освіти зі швидкісним (більше 30 Мбіт/с) проводовим або безпроводовим доступом до мережі Інтернет,Львівська,
2023,заклади загальної середньої освіти зі швидкісним (більше 30 Мбіт/с) проводовим або безпроводовим доступом до мережі Інтернет,Миколаївська,
2023,заклади загальної середньої освіти зі швидкісним (більше 30 Мбіт/с) проводовим або безпроводовим доступом до мережі Інтернет,Одеська,
2023,заклади загальної середньої освіти зі швидкісним (більше 30 Мбіт/с) проводовим або безпроводовим доступом до мережі Інтернет,Полтавська,
2023,заклади загальної середньої освіти зі швидкісним (більше 30 Мбіт/с) проводовим або безпроводовим доступом до мережі Інтернет,Рівненська,
2023,заклади загальної середньої освіти зі швидкісним (більше 30 Мбіт/с) проводовим або безпроводовим доступом до мережі Інтернет,Сумська,
2023,заклади загальної середньої освіти зі швидкісним (більше 30 Мбіт/с) проводовим або безпроводовим доступом до мережі Інтернет,Тернопільська,
2023,заклади загальної середньої освіти зі швидкісним (більше 30 Мбіт/с) проводовим або безпроводовим доступом до мережі Інтернет,Харківська,
2023,заклади загальної середньої освіти зі швидкісним (більше 30 Мбіт/с) проводовим або безпроводовим доступом до мережі Інтернет,Херсонська,
2023,заклади загальної середньої освіти зі швидкісним (більше 30 Мбіт/с) проводовим або безпроводовим доступом до мережі Інтернет,Хмельницька,
2023,заклади загальної середньої освіти зі швидкісним (більше 30 Мбіт/с) проводовим або безпроводовим доступом до мережі Інтернет,Черкаська,
2023,заклади загальної середньої освіти зі швидкісним (більше 30 Мбіт/с) проводовим або безпроводовим доступом до мережі Інтернет,Чернівецька,
2023,заклади загальної середньої освіти зі швидкісним (більше 30 Мбіт/с) проводовим або безпроводовим доступом до мережі Інтернет,Чернігівська,
2023,заклади загальної середньої освіти зі швидкісним (більше 30 Мбіт/с) проводовим або безпроводовим доступом до мережі Інтернет,м. Київ,
2023,заклади загальної середньої освіти зі швидкісним (більше 30 Мбіт/с) проводовим або безпроводовим доступом до мережі Інтернет,м. Севастополь,
2024,заклади загальної середньої освіти зі швидкісним (більше 30 Мбіт/с) проводовим або безпроводовим доступом до мережі Інтернет,Україна,84.33
2024,заклади загальної середньої освіти зі швидкісним (більше 30 Мбіт/с) проводовим або безпроводовим доступом до мережі Інтернет,Автономна Республіка Крим,
2024,заклади загальної середньої освіти зі швидкісним (більше 30 Мбіт/с) проводовим або безпроводовим доступом до мережі Інтернет,Вінницька,86.71
2024,заклади загальної середньої освіти зі швидкісним (більше 30 Мбіт/с) проводовим або безпроводовим доступом до мережі Інтернет,Волинська,89.58
2024,заклади загальної середньої освіти зі швидкісним (більше 30 Мбіт/с) проводовим або безпроводовим доступом до мережі Інтернет,Дніпропетровська,85.51
2024,заклади загальної середньої освіти зі швидкісним (більше 30 Мбіт/с) проводовим або безпроводовим доступом до мережі Інтернет,Донецька,94.94
2024,заклади загальної середньої освіти зі швидкісним (більше 30 Мбіт/с) проводовим або безпроводовим доступом до мережі Інтернет,Житомирська,77.5
2024,заклади загальної середньої освіти зі швидкісним (більше 30 Мбіт/с) проводовим або безпроводовим доступом до мережі Інтернет,Закарпатська,75.97
2024,заклади загальної середньої освіти зі швидкісним (більше 30 Мбіт/с) проводовим або безпроводовим доступом до мережі Інтернет,Запорізька,45.77
2024,заклади загальної середньої освіти зі швидкісним (більше 30 Мбіт/с) проводовим або безпроводовим доступом до мережі Інтернет,Івано-Франківська,74.91
2024,заклади загальної середньої освіти зі швидкісним (більше 30 Мбіт/с) проводовим або безпроводовим доступом до мережі Інтернет,Київська,93.97
2024,заклади загальної середньої освіти зі швидкісним (більше 30 Мбіт/с) проводовим або безпроводовим доступом до мережі Інтернет,Кіровоградська,90.18
2024,заклади загальної середньої освіти зі швидкісним (більше 30 Мбіт/с) проводовим або безпроводовим доступом до мережі Інтернет,Луганська,1.2
2024,заклади загальної середньої освіти зі швидкісним (більше 30 Мбіт/с) проводовим або безпроводовим доступом до мережі Інтернет,Львівська,85.62
2024,заклади загальної середньої освіти зі швидкісним (більше 30 Мбіт/с) проводовим або безпроводовим доступом до мережі Інтернет,Миколаївська,77.64
2024,заклади загальної середньої освіти зі швидкісним (більше 30 Мбіт/с) проводовим або безпроводовим доступом до мережі Інтернет,Одеська,95.49
2024,заклади загальної середньої освіти зі швидкісним (більше 30 Мбіт/с) проводовим або безпроводовим доступом до мережі Інтернет,Полтавська,91.4
2024,заклади загальної середньої освіти зі швидкісним (більше 30 Мбіт/с) проводовим або безпроводовим доступом до мережі Інтернет,Рівненська,93.48
2024,заклади загальної середньої освіти зі швидкісним (більше 30 Мбіт/с) проводовим або безпроводовим доступом до мережі Інтернет,Сумська,88.13
2024,заклади загальної середньої освіти зі швидкісним (більше 30 Мбіт/с) проводовим або безпроводовим доступом до мережі Інтернет,Тернопільська,89.71
2024,заклади загальної середньої освіти зі швидкісним (більше 30 Мбіт/с) проводовим або безпроводовим доступом до мережі Інтернет,Харківська,73.31
2024,заклади загальної середньої освіти зі швидкісним (більше 30 Мбіт/с) проводовим або безпроводовим доступом до мережі Інтернет,Херсонська,24.14
2024,заклади загальної середньої освіти зі швидкісним (більше 30 Мбіт/с) проводовим або безпроводовим доступом до мережі Інтернет,Хмельницька,84.6
2024,заклади загальної середньої освіти зі швидкісним (більше 30 Мбіт/с) проводовим або безпроводовим доступом до мережі Інтернет,Черкаська,97.46
2024,заклади загальної середньої освіти зі швидкісним (більше 30 Мбіт/с) проводовим або безпроводовим доступом до мережі Інтернет,Чернівецька,99.1
2024,заклади загальної середньої освіти зі швидкісним (більше 30 Мбіт/с) проводовим або безпроводовим доступом до мережі Інтернет,Чернігівська,87.77
2024,заклади загальної середньої освіти зі швидкісним (більше 30 Мбіт/с) проводовим або безпроводовим доступом до мережі Інтернет,м. Київ,93.19
2024,заклади загальної середньої освіти зі швидкісним (більше 30 Мбіт/с) проводовим або безпроводовим доступом до мережі Інтернет,м. Севастополь,
2025,заклади загальної середньої освіти зі швидкісним (більше 30 Мбіт/с) проводовим або безпроводовим доступом до мережі Інтернет,Україна,85.46
2025,заклади загальної середньої освіти зі швидкісним (більше 30 Мбіт/с) проводовим або безпроводовим доступом до мережі Інтернет,Автономна Республіка Крим,
2025,заклади загальної середньої освіти зі швидкісним (більше 30 Мбіт/с) проводовим або безпроводовим доступом до мережі Інтернет,Вінницька,88.07
2025,заклади загальної середньої освіти зі швидкісним (більше 30 Мбіт/с) проводовим або безпроводовим доступом до мережі Інтернет,Волинська,92.09
2025,заклади загальної середньої освіти зі швидкісним (більше 30 Мбіт/с) проводовим або безпроводовим доступом до мережі Інтернет,Дніпропетровська,83.23
2025,заклади загальної середньої освіти зі швидкісним (більше 30 Мбіт/с) проводовим або безпроводовим доступом до мережі Інтернет,Донецька,97.67
2025,заклади загальної середньої освіти зі швидкісним (більше 30 Мбіт/с) проводовим або безпроводовим доступом до мережі Інтернет,Житомирська,78.25
2025,заклади загальної середньої освіти зі швидкісним (більше 30 Мбіт/с) проводовим або безпроводовим доступом до мережі Інтернет,Закарпатська,78.94
2025,заклади загальної середньої освіти зі швидкісним (більше 30 Мбіт/с) проводовим або безпроводовим доступом до мережі Інтернет,Запорізька,50.48
2025,заклади загальної середньої освіти зі швидкісним (більше 30 Мбіт/с) проводовим або безпроводовим доступом до мережі Інтернет,Івано-Франківська,79.78
2025,заклади загальної середньої освіти зі швидкісним (більше 30 Мбіт/с) проводовим або безпроводовим доступом до мережі Інтернет,Київська,95.6
2025,заклади загальної середньої освіти зі швидкісним (більше 30 Мбіт/с) проводовим або безпроводовим доступом до мережі Інтернет,Кіровоградська,89.13
2025,заклади загальної середньої освіти зі швидкісним (більше 30 Мбіт/с) проводовим або безпроводовим доступом до мережі Інтернет,Луганська,0.0
2025,заклади загальної середньої освіти зі швидкісним (більше 30 Мбіт/с) проводовим або безпроводовим доступом до мережі Інтернет,Львівська,83.91
2025,заклади загальної середньої освіти зі швидкісним (більше 30 Мбіт/с) проводовим або безпроводовим доступом до мережі Інтернет,Миколаївська,80.92
2025,заклади загальної середньої освіти зі швидкісним (більше 30 Мбіт/с) проводовим або безпроводовим доступом до мережі Інтернет,Одеська,95.06
2025,заклади загальної середньої освіти зі швидкісним (більше 30 Мбіт/с) проводовим або безпроводовим доступом до мережі Інтернет,Полтавська,92.42
2025,заклади загальної середньої освіти зі швидкісним (більше 30 Мбіт/с) проводовим або безпроводовим доступом до мережі Інтернет,Рівненська,94.92
2025,заклади загальної середньої освіти зі швидкісним (більше 30 Мбіт/с) проводовим або безпроводовим доступом до мережі Інтернет,Сумська,89.42
2025,заклади загальної середньої освіти зі швидкісним (більше 30 Мбіт/с) проводовим або безпроводовим доступом до мережі Інтернет,Тернопільська,88.78
2025,заклади загальної середньої освіти зі швидкісним (більше 30 Мбіт/с) проводовим або безпроводовим доступом до мережі Інтернет,Харківська,76.45
2025,заклади загальної середньої освіти зі швидкісним (більше 30 Мбіт/с) проводовим або безпроводовим доступом до мережі Інтернет,Херсонська,22.81
2025,заклади загальної середньої освіти зі швидкісним (більше 30 Мбіт/с) проводовим або безпроводовим доступом до мережі Інтернет,Хмельницька,85.74
2025,заклади загальної середньої освіти зі швидкісним (більше 30 Мбіт/с) проводовим або безпроводовим доступом до мережі Інтернет,Черкаська,98.07
2025,заклади загальної середньої освіти зі швидкісним (більше 30 Мбіт/с) проводовим або безпроводовим доступом до мережі Інтернет,Чернівецька,100.0
2025,заклади загальної середньої освіти зі швидкісним (більше 30 Мбіт/с) проводовим або безпроводовим доступом до мережі Інтернет,Чернігівська,91.05
2025,заклади загальної середньої освіти зі швидкісним (більше 30 Мбіт/с) проводовим або безпроводовим доступом до мережі Інтернет,м. Київ,92.81
2025,заклади загальної середньої освіти зі швидкісним (більше 30 Мбіт/с) проводовим або безпроводовим доступом до мережі Інтернет,м. Севастополь,
2015,заклади позашкільної освіти з широкосмуговим проводовим швидкісним (більше 30 Мбіт/с) доступом до мережі Інтернет,Україна,
2015,заклади позашкільної освіти з широкосмуговим проводовим швидкісним (більше 30 Мбіт/с) доступом до мережі Інтернет,Автономна Республіка Крим,
2015,заклади позашкільної освіти з широкосмуговим проводовим швидкісним (більше 30 Мбіт/с) доступом до мережі Інтернет,Вінницька,
2015,заклади позашкільної освіти з широкосмуговим проводовим швидкісним (більше 30 Мбіт/с) доступом до мережі Інтернет,Волинська,
2015,заклади позашкільної освіти з широкосмуговим проводовим швидкісним (більше 30 Мбіт/с) доступом до мережі Інтернет,Дніпропетровська,
2015,заклади позашкільної освіти з широкосмуговим проводовим швидкісним (більше 30 Мбіт/с) доступом до мережі Інтернет,Донецька,
2015,заклади позашкільної освіти з широкосмуговим проводовим швидкісним (більше 30 Мбіт/с) доступом до мережі Інтернет,Житомирська,
2015,заклади позашкільної освіти з широкосмуговим проводовим швидкісним (більше 30 Мбіт/с) доступом до мережі Інтернет,Закарпатська,
2015,заклади позашкільної освіти з широкосмуговим проводовим швидкісним (більше 30 Мбіт/с) доступом до мережі Інтернет,Запорізька,
2015,заклади позашкільної освіти з широкосмуговим проводовим швидкісним (більше 30 Мбіт/с) доступом до мережі Інтернет,Івано-Франківська,
2015,заклади позашкільної освіти з широкосмуговим проводовим швидкісним (більше 30 Мбіт/с) доступом до мережі Інтернет,Київська,
2015,заклади позашкільної освіти з широкосмуговим проводовим швидкісним (більше 30 Мбіт/с) доступом до мережі Інтернет,Кіровоградська,
2015,заклади позашкільної освіти з широкосмуговим проводовим швидкісним (більше 30 Мбіт/с) доступом до мережі Інтернет,Луганська,
2015,заклади позашкільної освіти з широкосмуговим проводовим швидкісним (більше 30 Мбіт/с) доступом до мережі Інтернет,Львівська,
2015,заклади позашкільної освіти з широкосмуговим проводовим швидкісним (більше 30 Мбіт/с) доступом до мережі Інтернет,Миколаївська,
2015,заклади позашкільної освіти з широкосмуговим проводовим швидкісним (більше 30 Мбіт/с) доступом до мережі Інтернет,Одеська,
2015,заклади позашкільної освіти з широкосмуговим проводовим швидкісним (більше 30 Мбіт/с) доступом до мережі Інтернет,Полтавська,
2015,заклади позашкільної освіти з широкосмуговим проводовим швидкісним (більше 30 Мбіт/с) доступом до мережі Інтернет,Рівненська,
2015,заклади позашкільної освіти з широкосмуговим проводовим швидкісним (більше 30 Мбіт/с) доступом до мережі Інтернет,Сумська,
2015,заклади позашкільної освіти з широкосмуговим проводовим швидкісним (більше 30 Мбіт/с) доступом до мережі Інтернет,Тернопільська,
2015,заклади позашкільної освіти з широкосмуговим проводовим швидкісним (більше 30 Мбіт/с) доступом до мережі Інтернет,Харківська,
2015,заклади позашкільної освіти з широкосмуговим проводовим швидкісним (більше 30 Мбіт/с) доступом до мережі Інтернет,Херсонська,
2015,заклади позашкільної освіти з широкосмуговим проводовим швидкісним (більше 30 Мбіт/с) доступом до мережі Інтернет,Хмельницька,
2015,заклади позашкільної освіти з широкосмуговим проводовим швидкісним (більше 30 Мбіт/с) доступом до мережі Інтернет,Черкаська,
2015,заклади позашкільної освіти з широкосмуговим проводовим швидкісним (більше 30 Мбіт/с) доступом до мережі Інтернет,Чернівецька,
2015,заклади позашкільної освіти з широкосмуговим проводовим швидкісним (більше 30 Мбіт/с) доступом до мережі Інтернет,Чернігівська,
2015,заклади позашкільної освіти з широкосмуговим проводовим швидкісним (більше 30 Мбіт/с) доступом до мережі Інтернет,м. Київ,
2015,заклади позашкільної освіти з широкосмуговим проводовим швидкісним (більше 30 Мбіт/с) доступом до мережі Інтернет,м. Севастополь,
2016,заклади позашкільної освіти з широкосмуговим проводовим швидкісним (більше 30 Мбіт/с) доступом до мережі Інтернет,Україна,
2016,заклади позашкільної освіти з широкосмуговим проводовим швидкісним (більше 30 Мбіт/с) доступом до мережі Інтернет,Автономна Республіка Крим,
2016,заклади позашкільної освіти з широкосмуговим проводовим швидкісним (більше 30 Мбіт/с) доступом до мережі Інтернет,Вінницька,
2016,заклади позашкільної освіти з широкосмуговим проводовим швидкісним (більше 30 Мбіт/с) доступом до мережі Інтернет,Волинська,
2016,заклади позашкільної освіти з широкосмуговим проводовим швидкісним (більше 30 Мбіт/с) доступом до мережі Інтернет,Дніпропетровська,
2016,заклади позашкільної освіти з широкосмуговим проводовим швидкісним (більше 30 Мбіт/с) доступом до мережі Інтернет,Донецька,
2016,заклади позашкільної освіти з широкосмуговим проводовим швидкісним (більше 30 Мбіт/с) доступом до мережі Інтернет,Житомирська,
2016,заклади позашкільної освіти з широкосмуговим проводовим швидкісним (більше 30 Мбіт/с) доступом до мережі Інтернет,Закарпатська,
2016,заклади позашкільної освіти з широкосмуговим проводовим швидкісним (більше 30 Мбіт/с) доступом до мережі Інтернет,Запорізька,
2016,заклади позашкільної освіти з широкосмуговим проводовим швидкісним (більше 30 Мбіт/с) доступом до мережі Інтернет,Івано-Франківська,
2016,заклади позашкільної освіти з широкосмуговим проводовим швидкісним (більше 30 Мбіт/с) доступом до мережі Інтернет,Київська,
2016,заклади позашкільної освіти з широкосмуговим проводовим швидкісним (більше 30 Мбіт/с) доступом до мережі Інтернет,Кіровоградська,
2016,заклади позашкільної освіти з широкосмуговим проводовим швидкісним (більше 30 Мбіт/с) доступом до мережі Інтернет,Луганська,
2016,заклади позашкільної освіти з широкосмуговим проводовим швидкісним (більше 30 Мбіт/с) доступом до мережі Інтернет,Львівська,
2016,заклади позашкільної освіти з широкосмуговим проводовим швидкісним (більше 30 Мбіт/с) доступом до мережі Інтернет,Миколаївська,
2016,заклади позашкільної освіти з широкосмуговим проводовим швидкісним (більше 30 Мбіт/с) доступом до мережі Інтернет,Одеська,
2016,заклади позашкільної освіти з широкосмуговим проводовим швидкісним (більше 30 Мбіт/с) доступом до мережі Інтернет,Полтавська,
2016,заклади позашкільної освіти з широкосмуговим проводовим швидкісним (більше 30 Мбіт/с) доступом до мережі Інтернет,Рівненська,
2016,заклади позашкільної освіти з широкосмуговим проводовим швидкісним (більше 30 Мбіт/с) доступом до мережі Інтернет,Сумська,
2016,заклади позашкільної освіти з широкосмуговим проводовим швидкісним (більше 30 Мбіт/с) доступом до мережі Інтернет,Тернопільська,
2016,заклади позашкільної освіти з широкосмуговим проводовим швидкісним (більше 30 Мбіт/с) доступом до мережі Інтернет,Харківська,
2016,заклади позашкільної освіти з широкосмуговим проводовим швидкісним (більше 30 Мбіт/с) доступом до мережі Інтернет,Херсонська,
2016,заклади позашкільної освіти з широкосмуговим проводовим швидкісним (більше 30 Мбіт/с) доступом до мережі Інтернет,Хмельницька,
2016,заклади позашкільної освіти з широкосмуговим проводовим швидкісним (більше 30 Мбіт/с) доступом до мережі Інтернет,Черкаська,
2016,заклади позашкільної освіти з широкосмуговим проводовим швидкісним (більше 30 Мбіт/с) доступом до мережі Інтернет,Чернівецька,
2016,заклади позашкільної освіти з широкосмуговим проводовим швидкісним (більше 30 Мбіт/с) доступом до мережі Інтернет,Чернігівська,
2016,заклади позашкільної освіти з широкосмуговим проводовим швидкісним (більше 30 Мбіт/с) доступом до мережі Інтернет,м. Київ,
2016,заклади позашкільної освіти з широкосмуговим проводовим швидкісним (більше 30 Мбіт/с) доступом до мережі Інтернет,м. Севастополь,
2017,заклади позашкільної освіти з широкосмуговим проводовим швидкісним (більше 30 Мбіт/с) доступом до мережі Інтернет,Україна,
2017,заклади позашкільної освіти з широкосмуговим проводовим швидкісним (більше 30 Мбіт/с) доступом до мережі Інтернет,Автономна Республіка Крим,
2017,заклади позашкільної освіти з широкосмуговим проводовим швидкісним (більше 30 Мбіт/с) доступом до мережі Інтернет,Вінницька,
2017,заклади позашкільної освіти з широкосмуговим проводовим швидкісним (більше 30 Мбіт/с) доступом до мережі Інтернет,Волинська,
2017,заклади позашкільної освіти з широкосмуговим проводовим швидкісним (більше 30 Мбіт/с) доступом до мережі Інтернет,Дніпропетровська,
2017,заклади позашкільної освіти з широкосмуговим проводовим швидкісним (більше 30 Мбіт/с) доступом до мережі Інтернет,Донецька,
2017,заклади позашкільної освіти з широкосмуговим проводовим швидкісним (більше 30 Мбіт/с) доступом до мережі Інтернет,Житомирська,
2017,заклади позашкільної освіти з широкосмуговим проводовим швидкісним (більше 30 Мбіт/с) доступом до мережі Інтернет,Закарпатська,
2017,заклади позашкільної освіти з широкосмуговим проводовим швидкісним (більше 30 Мбіт/с) доступом до мережі Інтернет,Запорізька,
2017,заклади позашкільної освіти з широкосмуговим проводовим швидкісним (більше 30 Мбіт/с) доступом до мережі Інтернет,Івано-Франківська,
2017,заклади позашкільної освіти з широкосмуговим проводовим швидкісним (більше 30 Мбіт/с) доступом до мережі Інтернет,Київська,
2017,заклади позашкільної освіти з широкосмуговим проводовим швидкісним (більше 30 Мбіт/с) доступом до мережі Інтернет,Кіровоградська,
2017,заклади позашкільної освіти з широкосмуговим проводовим швидкісним (більше 30 Мбіт/с) доступом до мережі Інтернет,Луганська,
2017,заклади позашкільної освіти з широкосмуговим проводовим швидкісним (більше 30 Мбіт/с) доступом до мережі Інтернет,Львівська,
2017,заклади позашкільної освіти з широкосмуговим проводовим швидкісним (більше 30 Мбіт/с) доступом до мережі Інтернет,Миколаївська,
2017,заклади позашкільної освіти з широкосмуговим проводовим швидкісним (більше 30 Мбіт/с) доступом до мережі Інтернет,Одеська,
2017,заклади позашкільної освіти з широкосмуговим проводовим швидкісним (більше 30 Мбіт/с) доступом до мережі Інтернет,Полтавська,
2017,заклади позашкільної освіти з широкосмуговим проводовим швидкісним (більше 30 Мбіт/с) доступом до мережі Інтернет,Рівненська,
2017,заклади позашкільної освіти з широкосмуговим проводовим швидкісним (більше 30 Мбіт/с) доступом до мережі Інтернет,Сумська,
2017,заклади позашкільної освіти з широкосмуговим проводовим швидкісним (більше 30 Мбіт/с) доступом до мережі Інтернет,Тернопільська,
2017,заклади позашкільної освіти з широкосмуговим проводовим швидкісним (більше 30 Мбіт/с) доступом до мережі Інтернет,Харківська,
2017,заклади позашкільної освіти з широкосмуговим проводовим швидкісним (більше 30 Мбіт/с) доступом до мережі Інтернет,Херсонська,
2017,заклади позашкільної освіти з широкосмуговим проводовим швидкісним (більше 30 Мбіт/с) доступом до мережі Інтернет,Хмельницька,
2017,заклади позашкільної освіти з широкосмуговим проводовим швидкісним (більше 30 Мбіт/с) доступом до мережі Інтернет,Черкаська,
2017,заклади позашкільної освіти з широкосмуговим проводовим швидкісним (більше 30 Мбіт/с) доступом до мережі Інтернет,Чернівецька,
2017,заклади позашкільної освіти з широкосмуговим проводовим швидкісним (більше 30 Мбіт/с) доступом до мережі Інтернет,Чернігівська,
2017,заклади позашкільної освіти з широкосмуговим проводовим швидкісним (більше 30 Мбіт/с) доступом до мережі Інтернет,м. Київ,
2017,заклади позашкільної освіти з широкосмуговим проводовим швидкісним (більше 30 Мбіт/с) доступом до мережі Інтернет,м. Севастополь,
2018,заклади позашкільної освіти з широкосмуговим проводовим швидкісним (більше 30 Мбіт/с) доступом до мережі Інтернет,Україна,
2018,заклади позашкільної освіти з широкосмуговим проводовим швидкісним (більше 30 Мбіт/с) доступом до мережі Інтернет,Автономна Республіка Крим,
2018,заклади позашкільної освіти з широкосмуговим проводовим швидкісним (більше 30 Мбіт/с) доступом до мережі Інтернет,Вінницька,
2018,заклади позашкільної освіти з широкосмуговим проводовим швидкісним (більше 30 Мбіт/с) доступом до мережі Інтернет,Волинська,
2018,заклади позашкільної освіти з широкосмуговим проводовим швидкісним (більше 30 Мбіт/с) доступом до мережі Інтернет,Дніпропетровська,
2018,заклади позашкільної освіти з широкосмуговим проводовим швидкісним (більше 30 Мбіт/с) доступом до мережі Інтернет,Донецька,
2018,заклади позашкільної освіти з широкосмуговим проводовим швидкісним (більше 30 Мбіт/с) доступом до мережі Інтернет,Житомирська,
2018,заклади позашкільної освіти з широкосмуговим проводовим швидкісним (більше 30 Мбіт/с) доступом до мережі Інтернет,Закарпатська,
2018,заклади позашкільної освіти з широкосмуговим проводовим швидкісним (більше 30 Мбіт/с) доступом до мережі Інтернет,Запорізька,
2018,заклади позашкільної освіти з широкосмуговим проводовим швидкісним (більше 30 Мбіт/с) доступом до мережі Інтернет,Івано-Франківська,
2018,заклади позашкільної освіти з широкосмуговим проводовим швидкісним (більше 30 Мбіт/с) доступом до мережі Інтернет,Київська,
2018,заклади позашкільної освіти з широкосмуговим проводовим швидкісним (більше 30 Мбіт/с) доступом до мережі Інтернет,Кіровоградська,
2018,заклади позашкільної освіти з широкосмуговим проводовим швидкісним (більше 30 Мбіт/с) доступом до мережі Інтернет,Луганська,
2018,заклади позашкільної освіти з широкосмуговим проводовим швидкісним (більше 30 Мбіт/с) доступом до мережі Інтернет,Львівська,
2018,заклади позашкільної освіти з широкосмуговим проводовим швидкісним (більше 30 Мбіт/с) доступом до мережі Інтернет,Миколаївська,
2018,заклади позашкільної освіти з широкосмуговим проводовим швидкісним (більше 30 Мбіт/с) доступом до мережі Інтернет,Одеська,
2018,заклади позашкільної освіти з широкосмуговим проводовим швидкісним (більше 30 Мбіт/с) доступом до мережі Інтернет,Полтавська,
2018,заклади позашкільної освіти з широкосмуговим проводовим швидкісним (більше 30 Мбіт/с) доступом до мережі Інтернет,Рівненська,
2018,заклади позашкільної освіти з широкосмуговим проводовим швидкісним (більше 30 Мбіт/с) доступом до мережі Інтернет,Сумська,
2018,заклади позашкільної освіти з широкосмуговим проводовим швидкісним (більше 30 Мбіт/с) доступом до мережі Інтернет,Тернопільська,
2018,заклади позашкільної освіти з широкосмуговим проводовим швидкісним (більше 30 Мбіт/с) доступом до мережі Інтернет,Харківська,
2018,заклади позашкільної освіти з широкосмуговим проводовим швидкісним (більше 30 Мбіт/с) доступом до мережі Інтернет,Херсонська,
2018,заклади позашкільної освіти з широкосмуговим проводовим швидкісним (більше 30 Мбіт/с) доступом до мережі Інтернет,Хмельницька,
2018,заклади позашкільної освіти з широкосмуговим проводовим швидкісним (більше 30 Мбіт/с) доступом до мережі Інтернет,Черкаська,
2018,заклади позашкільної освіти з широкосмуговим проводовим швидкісним (більше 30 Мбіт/с) доступом до мережі Інтернет,Чернівецька,
2018,заклади позашкільної освіти з широкосмуговим проводовим швидкісним (більше 30 Мбіт/с) доступом до мережі Інтернет,Чернігівська,
2018,заклади позашкільної освіти з широкосмуговим проводовим швидкісним (більше 30 Мбіт/с) доступом до мережі Інтернет,м. Київ,
2018,заклади позашкільної освіти з широкосмуговим проводовим швидкісним (більше 30 Мбіт/с) доступом до мережі Інтернет,м. Севастополь,
2019,заклади позашкільної освіти з широкосмуговим проводовим швидкісним (більше 30 Мбіт/с) доступом до мережі Інтернет,Україна,
2019,заклади позашкільної освіти з широкосмуговим проводовим швидкісним (більше 30 Мбіт/с) доступом до мережі Інтернет,Автономна Республіка Крим,
2019,заклади позашкільної освіти з широкосмуговим проводовим швидкісним (більше 30 Мбіт/с) доступом до мережі Інтернет,Вінницька,
2019,заклади позашкільної освіти з широкосмуговим проводовим швидкісним (більше 30 Мбіт/с) доступом до мережі Інтернет,Волинська,
2019,заклади позашкільної освіти з широкосмуговим проводовим швидкісним (більше 30 Мбіт/с) доступом до мережі Інтернет,Дніпропетровська,
2019,заклади позашкільної освіти з широкосмуговим проводовим швидкісним (більше 30 Мбіт/с) доступом до мережі Інтернет,Донецька,
2019,заклади позашкільної освіти з широкосмуговим проводовим швидкісним (більше 30 Мбіт/с) доступом до мережі Інтернет,Житомирська,
2019,заклади позашкільної освіти з широкосмуговим проводовим швидкісним (більше 30 Мбіт/с) доступом до мережі Інтернет,Закарпатська,
2019,заклади позашкільної освіти з широкосмуговим проводовим швидкісним (більше 30 Мбіт/с) доступом до мережі Інтернет,Запорізька,
2019,заклади позашкільної освіти з широкосмуговим проводовим швидкісним (більше 30 Мбіт/с) доступом до мережі Інтернет,Івано-Франківська,
2019,заклади позашкільної освіти з широкосмуговим проводовим швидкісним (більше 30 Мбіт/с) доступом до мережі Інтернет,Київська,
2019,заклади позашкільної освіти з широкосмуговим проводовим швидкісним (більше 30 Мбіт/с) доступом до мережі Інтернет,Кіровоградська,
2019,заклади позашкільної освіти з широкосмуговим проводовим швидкісним (більше 30 Мбіт/с) доступом до мережі Інтернет,Луганська,
2019,заклади позашкільної освіти з широкосмуговим проводовим швидкісним (більше 30 Мбіт/с) доступом до мережі Інтернет,Львівська,
2019,заклади позашкільної освіти з широкосмуговим проводовим швидкісним (більше 30 Мбіт/с) доступом до мережі Інтернет,Миколаївська,
2019,заклади позашкільної освіти з широкосмуговим проводовим швидкісним (більше 30 Мбіт/с) доступом до мережі Інтернет,Одеська,
2019,заклади позашкільної освіти з широкосмуговим проводовим швидкісним (більше 30 Мбіт/с) доступом до мережі Інтернет,Полтавська,
2019,заклади позашкільної освіти з широкосмуговим проводовим швидкісним (більше 30 Мбіт/с) доступом до мережі Інтернет,Рівненська,
2019,заклади позашкільної освіти з широкосмуговим проводовим швидкісним (більше 30 Мбіт/с) доступом до мережі Інтернет,Сумська,
2019,заклади позашкільної освіти з широкосмуговим проводовим швидкісним (більше 30 Мбіт/с) доступом до мережі Інтернет,Тернопільська,
2019,заклади позашкільної освіти з широкосмуговим проводовим швидкісним (більше 30 Мбіт/с) доступом до мережі Інтернет,Харківська,
2019,заклади позашкільної освіти з широкосмуговим проводовим швидкісним (більше 30 Мбіт/с) доступом до мережі Інтернет,Херсонська,
2019,заклади позашкільної освіти з широкосмуговим проводовим швидкісним (більше 30 Мбіт/с) доступом до мережі Інтернет,Хмельницька,
2019,заклади позашкільної освіти з широкосмуговим проводовим швидкісним (більше 30 Мбіт/с) доступом до мережі Інтернет,Черкаська,
2019,заклади позашкільної освіти з широкосмуговим проводовим швидкісним (більше 30 Мбіт/с) доступом до мережі Інтернет,Чернівецька,
2019,заклади позашкільної освіти з широкосмуговим проводовим швидкісним (більше 30 Мбіт/с) доступом до мережі Інтернет,Чернігівська,
2019,заклади позашкільної освіти з широкосмуговим проводовим швидкісним (більше 30 Мбіт/с) доступом до мережі Інтернет,м. Київ,
2019,заклади позашкільної освіти з широкосмуговим проводовим швидкісним (більше 30 Мбіт/с) доступом до мережі Інтернет,м. Севастополь,
2020,заклади позашкільної освіти з широкосмуговим проводовим швидкісним (більше 30 Мбіт/с) доступом до мережі Інтернет,Україна,
2020,заклади позашкільної освіти з широкосмуговим проводовим швидкісним (більше 30 Мбіт/с) доступом до мережі Інтернет,Автономна Республіка Крим,
2020,заклади позашкільної освіти з широкосмуговим проводовим швидкісним (більше 30 Мбіт/с) доступом до мережі Інтернет,Вінницька,
2020,заклади позашкільної освіти з широкосмуговим проводовим швидкісним (більше 30 Мбіт/с) доступом до мережі Інтернет,Волинська,
2020,заклади позашкільної освіти з широкосмуговим проводовим швидкісним (більше 30 Мбіт/с) доступом до мережі Інтернет,Дніпропетровська,
2020,заклади позашкільної освіти з широкосмуговим проводовим швидкісним (більше 30 Мбіт/с) доступом до мережі Інтернет,Донецька,
2020,заклади позашкільної освіти з широкосмуговим проводовим швидкісним (більше 30 Мбіт/с) доступом до мережі Інтернет,Житомирська,
2020,заклади позашкільної освіти з широкосмуговим проводовим швидкісним (більше 30 Мбіт/с) доступом до мережі Інтернет,Закарпатська,
2020,заклади позашкільної освіти з широкосмуговим проводовим швидкісним (більше 30 Мбіт/с) доступом до мережі Інтернет,Запорізька,
2020,заклади позашкільної освіти з широкосмуговим проводовим швидкісним (більше 30 Мбіт/с) доступом до мережі Інтернет,Івано-Франківська,
2020,заклади позашкільної освіти з широкосмуговим проводовим швидкісним (більше 30 Мбіт/с) доступом до мережі Інтернет,Київська,
2020,заклади позашкільної освіти з широкосмуговим проводовим швидкісним (більше 30 Мбіт/с) доступом до мережі Інтернет,Кіровоградська,
2020,заклади позашкільної освіти з широкосмуговим проводовим швидкісним (більше 30 Мбіт/с) доступом до мережі Інтернет,Луганська,
2020,заклади позашкільної освіти з широкосмуговим проводовим швидкісним (більше 30 Мбіт/с) доступом до мережі Інтернет,Львівська,
2020,заклади позашкільної освіти з широкосмуговим проводовим швидкісним (більше 30 Мбіт/с) доступом до мережі Інтернет,Миколаївська,
2020,заклади позашкільної освіти з широкосмуговим проводовим швидкісним (більше 30 Мбіт/с) доступом до мережі Інтернет,Одеська,
2020,заклади позашкільної освіти з широкосмуговим проводовим швидкісним (більше 30 Мбіт/с) доступом до мережі Інтернет,Полтавська,
2020,заклади позашкільної освіти з широкосмуговим проводовим швидкісним (більше 30 Мбіт/с) доступом до мережі Інтернет,Рівненська,
2020,заклади позашкільної освіти з широкосмуговим проводовим швидкісним (більше 30 Мбіт/с) доступом до мережі Інтернет,Сумська,
2020,заклади позашкільної освіти з широкосмуговим проводовим швидкісним (більше 30 Мбіт/с) доступом до мережі Інтернет,Тернопільська,
2020,заклади позашкільної освіти з широкосмуговим проводовим швидкісним (більше 30 Мбіт/с) доступом до мережі Інтернет,Харківська,
2020,заклади позашкільної освіти з широкосмуговим проводовим швидкісним (більше 30 Мбіт/с) доступом до мережі Інтернет,Херсонська,
2020,заклади позашкільної освіти з широкосмуговим проводовим швидкісним (більше 30 Мбіт/с) доступом до мережі Інтернет,Хмельницька,
2020,заклади позашкільної освіти з широкосмуговим проводовим швидкісним (більше 30 Мбіт/с) доступом до мережі Інтернет,Черкаська,
2020,заклади позашкільної освіти з широкосмуговим проводовим швидкісним (більше 30 Мбіт/с) доступом до мережі Інтернет,Чернівецька,
2020,заклади позашкільної освіти з широкосмуговим проводовим швидкісним (більше 30 Мбіт/с) доступом до мережі Інтернет,Чернігівська,
2020,заклади позашкільної освіти з широкосмуговим проводовим швидкісним (більше 30 Мбіт/с) доступом до мережі Інтернет,м. Київ,
2020,заклади позашкільної освіти з широкосмуговим проводовим швидкісним (більше 30 Мбіт/с) доступом до мережі Інтернет,м. Севастополь,
2021,заклади позашкільної освіти з широкосмуговим проводовим швидкісним (більше 30 Мбіт/с) доступом до мережі Інтернет,Україна,
2021,заклади позашкільної освіти з широкосмуговим проводовим швидкісним (більше 30 Мбіт/с) доступом до мережі Інтернет,Автономна Республіка Крим,
2021,заклади позашкільної освіти з широкосмуговим проводовим швидкісним (більше 30 Мбіт/с) доступом до мережі Інтернет,Вінницька,
2021,заклади позашкільної освіти з широкосмуговим проводовим швидкісним (більше 30 Мбіт/с) доступом до мережі Інтернет,Волинська,
2021,заклади позашкільної освіти з широкосмуговим проводовим швидкісним (більше 30 Мбіт/с) доступом до мережі Інтернет,Дніпропетровська,
2021,заклади позашкільної освіти з широкосмуговим проводовим швидкісним (більше 30 Мбіт/с) доступом до мережі Інтернет,Донецька,
2021,заклади позашкільної освіти з широкосмуговим проводовим швидкісним (більше 30 Мбіт/с) доступом до мережі Інтернет,Житомирська,
2021,заклади позашкільної освіти з широкосмуговим проводовим швидкісним (більше 30 Мбіт/с) доступом до мережі Інтернет,Закарпатська,
2021,заклади позашкільної освіти з широкосмуговим проводовим швидкісним (більше 30 Мбіт/с) доступом до мережі Інтернет,Запорізька,
2021,заклади позашкільної освіти з широкосмуговим проводовим швидкісним (більше 30 Мбіт/с) доступом до мережі Інтернет,Івано-Франківська,
2021,заклади позашкільної освіти з широкосмуговим проводовим швидкісним (більше 30 Мбіт/с) доступом до мережі Інтернет,Київська,
2021,заклади позашкільної освіти з широкосмуговим проводовим швидкісним (більше 30 Мбіт/с) доступом до мережі Інтернет,Кіровоградська,
2021,заклади позашкільної освіти з широкосмуговим проводовим швидкісним (більше 30 Мбіт/с) доступом до мережі Інтернет,Луганська,
2021,заклади позашкільної освіти з широкосмуговим проводовим швидкісним (більше 30 Мбіт/с) доступом до мережі Інтернет,Львівська,
2021,заклади позашкільної освіти з широкосмуговим проводовим швидкісним (більше 30 Мбіт/с) доступом до мережі Інтернет,Миколаївська,
2021,заклади позашкільної освіти з широкосмуговим проводовим швидкісним (більше 30 Мбіт/с) доступом до мережі Інтернет,Одеська,
2021,заклади позашкільної освіти з широкосмуговим проводовим швидкісним (більше 30 Мбіт/с) доступом до мережі Інтернет,Полтавська,
2021,заклади позашкільної освіти з широкосмуговим проводовим швидкісним (більше 30 Мбіт/с) доступом до мережі Інтернет,Рівненська,
2021,заклади позашкільної освіти з широкосмуговим проводовим швидкісним (більше 30 Мбіт/с) доступом до мережі Інтернет,Сумська,
2021,заклади позашкільної освіти з широкосмуговим проводовим швидкісним (більше 30 Мбіт/с) доступом до мережі Інтернет,Тернопільська,
2021,заклади позашкільної освіти з широкосмуговим проводовим швидкісним (більше 30 Мбіт/с) доступом до мережі Інтернет,Харківська,
2021,заклади позашкільної освіти з широкосмуговим проводовим швидкісним (більше 30 Мбіт/с) доступом до мережі Інтернет,Херсонська,
2021,заклади позашкільної освіти з широкосмуговим проводовим швидкісним (більше 30 Мбіт/с) доступом до мережі Інтернет,Хмельницька,
2021,заклади позашкільної освіти з широкосмуговим проводовим швидкісним (більше 30 Мбіт/с) доступом до мережі Інтернет,Черкаська,
2021,заклади позашкільної освіти з широкосмуговим проводовим швидкісним (більше 30 Мбіт/с) доступом до мережі Інтернет,Чернівецька,
2021,заклади позашкільної освіти з широкосмуговим проводовим швидкісним (більше 30 Мбіт/с) доступом до мережі Інтернет,Чернігівська,
2021,заклади позашкільної освіти з широкосмуговим проводовим швидкісним (більше 30 Мбіт/с) доступом до мережі Інтернет,м. Київ,
2021,заклади позашкільної освіти з широкосмуговим проводовим швидкісним (більше 30 Мбіт/с) доступом до мережі Інтернет,м. Севастополь,
2022,заклади позашкільної освіти з широкосмуговим проводовим швидкісним (більше 30 Мбіт/с) доступом до мережі Інтернет,Україна,57.35
2022,заклади позашкільної освіти з широкосмуговим проводовим швидкісним (більше 30 Мбіт/с) доступом до мережі Інтернет,Автономна Республіка Крим,
2022,заклади позашкільної освіти з широкосмуговим проводовим швидкісним (більше 30 Мбіт/с) доступом до мережі Інтернет,Вінницька,59.65
2022,заклади позашкільної освіти з широкосмуговим проводовим швидкісним (більше 30 Мбіт/с) доступом до мережі Інтернет,Волинська,65.71
2022,заклади позашкільної освіти з широкосмуговим проводовим швидкісним (більше 30 Мбіт/с) доступом до мережі Інтернет,Дніпропетровська,46.23
2022,заклади позашкільної освіти з широкосмуговим проводовим швидкісним (більше 30 Мбіт/с) доступом до мережі Інтернет,Донецька,61.11
2022,заклади позашкільної освіти з широкосмуговим проводовим швидкісним (більше 30 Мбіт/с) доступом до мережі Інтернет,Житомирська,45.0
2022,заклади позашкільної освіти з широкосмуговим проводовим швидкісним (більше 30 Мбіт/с) доступом до мережі Інтернет,Закарпатська,46.15
2022,заклади позашкільної освіти з широкосмуговим проводовим швидкісним (більше 30 Мбіт/с) доступом до мережі Інтернет,Запорізька,66.07
2022,заклади позашкільної освіти з широкосмуговим проводовим швидкісним (більше 30 Мбіт/с) доступом до мережі Інтернет,Івано-Франківська,54.0
2022,заклади позашкільної освіти з широкосмуговим проводовим швидкісним (більше 30 Мбіт/с) доступом до мережі Інтернет,Київська,72.15
2022,заклади позашкільної освіти з широкосмуговим проводовим швидкісним (більше 30 Мбіт/с) доступом до мережі Інтернет,Кіровоградська,54.67
2022,заклади позашкільної освіти з широкосмуговим проводовим швидкісним (більше 30 Мбіт/с) доступом до мережі Інтернет,Луганська,56.52
2022,заклади позашкільної освіти з широкосмуговим проводовим швидкісним (більше 30 Мбіт/с) доступом до мережі Інтернет,Львівська,52.11
2022,заклади позашкільної освіти з широкосмуговим проводовим швидкісним (більше 30 Мбіт/с) доступом до мережі Інтернет,Миколаївська,51.43
2022,заклади позашкільної освіти з широкосмуговим проводовим швидкісним (більше 30 Мбіт/с) доступом до мережі Інтернет,Одеська,59.38
2022,заклади позашкільної освіти з широкосмуговим проводовим швидкісним (більше 30 Мбіт/с) доступом до мережі Інтернет,Полтавська,70.91
2022,заклади позашкільної освіти з широкосмуговим проводовим швидкісним (більше 30 Мбіт/с) доступом до мережі Інтернет,Рівненська,45.71
2022,заклади позашкільної освіти з широкосмуговим проводовим швидкісним (більше 30 Мбіт/с) доступом до мережі Інтернет,Сумська,47.62
2022,заклади позашкільної освіти з широкосмуговим проводовим швидкісним (більше 30 Мбіт/с) доступом до мережі Інтернет,Тернопільська,61.11
2022,заклади позашкільної освіти з широкосмуговим проводовим швидкісним (більше 30 Мбіт/с) доступом до мережі Інтернет,Харківська,59.09
2022,заклади позашкільної освіти з широкосмуговим проводовим швидкісним (більше 30 Мбіт/с) доступом до мережі Інтернет,Херсонська,50.0
2022,заклади позашкільної освіти з широкосмуговим проводовим швидкісним (більше 30 Мбіт/с) доступом до мережі Інтернет,Хмельницька,56.1
2022,заклади позашкільної освіти з широкосмуговим проводовим швидкісним (більше 30 Мбіт/с) доступом до мережі Інтернет,Черкаська,83.33
2022,заклади позашкільної освіти з широкосмуговим проводовим швидкісним (більше 30 Мбіт/с) доступом до мережі Інтернет,Чернівецька,77.78
2022,заклади позашкільної освіти з широкосмуговим проводовим швидкісним (більше 30 Мбіт/с) доступом до мережі Інтернет,Чернігівська,32.61
2022,заклади позашкільної освіти з широкосмуговим проводовим швидкісним (більше 30 Мбіт/с) доступом до мережі Інтернет,м. Київ,61.9
2022,заклади позашкільної освіти з широкосмуговим проводовим швидкісним (більше 30 Мбіт/с) доступом до мережі Інтернет,м. Севастополь,
2023,заклади позашкільної освіти з широкосмуговим проводовим швидкісним (більше 30 Мбіт/с) доступом до мережі Інтернет,Україна,61.33
2023,заклади позашкільної освіти з широкосмуговим проводовим швидкісним (більше 30 Мбіт/с) доступом до мережі Інтернет,Автономна Республіка Крим,
2023,заклади позашкільної освіти з широкосмуговим проводовим швидкісним (більше 30 Мбіт/с) доступом до мережі Інтернет,Вінницька,73.47
2023,заклади позашкільної освіти з широкосмуговим проводовим швидкісним (більше 30 Мбіт/с) доступом до мережі Інтернет,Волинська,69.7
2023,заклади позашкільної освіти з широкосмуговим проводовим швидкісним (більше 30 Мбіт/с) доступом до мережі Інтернет,Дніпропетровська,51.96
2023,заклади позашкільної освіти з широкосмуговим проводовим швидкісним (більше 30 Мбіт/с) доступом до мережі Інтернет,Донецька,28.57
2023,заклади позашкільної освіти з широкосмуговим проводовим швидкісним (більше 30 Мбіт/с) доступом до мережі Інтернет,Житомирська,67.39
2023,заклади позашкільної освіти з широкосмуговим проводовим швидкісним (більше 30 Мбіт/с) доступом до мережі Інтернет,Закарпатська,68.18
2023,заклади позашкільної освіти з широкосмуговим проводовим швидкісним (більше 30 Мбіт/с) доступом до мережі Інтернет,Запорізька,53.85
2023,заклади позашкільної освіти з широкосмуговим проводовим швидкісним (більше 30 Мбіт/с) доступом до мережі Інтернет,Івано-Франківська,78.43
2023,заклади позашкільної освіти з широкосмуговим проводовим швидкісним (більше 30 Мбіт/с) доступом до мережі Інтернет,Київська,65.93
2023,заклади позашкільної освіти з широкосмуговим проводовим швидкісним (більше 30 Мбіт/с) доступом до мережі Інтернет,Кіровоградська,67.9
2023,заклади позашкільної освіти з широкосмуговим проводовим швидкісним (більше 30 Мбіт/с) доступом до мережі Інтернет,Луганська,0.0
2023,заклади позашкільної освіти з широкосмуговим проводовим швидкісним (більше 30 Мбіт/с) доступом до мережі Інтернет,Львівська,57.35
2023,заклади позашкільної освіти з широкосмуговим проводовим швидкісним (більше 30 Мбіт/с) доступом до мережі Інтернет,Миколаївська,59.46
2023,заклади позашкільної освіти з широкосмуговим проводовим швидкісним (більше 30 Мбіт/с) доступом до мережі Інтернет,Одеська,56.45
2023,заклади позашкільної освіти з широкосмуговим проводовим швидкісним (більше 30 Мбіт/с) доступом до мережі Інтернет,Полтавська,81.03
2023,заклади позашкільної освіти з широкосмуговим проводовим швидкісним (більше 30 Мбіт/с) доступом до мережі Інтернет,Рівненська,63.79
2023,заклади позашкільної освіти з широкосмуговим проводовим швидкісним (більше 30 Мбіт/с) доступом до мережі Інтернет,Сумська,63.89
2023,заклади позашкільної освіти з широкосмуговим проводовим швидкісним (більше 30 Мбіт/с) доступом до мережі Інтернет,Тернопільська,75.0
2023,заклади позашкільної освіти з широкосмуговим проводовим швидкісним (більше 30 Мбіт/с) доступом до мережі Інтернет,Харківська,55.0
2023,заклади позашкільної освіти з широкосмуговим проводовим швидкісним (більше 30 Мбіт/с) доступом до мережі Інтернет,Херсонська,9.09
2023,заклади позашкільної освіти з широкосмуговим проводовим швидкісним (більше 30 Мбіт/с) доступом до мережі Інтернет,Хмельницька,66.67
2023,заклади позашкільної освіти з широкосмуговим проводовим швидкісним (більше 30 Мбіт/с) доступом до мережі Інтернет,Черкаська,85.71
2023,заклади позашкільної освіти з широкосмуговим проводовим швидкісним (більше 30 Мбіт/с) доступом до мережі Інтернет,Чернівецька,62.96
2023,заклади позашкільної освіти з широкосмуговим проводовим швидкісним (більше 30 Мбіт/с) доступом до мережі Інтернет,Чернігівська,51.28
2023,заклади позашкільної освіти з широкосмуговим проводовим швидкісним (більше 30 Мбіт/с) доступом до мережі Інтернет,м. Київ,74.42
2023,заклади позашкільної освіти з широкосмуговим проводовим швидкісним (більше 30 Мбіт/с) доступом до мережі Інтернет,м. Севастополь,
2024,заклади позашкільної освіти з широкосмуговим проводовим швидкісним (більше 30 Мбіт/с) доступом до мережі Інтернет,Україна,62.04
2024,заклади позашкільної освіти з широкосмуговим проводовим швидкісним (більше 30 Мбіт/с) доступом до мережі Інтернет,Автономна Республіка Крим,
2024,заклади позашкільної освіти з широкосмуговим проводовим швидкісним (більше 30 Мбіт/с) доступом до мережі Інтернет,Вінницька,80.85
2024,заклади позашкільної освіти з широкосмуговим проводовим швидкісним (більше 30 Мбіт/с) доступом до мережі Інтернет,Волинська,69.7
2024,заклади позашкільної освіти з широкосмуговим проводовим швидкісним (більше 30 Мбіт/с) доступом до мережі Інтернет,Дніпропетровська,51.49
2024,заклади позашкільної освіти з широкосмуговим проводовим швидкісним (більше 30 Мбіт/с) доступом до мережі Інтернет,Донецька,27.03
2024,заклади позашкільної освіти з широкосмуговим проводовим швидкісним (більше 30 Мбіт/с) доступом до мережі Інтернет,Житомирська,60.42
2024,заклади позашкільної освіти з широкосмуговим проводовим швидкісним (більше 30 Мбіт/с) доступом до мережі Інтернет,Закарпатська,80.95
2024,заклади позашкільної освіти з широкосмуговим проводовим швидкісним (більше 30 Мбіт/с) доступом до мережі Інтернет,Запорізька,40.48
2024,заклади позашкільної освіти з широкосмуговим проводовим швидкісним (більше 30 Мбіт/с) доступом до мережі Інтернет,Івано-Франківська,65.96
2024,заклади позашкільної освіти з широкосмуговим проводовим швидкісним (більше 30 Мбіт/с) доступом до мережі Інтернет,Київська,59.57
2024,заклади позашкільної освіти з широкосмуговим проводовим швидкісним (більше 30 Мбіт/с) доступом до мережі Інтернет,Кіровоградська,66.22
2024,заклади позашкільної освіти з широкосмуговим проводовим швидкісним (більше 30 Мбіт/с) доступом до мережі Інтернет,Луганська,0.0
2024,заклади позашкільної освіти з широкосмуговим проводовим швидкісним (більше 30 Мбіт/с) доступом до мережі Інтернет,Львівська,63.24
2024,заклади позашкільної освіти з широкосмуговим проводовим швидкісним (більше 30 Мбіт/с) доступом до мережі Інтернет,Миколаївська,58.33
2024,заклади позашкільної освіти з широкосмуговим проводовим швидкісним (більше 30 Мбіт/с) доступом до мережі Інтернет,Одеська,54.1
2024,заклади позашкільної освіти з широкосмуговим проводовим швидкісним (більше 30 Мбіт/с) доступом до мережі Інтернет,Полтавська,76.92
2024,заклади позашкільної освіти з широкосмуговим проводовим швидкісним (більше 30 Мбіт/с) доступом до мережі Інтернет,Рівненська,61.76
2024,заклади позашкільної освіти з широкосмуговим проводовим швидкісним (більше 30 Мбіт/с) доступом до мережі Інтернет,Сумська,72.88
2024,заклади позашкільної освіти з широкосмуговим проводовим швидкісним (більше 30 Мбіт/с) доступом до мережі Інтернет,Тернопільська,69.44
2024,заклади позашкільної освіти з широкосмуговим проводовим швидкісним (більше 30 Мбіт/с) доступом до мережі Інтернет,Харківська,65.0
2024,заклади позашкільної освіти з широкосмуговим проводовим швидкісним (більше 30 Мбіт/с) доступом до мережі Інтернет,Херсонська,16.67
2024,заклади позашкільної освіти з широкосмуговим проводовим швидкісним (більше 30 Мбіт/с) доступом до мережі Інтернет,Хмельницька,66.67
2024,заклади позашкільної освіти з широкосмуговим проводовим швидкісним (більше 30 Мбіт/с) доступом до мережі Інтернет,Черкаська,85.71
2024,заклади позашкільної освіти з широкосмуговим проводовим швидкісним (більше 30 Мбіт/с) доступом до мережі Інтернет,Чернівецька,75.0
2024,заклади позашкільної освіти з широкосмуговим проводовим швидкісним (більше 30 Мбіт/с) доступом до мережі Інтернет,Чернігівська,56.76
2024,заклади позашкільної освіти з широкосмуговим проводовим швидкісним (більше 30 Мбіт/с) доступом до мережі Інтернет,м. Київ,79.55
2024,заклади позашкільної освіти з широкосмуговим проводовим швидкісним (більше 30 Мбіт/с) доступом до мережі Інтернет,м. Севастополь,
2025,заклади позашкільної освіти з широкосмуговим проводовим швидкісним (більше 30 Мбіт/с) доступом до мережі Інтернет,Україна,65.51
2025,заклади позашкільної освіти з широкосмуговим проводовим швидкісним (більше 30 Мбіт/с) доступом до мережі Інтернет,Автономна Республіка Крим,
2025,заклади позашкільної освіти з широкосмуговим проводовим швидкісним (більше 30 Мбіт/с) доступом до мережі Інтернет,Вінницька,74.47
2025,заклади позашкільної освіти з широкосмуговим проводовим швидкісним (більше 30 Мбіт/с) доступом до мережі Інтернет,Волинська,66.67
2025,заклади позашкільної освіти з широкосмуговим проводовим швидкісним (більше 30 Мбіт/с) доступом до мережі Інтернет,Дніпропетровська,58.76
2025,заклади позашкільної освіти з широкосмуговим проводовим швидкісним (більше 30 Мбіт/с) доступом до мережі Інтернет,Донецька,29.41
2025,заклади позашкільної освіти з широкосмуговим проводовим швидкісним (більше 30 Мбіт/с) доступом до мережі Інтернет,Житомирська,62.0
2025,заклади позашкільної освіти з широкосмуговим проводовим швидкісним (більше 30 Мбіт/с) доступом до мережі Інтернет,Закарпатська,85.0
2025,заклади позашкільної освіти з широкосмуговим проводовим швидкісним (більше 30 Мбіт/с) доступом до мережі Інтернет,Запорізька,66.67
2025,заклади позашкільної освіти з широкосмуговим проводовим швидкісним (більше 30 Мбіт/с) доступом до мережі Інтернет,Івано-Франківська,70.21
2025,заклади позашкільної освіти з широкосмуговим проводовим швидкісним (більше 30 Мбіт/с) доступом до мережі Інтернет,Київська,66.32
2025,заклади позашкільної освіти з широкосмуговим проводовим швидкісним (більше 30 Мбіт/с) доступом до мережі Інтернет,Кіровоградська,69.33
2025,заклади позашкільної освіти з широкосмуговим проводовим швидкісним (більше 30 Мбіт/с) доступом до мережі Інтернет,Луганська,0.0
2025,заклади позашкільної освіти з широкосмуговим проводовим швидкісним (більше 30 Мбіт/с) доступом до мережі Інтернет,Львівська,61.76
2025,заклади позашкільної освіти з широкосмуговим проводовим швидкісним (більше 30 Мбіт/с) доступом до мережі Інтернет,Миколаївська,61.11
2025,заклади позашкільної освіти з широкосмуговим проводовим швидкісним (більше 30 Мбіт/с) доступом до мережі Інтернет,Одеська,61.67
2025,заклади позашкільної освіти з широкосмуговим проводовим швидкісним (більше 30 Мбіт/с) доступом до мережі Інтернет,Полтавська,75.51
2025,заклади позашкільної освіти з широкосмуговим проводовим швидкісним (більше 30 Мбіт/с) доступом до мережі Інтернет,Рівненська,71.43
2025,заклади позашкільної освіти з широкосмуговим проводовим швидкісним (більше 30 Мбіт/с) доступом до мережі Інтернет,Сумська,72.41
2025,заклади позашкільної освіти з широкосмуговим проводовим швидкісним (більше 30 Мбіт/с) доступом до мережі Інтернет,Тернопільська,72.22
2025,заклади позашкільної освіти з широкосмуговим проводовим швидкісним (більше 30 Мбіт/с) доступом до мережі Інтернет,Харківська,66.67
2025,заклади позашкільної освіти з широкосмуговим проводовим швидкісним (більше 30 Мбіт/с) доступом до мережі Інтернет,Херсонська,20.0
2025,заклади позашкільної освіти з широкосмуговим проводовим швидкісним (більше 30 Мбіт/с) доступом до мережі Інтернет,Хмельницька,78.05
2025,заклади позашкільної освіти з широкосмуговим проводовим швидкісним (більше 30 Мбіт/с) доступом до мережі Інтернет,Черкаська,92.86
2025,заклади позашкільної освіти з широкосмуговим проводовим швидкісним (більше 30 Мбіт/с) доступом до мережі Інтернет,Чернівецька,60.87
2025,заклади позашкільної освіти з широкосмуговим проводовим швидкісним (більше 30 Мбіт/с) доступом до мережі Інтернет,Чернігівська,57.14
2025,заклади позашкільної освіти з широкосмуговим проводовим швидкісним (більше 30 Мбіт/с) доступом до мережі Інтернет,м. Київ,69.77
2025,заклади позашкільної освіти з широкосмуговим проводовим швидкісним (більше 30 Мбіт/с) доступом до мережі Інтернет,м. Севастополь,
2015,заклади позашкільної освіти зі швидкісним (більше 30 Мбіт/с) безпроводовим доступом до мережі Інтернет,Україна,
2015,заклади позашкільної освіти зі швидкісним (більше 30 Мбіт/с) безпроводовим доступом до мережі Інтернет,Автономна Республіка Крим,
2015,заклади позашкільної освіти зі швидкісним (більше 30 Мбіт/с) безпроводовим доступом до мережі Інтернет,Вінницька,
2015,заклади позашкільної освіти зі швидкісним (більше 30 Мбіт/с) безпроводовим доступом до мережі Інтернет,Волинська,
2015,заклади позашкільної освіти зі швидкісним (більше 30 Мбіт/с) безпроводовим доступом до мережі Інтернет,Дніпропетровська,
2015,заклади позашкільної освіти зі швидкісним (більше 30 Мбіт/с) безпроводовим доступом до мережі Інтернет,Донецька,
2015,заклади позашкільної освіти зі швидкісним (більше 30 Мбіт/с) безпроводовим доступом до мережі Інтернет,Житомирська,
2015,заклади позашкільної освіти зі швидкісним (більше 30 Мбіт/с) безпроводовим доступом до мережі Інтернет,Закарпатська,
2015,заклади позашкільної освіти зі швидкісним (більше 30 Мбіт/с) безпроводовим доступом до мережі Інтернет,Запорізька,
2015,заклади позашкільної освіти зі швидкісним (більше 30 Мбіт/с) безпроводовим доступом до мережі Інтернет,Івано-Франківська,
2015,заклади позашкільної освіти зі швидкісним (більше 30 Мбіт/с) безпроводовим доступом до мережі Інтернет,Київська,
2015,заклади позашкільної освіти зі швидкісним (більше 30 Мбіт/с) безпроводовим доступом до мережі Інтернет,Кіровоградська,
2015,заклади позашкільної освіти зі швидкісним (більше 30 Мбіт/с) безпроводовим доступом до мережі Інтернет,Луганська,
2015,заклади позашкільної освіти зі швидкісним (більше 30 Мбіт/с) безпроводовим доступом до мережі Інтернет,Львівська,
2015,заклади позашкільної освіти зі швидкісним (більше 30 Мбіт/с) безпроводовим доступом до мережі Інтернет,Миколаївська,
2015,заклади позашкільної освіти зі швидкісним (більше 30 Мбіт/с) безпроводовим доступом до мережі Інтернет,Одеська,
2015,заклади позашкільної освіти зі швидкісним (більше 30 Мбіт/с) безпроводовим доступом до мережі Інтернет,Полтавська,
2015,заклади позашкільної освіти зі швидкісним (більше 30 Мбіт/с) безпроводовим доступом до мережі Інтернет,Рівненська,
2015,заклади позашкільної освіти зі швидкісним (більше 30 Мбіт/с) безпроводовим доступом до мережі Інтернет,Сумська,
2015,заклади позашкільної освіти зі швидкісним (більше 30 Мбіт/с) безпроводовим доступом до мережі Інтернет,Тернопільська,
2015,заклади позашкільної освіти зі швидкісним (більше 30 Мбіт/с) безпроводовим доступом до мережі Інтернет,Харківська,
2015,заклади позашкільної освіти зі швидкісним (більше 30 Мбіт/с) безпроводовим доступом до мережі Інтернет,Херсонська,
2015,заклади позашкільної освіти зі швидкісним (більше 30 Мбіт/с) безпроводовим доступом до мережі Інтернет,Хмельницька,
2015,заклади позашкільної освіти зі швидкісним (більше 30 Мбіт/с) безпроводовим доступом до мережі Інтернет,Черкаська,
2015,заклади позашкільної освіти зі швидкісним (більше 30 Мбіт/с) безпроводовим доступом до мережі Інтернет,Чернівецька,
2015,заклади позашкільної освіти зі швидкісним (більше 30 Мбіт/с) безпроводовим доступом до мережі Інтернет,Чернігівська,
2015,заклади позашкільної освіти зі швидкісним (більше 30 Мбіт/с) безпроводовим доступом до мережі Інтернет,м. Київ,
2015,заклади позашкільної освіти зі швидкісним (більше 30 Мбіт/с) безпроводовим доступом до мережі Інтернет,м. Севастополь,
2016,заклади позашкільної освіти зі швидкісним (більше 30 Мбіт/с) безпроводовим доступом до мережі Інтернет,Україна,
2016,заклади позашкільної освіти зі швидкісним (більше 30 Мбіт/с) безпроводовим доступом до мережі Інтернет,Автономна Республіка Крим,
2016,заклади позашкільної освіти зі швидкісним (більше 30 Мбіт/с) безпроводовим доступом до мережі Інтернет,Вінницька,
2016,заклади позашкільної освіти зі швидкісним (більше 30 Мбіт/с) безпроводовим доступом до мережі Інтернет,Волинська,
2016,заклади позашкільної освіти зі швидкісним (більше 30 Мбіт/с) безпроводовим доступом до мережі Інтернет,Дніпропетровська,
2016,заклади позашкільної освіти зі швидкісним (більше 30 Мбіт/с) безпроводовим доступом до мережі Інтернет,Донецька,
2016,заклади позашкільної освіти зі швидкісним (більше 30 Мбіт/с) безпроводовим доступом до мережі Інтернет,Житомирська,
2016,заклади позашкільної освіти зі швидкісним (більше 30 Мбіт/с) безпроводовим доступом до мережі Інтернет,Закарпатська,
2016,заклади позашкільної освіти зі швидкісним (більше 30 Мбіт/с) безпроводовим доступом до мережі Інтернет,Запорізька,
2016,заклади позашкільної освіти зі швидкісним (більше 30 Мбіт/с) безпроводовим доступом до мережі Інтернет,Івано-Франківська,
2016,заклади позашкільної освіти зі швидкісним (більше 30 Мбіт/с) безпроводовим доступом до мережі Інтернет,Київська,
2016,заклади позашкільної освіти зі швидкісним (більше 30 Мбіт/с) безпроводовим доступом до мережі Інтернет,Кіровоградська,
2016,заклади позашкільної освіти зі швидкісним (більше 30 Мбіт/с) безпроводовим доступом до мережі Інтернет,Луганська,
2016,заклади позашкільної освіти зі швидкісним (більше 30 Мбіт/с) безпроводовим доступом до мережі Інтернет,Львівська,
2016,заклади позашкільної освіти зі швидкісним (більше 30 Мбіт/с) безпроводовим доступом до мережі Інтернет,Миколаївська,
2016,заклади позашкільної освіти зі швидкісним (більше 30 Мбіт/с) безпроводовим доступом до мережі Інтернет,Одеська,
2016,заклади позашкільної освіти зі швидкісним (більше 30 Мбіт/с) безпроводовим доступом до мережі Інтернет,Полтавська,
2016,заклади позашкільної освіти зі швидкісним (більше 30 Мбіт/с) безпроводовим доступом до мережі Інтернет,Рівненська,
2016,заклади позашкільної освіти зі швидкісним (більше 30 Мбіт/с) безпроводовим доступом до мережі Інтернет,Сумська,
2016,заклади позашкільної освіти зі швидкісним (більше 30 Мбіт/с) безпроводовим доступом до мережі Інтернет,Тернопільська,
2016,заклади позашкільної освіти зі швидкісним (більше 30 Мбіт/с) безпроводовим доступом до мережі Інтернет,Харківська,
2016,заклади позашкільної освіти зі швидкісним (більше 30 Мбіт/с) безпроводовим доступом до мережі Інтернет,Херсонська,
2016,заклади позашкільної освіти зі швидкісним (більше 30 Мбіт/с) безпроводовим доступом до мережі Інтернет,Хмельницька,
2016,заклади позашкільної освіти зі швидкісним (більше 30 Мбіт/с) безпроводовим доступом до мережі Інтернет,Черкаська,
2016,заклади позашкільної освіти зі швидкісним (більше 30 Мбіт/с) безпроводовим доступом до мережі Інтернет,Чернівецька,
2016,заклади позашкільної освіти зі швидкісним (більше 30 Мбіт/с) безпроводовим доступом до мережі Інтернет,Чернігівська,
2016,заклади позашкільної освіти зі швидкісним (більше 30 Мбіт/с) безпроводовим доступом до мережі Інтернет,м. Київ,
2016,заклади позашкільної освіти зі швидкісним (більше 30 Мбіт/с) безпроводовим доступом до мережі Інтернет,м. Севастополь,
2017,заклади позашкільної освіти зі швидкісним (більше 30 Мбіт/с) безпроводовим доступом до мережі Інтернет,Україна,
2017,заклади позашкільної освіти зі швидкісним (більше 30 Мбіт/с) безпроводовим доступом до мережі Інтернет,Автономна Республіка Крим,
2017,заклади позашкільної освіти зі швидкісним (більше 30 Мбіт/с) безпроводовим доступом до мережі Інтернет,Вінницька,
2017,заклади позашкільної освіти зі швидкісним (більше 30 Мбіт/с) безпроводовим доступом до мережі Інтернет,Волинська,
2017,заклади позашкільної освіти зі швидкісним (більше 30 Мбіт/с) безпроводовим доступом до мережі Інтернет,Дніпропетровська,
2017,заклади позашкільної освіти зі швидкісним (більше 30 Мбіт/с) безпроводовим доступом до мережі Інтернет,Донецька,
2017,заклади позашкільної освіти зі швидкісним (більше 30 Мбіт/с) безпроводовим доступом до мережі Інтернет,Житомирська,
2017,заклади позашкільної освіти зі швидкісним (більше 30 Мбіт/с) безпроводовим доступом до мережі Інтернет,Закарпатська,
2017,заклади позашкільної освіти зі швидкісним (більше 30 Мбіт/с) безпроводовим доступом до мережі Інтернет,Запорізька,
2017,заклади позашкільної освіти зі швидкісним (більше 30 Мбіт/с) безпроводовим доступом до мережі Інтернет,Івано-Франківська,
2017,заклади позашкільної освіти зі швидкісним (більше 30 Мбіт/с) безпроводовим доступом до мережі Інтернет,Київська,
2017,заклади позашкільної освіти зі швидкісним (більше 30 Мбіт/с) безпроводовим доступом до мережі Інтернет,Кіровоградська,
2017,заклади позашкільної освіти зі швидкісним (більше 30 Мбіт/с) безпроводовим доступом до мережі Інтернет,Луганська,
2017,заклади позашкільної освіти зі швидкісним (більше 30 Мбіт/с) безпроводовим доступом до мережі Інтернет,Львівська,
2017,заклади позашкільної освіти зі швидкісним (більше 30 Мбіт/с) безпроводовим доступом до мережі Інтернет,Миколаївська,
2017,заклади позашкільної освіти зі швидкісним (більше 30 Мбіт/с) безпроводовим доступом до мережі Інтернет,Одеська,
2017,заклади позашкільної освіти зі швидкісним (більше 30 Мбіт/с) безпроводовим доступом до мережі Інтернет,Полтавська,
2017,заклади позашкільної освіти зі швидкісним (більше 30 Мбіт/с) безпроводовим доступом до мережі Інтернет,Рівненська,
2017,заклади позашкільної освіти зі швидкісним (більше 30 Мбіт/с) безпроводовим доступом до мережі Інтернет,Сумська,
2017,заклади позашкільної освіти зі швидкісним (більше 30 Мбіт/с) безпроводовим доступом до мережі Інтернет,Тернопільська,
2017,заклади позашкільної освіти зі швидкісним (більше 30 Мбіт/с) безпроводовим доступом до мережі Інтернет,Харківська,
2017,заклади позашкільної освіти зі швидкісним (більше 30 Мбіт/с) безпроводовим доступом до мережі Інтернет,Херсонська,
2017,заклади позашкільної освіти зі швидкісним (більше 30 Мбіт/с) безпроводовим доступом до мережі Інтернет,Хмельницька,
2017,заклади позашкільної освіти зі швидкісним (більше 30 Мбіт/с) безпроводовим доступом до мережі Інтернет,Черкаська,
2017,заклади позашкільної освіти зі швидкісним (більше 30 Мбіт/с) безпроводовим доступом до мережі Інтернет,Чернівецька,
2017,заклади позашкільної освіти зі швидкісним (більше 30 Мбіт/с) безпроводовим доступом до мережі Інтернет,Чернігівська,
2017,заклади позашкільної освіти зі швидкісним (більше 30 Мбіт/с) безпроводовим доступом до мережі Інтернет,м. Київ,
2017,заклади позашкільної освіти зі швидкісним (більше 30 Мбіт/с) безпроводовим доступом до мережі Інтернет,м. Севастополь,
2018,заклади позашкільної освіти зі швидкісним (більше 30 Мбіт/с) безпроводовим доступом до мережі Інтернет,Україна,
2018,заклади позашкільної освіти зі швидкісним (більше 30 Мбіт/с) безпроводовим доступом до мережі Інтернет,Автономна Республіка Крим,
2018,заклади позашкільної освіти зі швидкісним (більше 30 Мбіт/с) безпроводовим доступом до мережі Інтернет,Вінницька,
2018,заклади позашкільної освіти зі швидкісним (більше 30 Мбіт/с) безпроводовим доступом до мережі Інтернет,Волинська,
2018,заклади позашкільної освіти зі швидкісним (більше 30 Мбіт/с) безпроводовим доступом до мережі Інтернет,Дніпропетровська,
2018,заклади позашкільної освіти зі швидкісним (більше 30 Мбіт/с) безпроводовим доступом до мережі Інтернет,Донецька,
2018,заклади позашкільної освіти зі швидкісним (більше 30 Мбіт/с) безпроводовим доступом до мережі Інтернет,Житомирська,
2018,заклади позашкільної освіти зі швидкісним (більше 30 Мбіт/с) безпроводовим доступом до мережі Інтернет,Закарпатська,
2018,заклади позашкільної освіти зі швидкісним (більше 30 Мбіт/с) безпроводовим доступом до мережі Інтернет,Запорізька,
2018,заклади позашкільної освіти зі швидкісним (більше 30 Мбіт/с) безпроводовим доступом до мережі Інтернет,Івано-Франківська,
2018,заклади позашкільної освіти зі швидкісним (більше 30 Мбіт/с) безпроводовим доступом до мережі Інтернет,Київська,
2018,заклади позашкільної освіти зі швидкісним (більше 30 Мбіт/с) безпроводовим доступом до мережі Інтернет,Кіровоградська,
2018,заклади позашкільної освіти зі швидкісним (більше 30 Мбіт/с) безпроводовим доступом до мережі Інтернет,Луганська,
2018,заклади позашкільної освіти зі швидкісним (більше 30 Мбіт/с) безпроводовим доступом до мережі Інтернет,Львівська,
2018,заклади позашкільної освіти зі швидкісним (більше 30 Мбіт/с) безпроводовим доступом до мережі Інтернет,Миколаївська,
2018,заклади позашкільної освіти зі швидкісним (більше 30 Мбіт/с) безпроводовим доступом до мережі Інтернет,Одеська,
2018,заклади позашкільної освіти зі швидкісним (більше 30 Мбіт/с) безпроводовим доступом до мережі Інтернет,Полтавська,
2018,заклади позашкільної освіти зі швидкісним (більше 30 Мбіт/с) безпроводовим доступом до мережі Інтернет,Рівненська,
2018,заклади позашкільної освіти зі швидкісним (більше 30 Мбіт/с) безпроводовим доступом до мережі Інтернет,Сумська,
2018,заклади позашкільної освіти зі швидкісним (більше 30 Мбіт/с) безпроводовим доступом до мережі Інтернет,Тернопільська,
2018,заклади позашкільної освіти зі швидкісним (більше 30 Мбіт/с) безпроводовим доступом до мережі Інтернет,Харківська,
2018,заклади позашкільної освіти зі швидкісним (більше 30 Мбіт/с) безпроводовим доступом до мережі Інтернет,Херсонська,
2018,заклади позашкільної освіти зі швидкісним (більше 30 Мбіт/с) безпроводовим доступом до мережі Інтернет,Хмельницька,
2018,заклади позашкільної освіти зі швидкісним (більше 30 Мбіт/с) безпроводовим доступом до мережі Інтернет,Черкаська,
2018,заклади позашкільної освіти зі швидкісним (більше 30 Мбіт/с) безпроводовим доступом до мережі Інтернет,Чернівецька,
2018,заклади позашкільної освіти зі швидкісним (більше 30 Мбіт/с) безпроводовим доступом до мережі Інтернет,Чернігівська,
2018,заклади позашкільної освіти зі швидкісним (більше 30 Мбіт/с) безпроводовим доступом до мережі Інтернет,м. Київ,
2018,заклади позашкільної освіти зі швидкісним (більше 30 Мбіт/с) безпроводовим доступом до мережі Інтернет,м. Севастополь,
2019,заклади позашкільної освіти зі швидкісним (більше 30 Мбіт/с) безпроводовим доступом до мережі Інтернет,Україна,
2019,заклади позашкільної освіти зі швидкісним (більше 30 Мбіт/с) безпроводовим доступом до мережі Інтернет,Автономна Республіка Крим,
2019,заклади позашкільної освіти зі швидкісним (більше 30 Мбіт/с) безпроводовим доступом до мережі Інтернет,Вінницька,
2019,заклади позашкільної освіти зі швидкісним (більше 30 Мбіт/с) безпроводовим доступом до мережі Інтернет,Волинська,
2019,заклади позашкільної освіти зі швидкісним (більше 30 Мбіт/с) безпроводовим доступом до мережі Інтернет,Дніпропетровська,
2019,заклади позашкільної освіти зі швидкісним (більше 30 Мбіт/с) безпроводовим доступом до мережі Інтернет,Донецька,
2019,заклади позашкільної освіти зі швидкісним (більше 30 Мбіт/с) безпроводовим доступом до мережі Інтернет,Житомирська,
2019,заклади позашкільної освіти зі швидкісним (більше 30 Мбіт/с) безпроводовим доступом до мережі Інтернет,Закарпатська,
2019,заклади позашкільної освіти зі швидкісним (більше 30 Мбіт/с) безпроводовим доступом до мережі Інтернет,Запорізька,
2019,заклади позашкільної освіти зі швидкісним (більше 30 Мбіт/с) безпроводовим доступом до мережі Інтернет,Івано-Франківська,
2019,заклади позашкільної освіти зі швидкісним (більше 30 Мбіт/с) безпроводовим доступом до мережі Інтернет,Київська,
2019,заклади позашкільної освіти зі швидкісним (більше 30 Мбіт/с) безпроводовим доступом до мережі Інтернет,Кіровоградська,
2019,заклади позашкільної освіти зі швидкісним (більше 30 Мбіт/с) безпроводовим доступом до мережі Інтернет,Луганська,
2019,заклади позашкільної освіти зі швидкісним (більше 30 Мбіт/с) безпроводовим доступом до мережі Інтернет,Львівська,
2019,заклади позашкільної освіти зі швидкісним (більше 30 Мбіт/с) безпроводовим доступом до мережі Інтернет,Миколаївська,
2019,заклади позашкільної освіти зі швидкісним (більше 30 Мбіт/с) безпроводовим доступом до мережі Інтернет,Одеська,
2019,заклади позашкільної освіти зі швидкісним (більше 30 Мбіт/с) безпроводовим доступом до мережі Інтернет,Полтавська,
2019,заклади позашкільної освіти зі швидкісним (більше 30 Мбіт/с) безпроводовим доступом до мережі Інтернет,Рівненська,
2019,заклади позашкільної освіти зі швидкісним (більше 30 Мбіт/с) безпроводовим доступом до мережі Інтернет,Сумська,
2019,заклади позашкільної освіти зі швидкісним (більше 30 Мбіт/с) безпроводовим доступом до мережі Інтернет,Тернопільська,
2019,заклади позашкільної освіти зі швидкісним (більше 30 Мбіт/с) безпроводовим доступом до мережі Інтернет,Харківська,
2019,заклади позашкільної освіти зі швидкісним (більше 30 Мбіт/с) безпроводовим доступом до мережі Інтернет,Херсонська,
2019,заклади позашкільної освіти зі швидкісним (більше 30 Мбіт/с) безпроводовим доступом до мережі Інтернет,Хмельницька,
2019,заклади позашкільної освіти зі швидкісним (більше 30 Мбіт/с) безпроводовим доступом до мережі Інтернет,Черкаська,
2019,заклади позашкільної освіти зі швидкісним (більше 30 Мбіт/с) безпроводовим доступом до мережі Інтернет,Чернівецька,
2019,заклади позашкільної освіти зі швидкісним (більше 30 Мбіт/с) безпроводовим доступом до мережі Інтернет,Чернігівська,
2019,заклади позашкільної освіти зі швидкісним (більше 30 Мбіт/с) безпроводовим доступом до мережі Інтернет,м. Київ,
2019,заклади позашкільної освіти зі швидкісним (більше 30 Мбіт/с) безпроводовим доступом до мережі Інтернет,м. Севастополь,
2020,заклади позашкільної освіти зі швидкісним (більше 30 Мбіт/с) безпроводовим доступом до мережі Інтернет,Україна,
2020,заклади позашкільної освіти зі швидкісним (більше 30 Мбіт/с) безпроводовим доступом до мережі Інтернет,Автономна Республіка Крим,
2020,заклади позашкільної освіти зі швидкісним (більше 30 Мбіт/с) безпроводовим доступом до мережі Інтернет,Вінницька,
2020,заклади позашкільної освіти зі швидкісним (більше 30 Мбіт/с) безпроводовим доступом до мережі Інтернет,Волинська,
2020,заклади позашкільної освіти зі швидкісним (більше 30 Мбіт/с) безпроводовим доступом до мережі Інтернет,Дніпропетровська,
2020,заклади позашкільної освіти зі швидкісним (більше 30 Мбіт/с) безпроводовим доступом до мережі Інтернет,Донецька,
2020,заклади позашкільної освіти зі швидкісним (більше 30 Мбіт/с) безпроводовим доступом до мережі Інтернет,Житомирська,
2020,заклади позашкільної освіти зі швидкісним (більше 30 Мбіт/с) безпроводовим доступом до мережі Інтернет,Закарпатська,
2020,заклади позашкільної освіти зі швидкісним (більше 30 Мбіт/с) безпроводовим доступом до мережі Інтернет,Запорізька,
2020,заклади позашкільної освіти зі швидкісним (більше 30 Мбіт/с) безпроводовим доступом до мережі Інтернет,Івано-Франківська,
2020,заклади позашкільної освіти зі швидкісним (більше 30 Мбіт/с) безпроводовим доступом до мережі Інтернет,Київська,
2020,заклади позашкільної освіти зі швидкісним (більше 30 Мбіт/с) безпроводовим доступом до мережі Інтернет,Кіровоградська,
2020,заклади позашкільної освіти зі швидкісним (більше 30 Мбіт/с) безпроводовим доступом до мережі Інтернет,Луганська,
2020,заклади позашкільної освіти зі швидкісним (більше 30 Мбіт/с) безпроводовим доступом до мережі Інтернет,Львівська,
2020,заклади позашкільної освіти зі швидкісним (більше 30 Мбіт/с) безпроводовим доступом до мережі Інтернет,Миколаївська,
2020,заклади позашкільної освіти зі швидкісним (більше 30 Мбіт/с) безпроводовим доступом до мережі Інтернет,Одеська,
2020,заклади позашкільної освіти зі швидкісним (більше 30 Мбіт/с) безпроводовим доступом до мережі Інтернет,Полтавська,
2020,заклади позашкільної освіти зі швидкісним (більше 30 Мбіт/с) безпроводовим доступом до мережі Інтернет,Рівненська,
2020,заклади позашкільної освіти зі швидкісним (більше 30 Мбіт/с) безпроводовим доступом до мережі Інтернет,Сумська,
2020,заклади позашкільної освіти зі швидкісним (більше 30 Мбіт/с) безпроводовим доступом до мережі Інтернет,Тернопільська,
2020,заклади позашкільної освіти зі швидкісним (більше 30 Мбіт/с) безпроводовим доступом до мережі Інтернет,Харківська,
2020,заклади позашкільної освіти зі швидкісним (більше 30 Мбіт/с) безпроводовим доступом до мережі Інтернет,Херсонська,
2020,заклади позашкільної освіти зі швидкісним (більше 30 Мбіт/с) безпроводовим доступом до мережі Інтернет,Хмельницька,
2020,заклади позашкільної освіти зі швидкісним (більше 30 Мбіт/с) безпроводовим доступом до мережі Інтернет,Черкаська,
2020,заклади позашкільної освіти зі швидкісним (більше 30 Мбіт/с) безпроводовим доступом до мережі Інтернет,Чернівецька,
2020,заклади позашкільної освіти зі швидкісним (більше 30 Мбіт/с) безпроводовим доступом до мережі Інтернет,Чернігівська,
2020,заклади позашкільної освіти зі швидкісним (більше 30 Мбіт/с) безпроводовим доступом до мережі Інтернет,м. Київ,
2020,заклади позашкільної освіти зі швидкісним (більше 30 Мбіт/с) безпроводовим доступом до мережі Інтернет,м. Севастополь,
2021,заклади позашкільної освіти зі швидкісним (більше 30 Мбіт/с) безпроводовим доступом до мережі Інтернет,Україна,
2021,заклади позашкільної освіти зі швидкісним (більше 30 Мбіт/с) безпроводовим доступом до мережі Інтернет,Автономна Республіка Крим,
2021,заклади позашкільної освіти зі швидкісним (більше 30 Мбіт/с) безпроводовим доступом до мережі Інтернет,Вінницька,
2021,заклади позашкільної освіти зі швидкісним (більше 30 Мбіт/с) безпроводовим доступом до мережі Інтернет,Волинська,
2021,заклади позашкільної освіти зі швидкісним (більше 30 Мбіт/с) безпроводовим доступом до мережі Інтернет,Дніпропетровська,
2021,заклади позашкільної освіти зі швидкісним (більше 30 Мбіт/с) безпроводовим доступом до мережі Інтернет,Донецька,
2021,заклади позашкільної освіти зі швидкісним (більше 30 Мбіт/с) безпроводовим доступом до мережі Інтернет,Житомирська,
2021,заклади позашкільної освіти зі швидкісним (більше 30 Мбіт/с) безпроводовим доступом до мережі Інтернет,Закарпатська,
2021,заклади позашкільної освіти зі швидкісним (більше 30 Мбіт/с) безпроводовим доступом до мережі Інтернет,Запорізька,
2021,заклади позашкільної освіти зі швидкісним (більше 30 Мбіт/с) безпроводовим доступом до мережі Інтернет,Івано-Франківська,
2021,заклади позашкільної освіти зі швидкісним (більше 30 Мбіт/с) безпроводовим доступом до мережі Інтернет,Київська,
2021,заклади позашкільної освіти зі швидкісним (більше 30 Мбіт/с) безпроводовим доступом до мережі Інтернет,Кіровоградська,
2021,заклади позашкільної освіти зі швидкісним (більше 30 Мбіт/с) безпроводовим доступом до мережі Інтернет,Луганська,
2021,заклади позашкільної освіти зі швидкісним (більше 30 Мбіт/с) безпроводовим доступом до мережі Інтернет,Львівська,
2021,заклади позашкільної освіти зі швидкісним (більше 30 Мбіт/с) безпроводовим доступом до мережі Інтернет,Миколаївська,
2021,заклади позашкільної освіти зі швидкісним (більше 30 Мбіт/с) безпроводовим доступом до мережі Інтернет,Одеська,
2021,заклади позашкільної освіти зі швидкісним (більше 30 Мбіт/с) безпроводовим доступом до мережі Інтернет,Полтавська,
2021,заклади позашкільної освіти зі швидкісним (більше 30 Мбіт/с) безпроводовим доступом до мережі Інтернет,Рівненська,
2021,заклади позашкільної освіти зі швидкісним (більше 30 Мбіт/с) безпроводовим доступом до мережі Інтернет,Сумська,
2021,заклади позашкільної освіти зі швидкісним (більше 30 Мбіт/с) безпроводовим доступом до мережі Інтернет,Тернопільська,
2021,заклади позашкільної освіти зі швидкісним (більше 30 Мбіт/с) безпроводовим доступом до мережі Інтернет,Харківська,
2021,заклади позашкільної освіти зі швидкісним (більше 30 Мбіт/с) безпроводовим доступом до мережі Інтернет,Херсонська,
2021,заклади позашкільної освіти зі швидкісним (більше 30 Мбіт/с) безпроводовим доступом до мережі Інтернет,Хмельницька,
2021,заклади позашкільної освіти зі швидкісним (більше 30 Мбіт/с) безпроводовим доступом до мережі Інтернет,Черкаська,
2021,заклади позашкільної освіти зі швидкісним (більше 30 Мбіт/с) безпроводовим доступом до мережі Інтернет,Чернівецька,
2021,заклади позашкільної освіти зі швидкісним (більше 30 Мбіт/с) безпроводовим доступом до мережі Інтернет,Чернігівська,
2021,заклади позашкільної освіти зі швидкісним (більше 30 Мбіт/с) безпроводовим доступом до мережі Інтернет,м. Київ,
2021,заклади позашкільної освіти зі швидкісним (більше 30 Мбіт/с) безпроводовим доступом до мережі Інтернет,м. Севастополь,
2022,заклади позашкільної освіти зі швидкісним (більше 30 Мбіт/с) безпроводовим доступом до мережі Інтернет,Україна,30.6
2022,заклади позашкільної освіти зі швидкісним (більше 30 Мбіт/с) безпроводовим доступом до мережі Інтернет,Автономна Республіка Крим,
2022,заклади позашкільної освіти зі швидкісним (більше 30 Мбіт/с) безпроводовим доступом до мережі Інтернет,Вінницька,29.82
2022,заклади позашкільної освіти зі швидкісним (більше 30 Мбіт/с) безпроводовим доступом до мережі Інтернет,Волинська,25.71
2022,заклади позашкільної освіти зі швидкісним (більше 30 Мбіт/с) безпроводовим доступом до мережі Інтернет,Дніпропетровська,30.19
2022,заклади позашкільної освіти зі швидкісним (більше 30 Мбіт/с) безпроводовим доступом до мережі Інтернет,Донецька,33.33
2022,заклади позашкільної освіти зі швидкісним (більше 30 Мбіт/с) безпроводовим доступом до мережі Інтернет,Житомирська,17.5
2022,заклади позашкільної освіти зі швидкісним (більше 30 Мбіт/с) безпроводовим доступом до мережі Інтернет,Закарпатська,11.54
2022,заклади позашкільної освіти зі швидкісним (більше 30 Мбіт/с) безпроводовим доступом до мережі Інтернет,Запорізька,32.14
2022,заклади позашкільної освіти зі швидкісним (більше 30 Мбіт/с) безпроводовим доступом до мережі Інтернет,Івано-Франківська,18.0
2022,заклади позашкільної освіти зі швидкісним (більше 30 Мбіт/с) безпроводовим доступом до мережі Інтернет,Київська,40.51
2022,заклади позашкільної освіти зі швидкісним (більше 30 Мбіт/с) безпроводовим доступом до мережі Інтернет,Кіровоградська,38.67
2022,заклади позашкільної освіти зі швидкісним (більше 30 Мбіт/с) безпроводовим доступом до мережі Інтернет,Луганська,30.43
2022,заклади позашкільної освіти зі швидкісним (більше 30 Мбіт/с) безпроводовим доступом до мережі Інтернет,Львівська,25.35
2022,заклади позашкільної освіти зі швидкісним (більше 30 Мбіт/с) безпроводовим доступом до мережі Інтернет,Миколаївська,28.57
2022,заклади позашкільної освіти зі швидкісним (більше 30 Мбіт/с) безпроводовим доступом до мережі Інтернет,Одеська,35.94
2022,заклади позашкільної освіти зі швидкісним (більше 30 Мбіт/с) безпроводовим доступом до мережі Інтернет,Полтавська,38.18
2022,заклади позашкільної освіти зі швидкісним (більше 30 Мбіт/с) безпроводовим доступом до мережі Інтернет,Рівненська,2.86
2022,заклади позашкільної освіти зі швидкісним (більше 30 Мбіт/с) безпроводовим доступом до мережі Інтернет,Сумська,38.1
2022,заклади позашкільної освіти зі швидкісним (більше 30 Мбіт/с) безпроводовим доступом до мережі Інтернет,Тернопільська,41.67
2022,заклади позашкільної освіти зі швидкісним (більше 30 Мбіт/с) безпроводовим доступом до мережі Інтернет,Харківська,39.39
2022,заклади позашкільної освіти зі швидкісним (більше 30 Мбіт/с) безпроводовим доступом до мережі Інтернет,Херсонська,33.33
2022,заклади позашкільної освіти зі швидкісним (більше 30 Мбіт/с) безпроводовим доступом до мережі Інтернет,Хмельницька,24.39
2022,заклади позашкільної освіти зі швидкісним (більше 30 Мбіт/с) безпроводовим доступом до мережі Інтернет,Черкаська,50.0
2022,заклади позашкільної освіти зі швидкісним (більше 30 Мбіт/с) безпроводовим доступом до мережі Інтернет,Чернівецька,3.7
2022,заклади позашкільної освіти зі швидкісним (більше 30 Мбіт/с) безпроводовим доступом до мережі Інтернет,Чернігівська,21.74
2022,заклади позашкільної освіти зі швидкісним (більше 30 Мбіт/с) безпроводовим доступом до мережі Інтернет,м. Київ,33.33
2022,заклади позашкільної освіти зі швидкісним (більше 30 Мбіт/с) безпроводовим доступом до мережі Інтернет,м. Севастополь,
2023,заклади позашкільної освіти зі швидкісним (більше 30 Мбіт/с) безпроводовим доступом до мережі Інтернет,Україна,36.71
2023,заклади позашкільної освіти зі швидкісним (більше 30 Мбіт/с) безпроводовим доступом до мережі Інтернет,Автономна Республіка Крим,
2023,заклади позашкільної освіти зі швидкісним (більше 30 Мбіт/с) безпроводовим доступом до мережі Інтернет,Вінницька,36.73
2023,заклади позашкільної освіти зі швидкісним (більше 30 Мбіт/с) безпроводовим доступом до мережі Інтернет,Волинська,27.27
2023,заклади позашкільної освіти зі швидкісним (більше 30 Мбіт/с) безпроводовим доступом до мережі Інтернет,Дніпропетровська,33.33
2023,заклади позашкільної освіти зі швидкісним (більше 30 Мбіт/с) безпроводовим доступом до мережі Інтернет,Донецька,21.43
2023,заклади позашкільної освіти зі швидкісним (більше 30 Мбіт/с) безпроводовим доступом до мережі Інтернет,Житомирська,41.3
2023,заклади позашкільної освіти зі швидкісним (більше 30 Мбіт/с) безпроводовим доступом до мережі Інтернет,Закарпатська,50.0
2023,заклади позашкільної освіти зі швидкісним (більше 30 Мбіт/с) безпроводовим доступом до мережі Інтернет,Запорізька,25.64
2023,заклади позашкільної освіти зі швидкісним (більше 30 Мбіт/с) безпроводовим доступом до мережі Інтернет,Івано-Франківська,41.18
2023,заклади позашкільної освіти зі швидкісним (більше 30 Мбіт/с) безпроводовим доступом до мережі Інтернет,Київська,51.65
2023,заклади позашкільної освіти зі швидкісним (більше 30 Мбіт/с) безпроводовим доступом до мережі Інтернет,Кіровоградська,38.27
2023,заклади позашкільної освіти зі швидкісним (більше 30 Мбіт/с) безпроводовим доступом до мережі Інтернет,Луганська,0.0
2023,заклади позашкільної освіти зі швидкісним (більше 30 Мбіт/с) безпроводовим доступом до мережі Інтернет,Львівська,36.76
2023,заклади позашкільної освіти зі швидкісним (більше 30 Мбіт/с) безпроводовим доступом до мережі Інтернет,Миколаївська,35.14
2023,заклади позашкільної освіти зі швидкісним (більше 30 Мбіт/с) безпроводовим доступом до мережі Інтернет,Одеська,41.94
2023,заклади позашкільної освіти зі швидкісним (більше 30 Мбіт/с) безпроводовим доступом до мережі Інтернет,Полтавська,46.55
2023,заклади позашкільної освіти зі швидкісним (більше 30 Мбіт/с) безпроводовим доступом до мережі Інтернет,Рівненська,29.31
2023,заклади позашкільної освіти зі швидкісним (більше 30 Мбіт/с) безпроводовим доступом до мережі Інтернет,Сумська,33.33
2023,заклади позашкільної освіти зі швидкісним (більше 30 Мбіт/с) безпроводовим доступом до мережі Інтернет,Тернопільська,33.33
2023,заклади позашкільної освіти зі швидкісним (більше 30 Мбіт/с) безпроводовим доступом до мережі Інтернет,Харківська,38.33
2023,заклади позашкільної освіти зі швидкісним (більше 30 Мбіт/с) безпроводовим доступом до мережі Інтернет,Херсонська,6.06
2023,заклади позашкільної освіти зі швидкісним (більше 30 Мбіт/с) безпроводовим доступом до мережі Інтернет,Хмельницька,38.46
2023,заклади позашкільної освіти зі швидкісним (більше 30 Мбіт/с) безпроводовим доступом до мережі Інтернет,Черкаська,47.62
2023,заклади позашкільної освіти зі швидкісним (більше 30 Мбіт/с) безпроводовим доступом до мережі Інтернет,Чернівецька,37.04
2023,заклади позашкільної освіти зі швидкісним (більше 30 Мбіт/с) безпроводовим доступом до мережі Інтернет,Чернігівська,20.51
2023,заклади позашкільної освіти зі швидкісним (більше 30 Мбіт/с) безпроводовим доступом до мережі Інтернет,м. Київ,48.84
2023,заклади позашкільної освіти зі швидкісним (більше 30 Мбіт/с) безпроводовим доступом до мережі Інтернет,м. Севастополь,
2024,заклади позашкільної освіти зі швидкісним (більше 30 Мбіт/с) безпроводовим доступом до мережі Інтернет,Україна,41.36
2024,заклади позашкільної освіти зі швидкісним (більше 30 Мбіт/с) безпроводовим доступом до мережі Інтернет,Автономна Республіка Крим,
2024,заклади позашкільної освіти зі швидкісним (більше 30 Мбіт/с) безпроводовим доступом до мережі Інтернет,Вінницька,42.55
2024,заклади позашкільної освіти зі швидкісним (більше 30 Мбіт/с) безпроводовим доступом до мережі Інтернет,Волинська,36.36
2024,заклади позашкільної освіти зі швидкісним (більше 30 Мбіт/с) безпроводовим доступом до мережі Інтернет,Дніпропетровська,40.59
2024,заклади позашкільної освіти зі швидкісним (більше 30 Мбіт/с) безпроводовим доступом до мережі Інтернет,Донецька,16.22
2024,заклади позашкільної освіти зі швидкісним (більше 30 Мбіт/с) безпроводовим доступом до мережі Інтернет,Житомирська,41.67
2024,заклади позашкільної освіти зі швидкісним (більше 30 Мбіт/с) безпроводовим доступом до мережі Інтернет,Закарпатська,52.38
2024,заклади позашкільної освіти зі швидкісним (більше 30 Мбіт/с) безпроводовим доступом до мережі Інтернет,Запорізька,28.57
2024,заклади позашкільної освіти зі швидкісним (більше 30 Мбіт/с) безпроводовим доступом до мережі Інтернет,Івано-Франківська,36.17
2024,заклади позашкільної освіти зі швидкісним (більше 30 Мбіт/с) безпроводовим доступом до мережі Інтернет,Київська,51.06
2024,заклади позашкільної освіти зі швидкісним (більше 30 Мбіт/с) безпроводовим доступом до мережі Інтернет,Кіровоградська,45.95
2024,заклади позашкільної освіти зі швидкісним (більше 30 Мбіт/с) безпроводовим доступом до мережі Інтернет,Луганська,0.0
2024,заклади позашкільної освіти зі швидкісним (більше 30 Мбіт/с) безпроводовим доступом до мережі Інтернет,Львівська,41.18
2024,заклади позашкільної освіти зі швидкісним (більше 30 Мбіт/с) безпроводовим доступом до мережі Інтернет,Миколаївська,41.6
2024,заклади позашкільної освіти зі швидкісним (більше 30 Мбіт/с) безпроводовим доступом до мережі Інтернет,Одеська,45.9
2024,заклади позашкільної освіти зі швидкісним (більше 30 Мбіт/с) безпроводовим доступом до мережі Інтернет,Полтавська,57.69
2024,заклади позашкільної освіти зі швидкісним (більше 30 Мбіт/с) безпроводовим доступом до мережі Інтернет,Рівненська,35.29
2024,заклади позашкільної освіти зі швидкісним (більше 30 Мбіт/с) безпроводовим доступом до мережі Інтернет,Сумська,47.46
2024,заклади позашкільної освіти зі швидкісним (більше 30 Мбіт/с) безпроводовим доступом до мережі Інтернет,Тернопільська,41.67
2024,заклади позашкільної освіти зі швидкісним (більше 30 Мбіт/с) безпроводовим доступом до мережі Інтернет,Харківська,45.0
2024,заклади позашкільної освіти зі швидкісним (більше 30 Мбіт/с) безпроводовим доступом до мережі Інтернет,Херсонська,8.33
2024,заклади позашкільної освіти зі швидкісним (більше 30 Мбіт/с) безпроводовим доступом до мережі Інтернет,Хмельницька,35.71
2024,заклади позашкільної освіти зі швидкісним (більше 30 Мбіт/с) безпроводовим доступом до мережі Інтернет,Черкаська,52.38
2024,заклади позашкільної освіти зі швидкісним (більше 30 Мбіт/с) безпроводовим доступом до мережі Інтернет,Чернівецька,54.17
2024,заклади позашкільної освіти зі швидкісним (більше 30 Мбіт/с) безпроводовим доступом до мережі Інтернет,Чернігівська,27.03
2024,заклади позашкільної освіти зі швидкісним (більше 30 Мбіт/с) безпроводовим доступом до мережі Інтернет,м. Київ,45.45
2024,заклади позашкільної освіти зі швидкісним (більше 30 Мбіт/с) безпроводовим доступом до мережі Інтернет,м. Севастополь,
2025,заклади позашкільної освіти зі швидкісним (більше 30 Мбіт/с) безпроводовим доступом до мережі Інтернет,Україна,44.16
2025,заклади позашкільної освіти зі швидкісним (більше 30 Мбіт/с) безпроводовим доступом до мережі Інтернет,Автономна Республіка Крим,
2025,заклади позашкільної освіти зі швидкісним (більше 30 Мбіт/с) безпроводовим доступом до мережі Інтернет,Вінницька,48.94
2025,заклади позашкільної освіти зі швидкісним (більше 30 Мбіт/с) безпроводовим доступом до мережі Інтернет,Волинська,27.27
2025,заклади позашкільної освіти зі швидкісним (більше 30 Мбіт/с) безпроводовим доступом до мережі Інтернет,Дніпропетровська,48.45
2025,заклади позашкільної освіти зі швидкісним (більше 30 Мбіт/с) безпроводовим доступом до мережі Інтернет,Донецька,5.88
2025,заклади позашкільної освіти зі швидкісним (більше 30 Мбіт/с) безпроводовим доступом до мережі Інтернет,Житомирська,44.0
2025,заклади позашкільної освіти зі швидкісним (більше 30 Мбіт/с) безпроводовим доступом до мережі Інтернет,Закарпатська,60.0
2025,заклади позашкільної освіти зі швидкісним (більше 30 Мбіт/с) безпроводовим доступом до мережі Інтернет,Запорізька,46.67
2025,заклади позашкільної освіти зі швидкісним (більше 30 Мбіт/с) безпроводовим доступом до мережі Інтернет,Івано-Франківська,44.68
2025,заклади позашкільної освіти зі швидкісним (більше 30 Мбіт/с) безпроводовим доступом до мережі Інтернет,Київська,55.79
2025,заклади позашкільної освіти зі швидкісним (більше 30 Мбіт/с) безпроводовим доступом до мережі Інтернет,Кіровоградська,49.33
2025,заклади позашкільної освіти зі швидкісним (більше 30 Мбіт/с) безпроводовим доступом до мережі Інтернет,Луганська,0.0
2025,заклади позашкільної освіти зі швидкісним (більше 30 Мбіт/с) безпроводовим доступом до мережі Інтернет,Львівська,45.59
2025,заклади позашкільної освіти зі швидкісним (більше 30 Мбіт/с) безпроводовим доступом до мережі Інтернет,Миколаївська,55.56
2025,заклади позашкільної освіти зі швидкісним (більше 30 Мбіт/с) безпроводовим доступом до мережі Інтернет,Одеська,48.33
2025,заклади позашкільної освіти зі швидкісним (більше 30 Мбіт/с) безпроводовим доступом до мережі Інтернет,Полтавська,61.22
2025,заклади позашкільної освіти зі швидкісним (більше 30 Мбіт/с) безпроводовим доступом до мережі Інтернет,Рівненська,34.29
2025,заклади позашкільної освіти зі швидкісним (більше 30 Мбіт/с) безпроводовим доступом до мережі Інтернет,Сумська,50.0
2025,заклади позашкільної освіти зі швидкісним (більше 30 Мбіт/с) безпроводовим доступом до мережі Інтернет,Тернопільська,36.11
2025,заклади позашкільної освіти зі швидкісним (більше 30 Мбіт/с) безпроводовим доступом до мережі Інтернет,Харківська,41.27
2025,заклади позашкільної освіти зі швидкісним (більше 30 Мбіт/с) безпроводовим доступом до мережі Інтернет,Херсонська,0.0
2025,заклади позашкільної освіти зі швидкісним (більше 30 Мбіт/с) безпроводовим доступом до мережі Інтернет,Хмельницька,41.46
2025,заклади позашкільної освіти зі швидкісним (більше 30 Мбіт/с) безпроводовим доступом до мережі Інтернет,Черкаська,52.38
2025,заклади позашкільної освіти зі швидкісним (більше 30 Мбіт/с) безпроводовим доступом до мережі Інтернет,Чернівецька,47.83
2025,заклади позашкільної освіти зі швидкісним (більше 30 Мбіт/с) безпроводовим доступом до мережі Інтернет,Чернігівська,22.86
2025,заклади позашкільної освіти зі швидкісним (більше 30 Мбіт/с) безпроводовим доступом до мережі Інтернет,м. Київ,44.19
2025,заклади позашкільної освіти зі швидкісним (більше 30 Мбіт/с) безпроводовим доступом до мережі Інтернет,м. Севастополь,
2015,заклади позашкільної освіти зі швидкісним (більше 30 Мбіт/с) проводовим або безпроводовим доступом до мережі Інтернет,Україна,
2015,заклади позашкільної освіти зі швидкісним (більше 30 Мбіт/с) проводовим або безпроводовим доступом до мережі Інтернет,Автономна Республіка Крим,
2015,заклади позашкільної освіти зі швидкісним (більше 30 Мбіт/с) проводовим або безпроводовим доступом до мережі Інтернет,Вінницька,
2015,заклади позашкільної освіти зі швидкісним (більше 30 Мбіт/с) проводовим або безпроводовим доступом до мережі Інтернет,Волинська,
2015,заклади позашкільної освіти зі швидкісним (більше 30 Мбіт/с) проводовим або безпроводовим доступом до мережі Інтернет,Дніпропетровська,
2015,заклади позашкільної освіти зі швидкісним (більше 30 Мбіт/с) проводовим або безпроводовим доступом до мережі Інтернет,Донецька,
2015,заклади позашкільної освіти зі швидкісним (більше 30 Мбіт/с) проводовим або безпроводовим доступом до мережі Інтернет,Житомирська,
2015,заклади позашкільної освіти зі швидкісним (більше 30 Мбіт/с) проводовим або безпроводовим доступом до мережі Інтернет,Закарпатська,
2015,заклади позашкільної освіти зі швидкісним (більше 30 Мбіт/с) проводовим або безпроводовим доступом до мережі Інтернет,Запорізька,
2015,заклади позашкільної освіти зі швидкісним (більше 30 Мбіт/с) проводовим або безпроводовим доступом до мережі Інтернет,Івано-Франківська,
2015,заклади позашкільної освіти зі швидкісним (більше 30 Мбіт/с) проводовим або безпроводовим доступом до мережі Інтернет,Київська,
2015,заклади позашкільної освіти зі швидкісним (більше 30 Мбіт/с) проводовим або безпроводовим доступом до мережі Інтернет,Кіровоградська,
2015,заклади позашкільної освіти зі швидкісним (більше 30 Мбіт/с) проводовим або безпроводовим доступом до мережі Інтернет,Луганська,
2015,заклади позашкільної освіти зі швидкісним (більше 30 Мбіт/с) проводовим або безпроводовим доступом до мережі Інтернет,Львівська,
2015,заклади позашкільної освіти зі швидкісним (більше 30 Мбіт/с) проводовим або безпроводовим доступом до мережі Інтернет,Миколаївська,
2015,заклади позашкільної освіти зі швидкісним (більше 30 Мбіт/с) проводовим або безпроводовим доступом до мережі Інтернет,Одеська,
2015,заклади позашкільної освіти зі швидкісним (більше 30 Мбіт/с) проводовим або безпроводовим доступом до мережі Інтернет,Полтавська,
2015,заклади позашкільної освіти зі швидкісним (більше 30 Мбіт/с) проводовим або безпроводовим доступом до мережі Інтернет,Рівненська,
2015,заклади позашкільної освіти зі швидкісним (більше 30 Мбіт/с) проводовим або безпроводовим доступом до мережі Інтернет,Сумська,
2015,заклади позашкільної освіти зі швидкісним (більше 30 Мбіт/с) проводовим або безпроводовим доступом до мережі Інтернет,Тернопільська,
2015,заклади позашкільної освіти зі швидкісним (більше 30 Мбіт/с) проводовим або безпроводовим доступом до мережі Інтернет,Харківська,
2015,заклади позашкільної освіти зі швидкісним (більше 30 Мбіт/с) проводовим або безпроводовим доступом до мережі Інтернет,Херсонська,
2015,заклади позашкільної освіти зі швидкісним (більше 30 Мбіт/с) проводовим або безпроводовим доступом до мережі Інтернет,Хмельницька,
2015,заклади позашкільної освіти зі швидкісним (більше 30 Мбіт/с) проводовим або безпроводовим доступом до мережі Інтернет,Черкаська,
2015,заклади позашкільної освіти зі швидкісним (більше 30 Мбіт/с) проводовим або безпроводовим доступом до мережі Інтернет,Чернівецька,
2015,заклади позашкільної освіти зі швидкісним (більше 30 Мбіт/с) проводовим або безпроводовим доступом до мережі Інтернет,Чернігівська,
2015,заклади позашкільної освіти зі швидкісним (більше 30 Мбіт/с) проводовим або безпроводовим доступом до мережі Інтернет,м. Київ,
2015,заклади позашкільної освіти зі швидкісним (більше 30 Мбіт/с) проводовим або безпроводовим доступом до мережі Інтернет,м. Севастополь,
2016,заклади позашкільної освіти зі швидкісним (більше 30 Мбіт/с) проводовим або безпроводовим доступом до мережі Інтернет,Україна,
2016,заклади позашкільної освіти зі швидкісним (більше 30 Мбіт/с) проводовим або безпроводовим доступом до мережі Інтернет,Автономна Республіка Крим,
2016,заклади позашкільної освіти зі швидкісним (більше 30 Мбіт/с) проводовим або безпроводовим доступом до мережі Інтернет,Вінницька,
2016,заклади позашкільної освіти зі швидкісним (більше 30 Мбіт/с) проводовим або безпроводовим доступом до мережі Інтернет,Волинська,
2016,заклади позашкільної освіти зі швидкісним (більше 30 Мбіт/с) проводовим або безпроводовим доступом до мережі Інтернет,Дніпропетровська,
2016,заклади позашкільної освіти зі швидкісним (більше 30 Мбіт/с) проводовим або безпроводовим доступом до мережі Інтернет,Донецька,
2016,заклади позашкільної освіти зі швидкісним (більше 30 Мбіт/с) проводовим або безпроводовим доступом до мережі Інтернет,Житомирська,
2016,заклади позашкільної освіти зі швидкісним (більше 30 Мбіт/с) проводовим або безпроводовим доступом до мережі Інтернет,Закарпатська,
2016,заклади позашкільної освіти зі швидкісним (більше 30 Мбіт/с) проводовим або безпроводовим доступом до мережі Інтернет,Запорізька,
2016,заклади позашкільної освіти зі швидкісним (більше 30 Мбіт/с) проводовим або безпроводовим доступом до мережі Інтернет,Івано-Франківська,
2016,заклади позашкільної освіти зі швидкісним (більше 30 Мбіт/с) проводовим або безпроводовим доступом до мережі Інтернет,Київська,
2016,заклади позашкільної освіти зі швидкісним (більше 30 Мбіт/с) проводовим або безпроводовим доступом до мережі Інтернет,Кіровоградська,
2016,заклади позашкільної освіти зі швидкісним (більше 30 Мбіт/с) проводовим або безпроводовим доступом до мережі Інтернет,Луганська,
2016,заклади позашкільної освіти зі швидкісним (більше 30 Мбіт/с) проводовим або безпроводовим доступом до мережі Інтернет,Львівська,
2016,заклади позашкільної освіти зі швидкісним (більше 30 Мбіт/с) проводовим або безпроводовим доступом до мережі Інтернет,Миколаївська,
2016,заклади позашкільної освіти зі швидкісним (більше 30 Мбіт/с) проводовим або безпроводовим доступом до мережі Інтернет,Одеська,
2016,заклади позашкільної освіти зі швидкісним (більше 30 Мбіт/с) проводовим або безпроводовим доступом до мережі Інтернет,Полтавська,
2016,заклади позашкільної освіти зі швидкісним (більше 30 Мбіт/с) проводовим або безпроводовим доступом до мережі Інтернет,Рівненська,
2016,заклади позашкільної освіти зі швидкісним (більше 30 Мбіт/с) проводовим або безпроводовим доступом до мережі Інтернет,Сумська,
2016,заклади позашкільної освіти зі швидкісним (більше 30 Мбіт/с) проводовим або безпроводовим доступом до мережі Інтернет,Тернопільська,
2016,заклади позашкільної освіти зі швидкісним (більше 30 Мбіт/с) проводовим або безпроводовим доступом до мережі Інтернет,Харківська,
2016,заклади позашкільної освіти зі швидкісним (більше 30 Мбіт/с) проводовим або безпроводовим доступом до мережі Інтернет,Херсонська,
2016,заклади позашкільної освіти зі швидкісним (більше 30 Мбіт/с) проводовим або безпроводовим доступом до мережі Інтернет,Хмельницька,
2016,заклади позашкільної освіти зі швидкісним (більше 30 Мбіт/с) проводовим або безпроводовим доступом до мережі Інтернет,Черкаська,
2016,заклади позашкільної освіти зі швидкісним (більше 30 Мбіт/с) проводовим або безпроводовим доступом до мережі Інтернет,Чернівецька,
2016,заклади позашкільної освіти зі швидкісним (більше 30 Мбіт/с) проводовим або безпроводовим доступом до мережі Інтернет,Чернігівська,
2016,заклади позашкільної освіти зі швидкісним (більше 30 Мбіт/с) проводовим або безпроводовим доступом до мережі Інтернет,м. Київ,
2016,заклади позашкільної освіти зі швидкісним (більше 30 Мбіт/с) проводовим або безпроводовим доступом до мережі Інтернет,м. Севастополь,
2017,заклади позашкільної освіти зі швидкісним (більше 30 Мбіт/с) проводовим або безпроводовим доступом до мережі Інтернет,Україна,
2017,заклади позашкільної освіти зі швидкісним (більше 30 Мбіт/с) проводовим або безпроводовим доступом до мережі Інтернет,Автономна Республіка Крим,
2017,заклади позашкільної освіти зі швидкісним (більше 30 Мбіт/с) проводовим або безпроводовим доступом до мережі Інтернет,Вінницька,
2017,заклади позашкільної освіти зі швидкісним (більше 30 Мбіт/с) проводовим або безпроводовим доступом до мережі Інтернет,Волинська,
2017,заклади позашкільної освіти зі швидкісним (більше 30 Мбіт/с) проводовим або безпроводовим доступом до мережі Інтернет,Дніпропетровська,
2017,заклади позашкільної освіти зі швидкісним (більше 30 Мбіт/с) проводовим або безпроводовим доступом до мережі Інтернет,Донецька,
2017,заклади позашкільної освіти зі швидкісним (більше 30 Мбіт/с) проводовим або безпроводовим доступом до мережі Інтернет,Житомирська,
2017,заклади позашкільної освіти зі швидкісним (більше 30 Мбіт/с) проводовим або безпроводовим доступом до мережі Інтернет,Закарпатська,
2017,заклади позашкільної освіти зі швидкісним (більше 30 Мбіт/с) проводовим або безпроводовим доступом до мережі Інтернет,Запорізька,
2017,заклади позашкільної освіти зі швидкісним (більше 30 Мбіт/с) проводовим або безпроводовим доступом до мережі Інтернет,Івано-Франківська,
2017,заклади позашкільної освіти зі швидкісним (більше 30 Мбіт/с) проводовим або безпроводовим доступом до мережі Інтернет,Київська,
2017,заклади позашкільної освіти зі швидкісним (більше 30 Мбіт/с) проводовим або безпроводовим доступом до мережі Інтернет,Кіровоградська,
2017,заклади позашкільної освіти зі швидкісним (більше 30 Мбіт/с) проводовим або безпроводовим доступом до мережі Інтернет,Луганська,
2017,заклади позашкільної освіти зі швидкісним (більше 30 Мбіт/с) проводовим або безпроводовим доступом до мережі Інтернет,Львівська,
2017,заклади позашкільної освіти зі швидкісним (більше 30 Мбіт/с) проводовим або безпроводовим доступом до мережі Інтернет,Миколаївська,
2017,заклади позашкільної освіти зі швидкісним (більше 30 Мбіт/с) проводовим або безпроводовим доступом до мережі Інтернет,Одеська,
2017,заклади позашкільної освіти зі швидкісним (більше 30 Мбіт/с) проводовим або безпроводовим доступом до мережі Інтернет,Полтавська,
2017,заклади позашкільної освіти зі швидкісним (більше 30 Мбіт/с) проводовим або безпроводовим доступом до мережі Інтернет,Рівненська,
2017,заклади позашкільної освіти зі швидкісним (більше 30 Мбіт/с) проводовим або безпроводовим доступом до мережі Інтернет,Сумська,
2017,заклади позашкільної освіти зі швидкісним (більше 30 Мбіт/с) проводовим або безпроводовим доступом до мережі Інтернет,Тернопільська,
2017,заклади позашкільної освіти зі швидкісним (більше 30 Мбіт/с) проводовим або безпроводовим доступом до мережі Інтернет,Харківська,
2017,заклади позашкільної освіти зі швидкісним (більше 30 Мбіт/с) проводовим або безпроводовим доступом до мережі Інтернет,Херсонська,
2017,заклади позашкільної освіти зі швидкісним (більше 30 Мбіт/с) проводовим або безпроводовим доступом до мережі Інтернет,Хмельницька,
2017,заклади позашкільної освіти зі швидкісним (більше 30 Мбіт/с) проводовим або безпроводовим доступом до мережі Інтернет,Черкаська,
2017,заклади позашкільної освіти зі швидкісним (більше 30 Мбіт/с) проводовим або безпроводовим доступом до мережі Інтернет,Чернівецька,
2017,заклади позашкільної освіти зі швидкісним (більше 30 Мбіт/с) проводовим або безпроводовим доступом до мережі Інтернет,Чернігівська,
2017,заклади позашкільної освіти зі швидкісним (більше 30 Мбіт/с) проводовим або безпроводовим доступом до мережі Інтернет,м. Київ,
2017,заклади позашкільної освіти зі швидкісним (більше 30 Мбіт/с) проводовим або безпроводовим доступом до мережі Інтернет,м. Севастополь,
2018,заклади позашкільної освіти зі швидкісним (більше 30 Мбіт/с) проводовим або безпроводовим доступом до мережі Інтернет,Україна,
2018,заклади позашкільної освіти зі швидкісним (більше 30 Мбіт/с) проводовим або безпроводовим доступом до мережі Інтернет,Автономна Республіка Крим,
2018,заклади позашкільної освіти зі швидкісним (більше 30 Мбіт/с) проводовим або безпроводовим доступом до мережі Інтернет,Вінницька,
2018,заклади позашкільної освіти зі швидкісним (більше 30 Мбіт/с) проводовим або безпроводовим доступом до мережі Інтернет,Волинська,
2018,заклади позашкільної освіти зі швидкісним (більше 30 Мбіт/с) проводовим або безпроводовим доступом до мережі Інтернет,Дніпропетровська,
2018,заклади позашкільної освіти зі швидкісним (більше 30 Мбіт/с) проводовим або безпроводовим доступом до мережі Інтернет,Донецька,
2018,заклади позашкільної освіти зі швидкісним (більше 30 Мбіт/с) проводовим або безпроводовим доступом до мережі Інтернет,Житомирська,
2018,заклади позашкільної освіти зі швидкісним (більше 30 Мбіт/с) проводовим або безпроводовим доступом до мережі Інтернет,Закарпатська,
2018,заклади позашкільної освіти зі швидкісним (більше 30 Мбіт/с) проводовим або безпроводовим доступом до мережі Інтернет,Запорізька,
2018,заклади позашкільної освіти зі швидкісним (більше 30 Мбіт/с) проводовим або безпроводовим доступом до мережі Інтернет,Івано-Франківська,
2018,заклади позашкільної освіти зі швидкісним (більше 30 Мбіт/с) проводовим або безпроводовим доступом до мережі Інтернет,Київська,
2018,заклади позашкільної освіти зі швидкісним (більше 30 Мбіт/с) проводовим або безпроводовим доступом до мережі Інтернет,Кіровоградська,
2018,заклади позашкільної освіти зі швидкісним (більше 30 Мбіт/с) проводовим або безпроводовим доступом до мережі Інтернет,Луганська,
2018,заклади позашкільної освіти зі швидкісним (більше 30 Мбіт/с) проводовим або безпроводовим доступом до мережі Інтернет,Львівська,
2018,заклади позашкільної освіти зі швидкісним (більше 30 Мбіт/с) проводовим або безпроводовим доступом до мережі Інтернет,Миколаївська,
2018,заклади позашкільної освіти зі швидкісним (більше 30 Мбіт/с) проводовим або безпроводовим доступом до мережі Інтернет,Одеська,
2018,заклади позашкільної освіти зі швидкісним (більше 30 Мбіт/с) проводовим або безпроводовим доступом до мережі Інтернет,Полтавська,
2018,заклади позашкільної освіти зі швидкісним (більше 30 Мбіт/с) проводовим або безпроводовим доступом до мережі Інтернет,Рівненська,
2018,заклади позашкільної освіти зі швидкісним (більше 30 Мбіт/с) проводовим або безпроводовим доступом до мережі Інтернет,Сумська,
2018,заклади позашкільної освіти зі швидкісним (більше 30 Мбіт/с) проводовим або безпроводовим доступом до мережі Інтернет,Тернопільська,
2018,заклади позашкільної освіти зі швидкісним (більше 30 Мбіт/с) проводовим або безпроводовим доступом до мережі Інтернет,Харківська,
2018,заклади позашкільної освіти зі швидкісним (більше 30 Мбіт/с) проводовим або безпроводовим доступом до мережі Інтернет,Херсонська,
2018,заклади позашкільної освіти зі швидкісним (більше 30 Мбіт/с) проводовим або безпроводовим доступом до мережі Інтернет,Хмельницька,
2018,заклади позашкільної освіти зі швидкісним (більше 30 Мбіт/с) проводовим або безпроводовим доступом до мережі Інтернет,Черкаська,
2018,заклади позашкільної освіти зі швидкісним (більше 30 Мбіт/с) проводовим або безпроводовим доступом до мережі Інтернет,Чернівецька,
2018,заклади позашкільної освіти зі швидкісним (більше 30 Мбіт/с) проводовим або безпроводовим доступом до мережі Інтернет,Чернігівська,
2018,заклади позашкільної освіти зі швидкісним (більше 30 Мбіт/с) проводовим або безпроводовим доступом до мережі Інтернет,м. Київ,
2018,заклади позашкільної освіти зі швидкісним (більше 30 Мбіт/с) проводовим або безпроводовим доступом до мережі Інтернет,м. Севастополь,
2019,заклади позашкільної освіти зі швидкісним (більше 30 Мбіт/с) проводовим або безпроводовим доступом до мережі Інтернет,Україна,
2019,заклади позашкільної освіти зі швидкісним (більше 30 Мбіт/с) проводовим або безпроводовим доступом до мережі Інтернет,Автономна Республіка Крим,
2019,заклади позашкільної освіти зі швидкісним (більше 30 Мбіт/с) проводовим або безпроводовим доступом до мережі Інтернет,Вінницька,
2019,заклади позашкільної освіти зі швидкісним (більше 30 Мбіт/с) проводовим або безпроводовим доступом до мережі Інтернет,Волинська,
2019,заклади позашкільної освіти зі швидкісним (більше 30 Мбіт/с) проводовим або безпроводовим доступом до мережі Інтернет,Дніпропетровська,
2019,заклади позашкільної освіти зі швидкісним (більше 30 Мбіт/с) проводовим або безпроводовим доступом до мережі Інтернет,Донецька,
2019,заклади позашкільної освіти зі швидкісним (більше 30 Мбіт/с) проводовим або безпроводовим доступом до мережі Інтернет,Житомирська,
2019,заклади позашкільної освіти зі швидкісним (більше 30 Мбіт/с) проводовим або безпроводовим доступом до мережі Інтернет,Закарпатська,
2019,заклади позашкільної освіти зі швидкісним (більше 30 Мбіт/с) проводовим або безпроводовим доступом до мережі Інтернет,Запорізька,
2019,заклади позашкільної освіти зі швидкісним (більше 30 Мбіт/с) проводовим або безпроводовим доступом до мережі Інтернет,Івано-Франківська,
2019,заклади позашкільної освіти зі швидкісним (більше 30 Мбіт/с) проводовим або безпроводовим доступом до мережі Інтернет,Київська,
2019,заклади позашкільної освіти зі швидкісним (більше 30 Мбіт/с) проводовим або безпроводовим доступом до мережі Інтернет,Кіровоградська,
2019,заклади позашкільної освіти зі швидкісним (більше 30 Мбіт/с) проводовим або безпроводовим доступом до мережі Інтернет,Луганська,
2019,заклади позашкільної освіти зі швидкісним (більше 30 Мбіт/с) проводовим або безпроводовим доступом до мережі Інтернет,Львівська,
2019,заклади позашкільної освіти зі швидкісним (більше 30 Мбіт/с) проводовим або безпроводовим доступом до мережі Інтернет,Миколаївська,
2019,заклади позашкільної освіти зі швидкісним (більше 30 Мбіт/с) проводовим або безпроводовим доступом до мережі Інтернет,Одеська,
2019,заклади позашкільної освіти зі швидкісним (більше 30 Мбіт/с) проводовим або безпроводовим доступом до мережі Інтернет,Полтавська,
2019,заклади позашкільної освіти зі швидкісним (більше 30 Мбіт/с) проводовим або безпроводовим доступом до мережі Інтернет,Рівненська,
2019,заклади позашкільної освіти зі швидкісним (більше 30 Мбіт/с) проводовим або безпроводовим доступом до мережі Інтернет,Сумська,
2019,заклади позашкільної освіти зі швидкісним (більше 30 Мбіт/с) проводовим або безпроводовим доступом до мережі Інтернет,Тернопільська,
2019,заклади позашкільної освіти зі швидкісним (більше 30 Мбіт/с) проводовим або безпроводовим доступом до мережі Інтернет,Харківська,
2019,заклади позашкільної освіти зі швидкісним (більше 30 Мбіт/с) проводовим або безпроводовим доступом до мережі Інтернет,Херсонська,
2019,заклади позашкільної освіти зі швидкісним (більше 30 Мбіт/с) проводовим або безпроводовим доступом до мережі Інтернет,Хмельницька,
2019,заклади позашкільної освіти зі швидкісним (більше 30 Мбіт/с) проводовим або безпроводовим доступом до мережі Інтернет,Черкаська,
2019,заклади позашкільної освіти зі швидкісним (більше 30 Мбіт/с) проводовим або безпроводовим доступом до мережі Інтернет,Чернівецька,
2019,заклади позашкільної освіти зі швидкісним (більше 30 Мбіт/с) проводовим або безпроводовим доступом до мережі Інтернет,Чернігівська,
2019,заклади позашкільної освіти зі швидкісним (більше 30 Мбіт/с) проводовим або безпроводовим доступом до мережі Інтернет,м. Київ,
2019,заклади позашкільної освіти зі швидкісним (більше 30 Мбіт/с) проводовим або безпроводовим доступом до мережі Інтернет,м. Севастополь,
2020,заклади позашкільної освіти зі швидкісним (більше 30 Мбіт/с) проводовим або безпроводовим доступом до мережі Інтернет,Україна,
2020,заклади позашкільної освіти зі швидкісним (більше 30 Мбіт/с) проводовим або безпроводовим доступом до мережі Інтернет,Автономна Республіка Крим,
2020,заклади позашкільної освіти зі швидкісним (більше 30 Мбіт/с) проводовим або безпроводовим доступом до мережі Інтернет,Вінницька,
2020,заклади позашкільної освіти зі швидкісним (більше 30 Мбіт/с) проводовим або безпроводовим доступом до мережі Інтернет,Волинська,
2020,заклади позашкільної освіти зі швидкісним (більше 30 Мбіт/с) проводовим або безпроводовим доступом до мережі Інтернет,Дніпропетровська,
2020,заклади позашкільної освіти зі швидкісним (більше 30 Мбіт/с) проводовим або безпроводовим доступом до мережі Інтернет,Донецька,
2020,заклади позашкільної освіти зі швидкісним (більше 30 Мбіт/с) проводовим або безпроводовим доступом до мережі Інтернет,Житомирська,
2020,заклади позашкільної освіти зі швидкісним (більше 30 Мбіт/с) проводовим або безпроводовим доступом до мережі Інтернет,Закарпатська,
2020,заклади позашкільної освіти зі швидкісним (більше 30 Мбіт/с) проводовим або безпроводовим доступом до мережі Інтернет,Запорізька,
2020,заклади позашкільної освіти зі швидкісним (більше 30 Мбіт/с) проводовим або безпроводовим доступом до мережі Інтернет,Івано-Франківська,
2020,заклади позашкільної освіти зі швидкісним (більше 30 Мбіт/с) проводовим або безпроводовим доступом до мережі Інтернет,Київська,
2020,заклади позашкільної освіти зі швидкісним (більше 30 Мбіт/с) проводовим або безпроводовим доступом до мережі Інтернет,Кіровоградська,
2020,заклади позашкільної освіти зі швидкісним (більше 30 Мбіт/с) проводовим або безпроводовим доступом до мережі Інтернет,Луганська,
2020,заклади позашкільної освіти зі швидкісним (більше 30 Мбіт/с) проводовим або безпроводовим доступом до мережі Інтернет,Львівська,
2020,заклади позашкільної освіти зі швидкісним (більше 30 Мбіт/с) проводовим або безпроводовим доступом до мережі Інтернет,Миколаївська,
2020,заклади позашкільної освіти зі швидкісним (більше 30 Мбіт/с) проводовим або безпроводовим доступом до мережі Інтернет,Одеська,
2020,заклади позашкільної освіти зі швидкісним (більше 30 Мбіт/с) проводовим або безпроводовим доступом до мережі Інтернет,Полтавська,
2020,заклади позашкільної освіти зі швидкісним (більше 30 Мбіт/с) проводовим або безпроводовим доступом до мережі Інтернет,Рівненська,
2020,заклади позашкільної освіти зі швидкісним (більше 30 Мбіт/с) проводовим або безпроводовим доступом до мережі Інтернет,Сумська,
2020,заклади позашкільної освіти зі швидкісним (більше 30 Мбіт/с) проводовим або безпроводовим доступом до мережі Інтернет,Тернопільська,
2020,заклади позашкільної освіти зі швидкісним (більше 30 Мбіт/с) проводовим або безпроводовим доступом до мережі Інтернет,Харківська,
2020,заклади позашкільної освіти зі швидкісним (більше 30 Мбіт/с) проводовим або безпроводовим доступом до мережі Інтернет,Херсонська,
2020,заклади позашкільної освіти зі швидкісним (більше 30 Мбіт/с) проводовим або безпроводовим доступом до мережі Інтернет,Хмельницька,
2020,заклади позашкільної освіти зі швидкісним (більше 30 Мбіт/с) проводовим або безпроводовим доступом до мережі Інтернет,Черкаська,
2020,заклади позашкільної освіти зі швидкісним (більше 30 Мбіт/с) проводовим або безпроводовим доступом до мережі Інтернет,Чернівецька,
2020,заклади позашкільної освіти зі швидкісним (більше 30 Мбіт/с) проводовим або безпроводовим доступом до мережі Інтернет,Чернігівська,
2020,заклади позашкільної освіти зі швидкісним (більше 30 Мбіт/с) проводовим або безпроводовим доступом до мережі Інтернет,м. Київ,
2020,заклади позашкільної освіти зі швидкісним (більше 30 Мбіт/с) проводовим або безпроводовим доступом до мережі Інтернет,м. Севастополь,
2021,заклади позашкільної освіти зі швидкісним (більше 30 Мбіт/с) проводовим або безпроводовим доступом до мережі Інтернет,Україна,
2021,заклади позашкільної освіти зі швидкісним (більше 30 Мбіт/с) проводовим або безпроводовим доступом до мережі Інтернет,Автономна Республіка Крим,
2021,заклади позашкільної освіти зі швидкісним (більше 30 Мбіт/с) проводовим або безпроводовим доступом до мережі Інтернет,Вінницька,
2021,заклади позашкільної освіти зі швидкісним (більше 30 Мбіт/с) проводовим або безпроводовим доступом до мережі Інтернет,Волинська,
2021,заклади позашкільної освіти зі швидкісним (більше 30 Мбіт/с) проводовим або безпроводовим доступом до мережі Інтернет,Дніпропетровська,
2021,заклади позашкільної освіти зі швидкісним (більше 30 Мбіт/с) проводовим або безпроводовим доступом до мережі Інтернет,Донецька,
2021,заклади позашкільної освіти зі швидкісним (більше 30 Мбіт/с) проводовим або безпроводовим доступом до мережі Інтернет,Житомирська,
2021,заклади позашкільної освіти зі швидкісним (більше 30 Мбіт/с) проводовим або безпроводовим доступом до мережі Інтернет,Закарпатська,
2021,заклади позашкільної освіти зі швидкісним (більше 30 Мбіт/с) проводовим або безпроводовим доступом до мережі Інтернет,Запорізька,
2021,заклади позашкільної освіти зі швидкісним (більше 30 Мбіт/с) проводовим або безпроводовим доступом до мережі Інтернет,Івано-Франківська,
2021,заклади позашкільної освіти зі швидкісним (більше 30 Мбіт/с) проводовим або безпроводовим доступом до мережі Інтернет,Київська,
2021,заклади позашкільної освіти зі швидкісним (більше 30 Мбіт/с) проводовим або безпроводовим доступом до мережі Інтернет,Кіровоградська,
2021,заклади позашкільної освіти зі швидкісним (більше 30 Мбіт/с) проводовим або безпроводовим доступом до мережі Інтернет,Луганська,
2021,заклади позашкільної освіти зі швидкісним (більше 30 Мбіт/с) проводовим або безпроводовим доступом до мережі Інтернет,Львівська,
2021,заклади позашкільної освіти зі швидкісним (більше 30 Мбіт/с) проводовим або безпроводовим доступом до мережі Інтернет,Миколаївська,
2021,заклади позашкільної освіти зі швидкісним (більше 30 Мбіт/с) проводовим або безпроводовим доступом до мережі Інтернет,Одеська,
2021,заклади позашкільної освіти зі швидкісним (більше 30 Мбіт/с) проводовим або безпроводовим доступом до мережі Інтернет,Полтавська,
2021,заклади позашкільної освіти зі швидкісним (більше 30 Мбіт/с) проводовим або безпроводовим доступом до мережі Інтернет,Рівненська,
2021,заклади позашкільної освіти зі швидкісним (більше 30 Мбіт/с) проводовим або безпроводовим доступом до мережі Інтернет,Сумська,
2021,заклади позашкільної освіти зі швидкісним (більше 30 Мбіт/с) проводовим або безпроводовим доступом до мережі Інтернет,Тернопільська,
2021,заклади позашкільної освіти зі швидкісним (більше 30 Мбіт/с) проводовим або безпроводовим доступом до мережі Інтернет,Харківська,
2021,заклади позашкільної освіти зі швидкісним (більше 30 Мбіт/с) проводовим або безпроводовим доступом до мережі Інтернет,Херсонська,
2021,заклади позашкільної освіти зі швидкісним (більше 30 Мбіт/с) проводовим або безпроводовим доступом до мережі Інтернет,Хмельницька,
2021,заклади позашкільної освіти зі швидкісним (більше 30 Мбіт/с) проводовим або безпроводовим доступом до мережі Інтернет,Черкаська,
2021,заклади позашкільної освіти зі швидкісним (більше 30 Мбіт/с) проводовим або безпроводовим доступом до мережі Інтернет,Чернівецька,
2021,заклади позашкільної освіти зі швидкісним (більше 30 Мбіт/с) проводовим або безпроводовим доступом до мережі Інтернет,Чернігівська,
2021,заклади позашкільної освіти зі швидкісним (більше 30 Мбіт/с) проводовим або безпроводовим доступом до мережі Інтернет,м. Київ,
2021,заклади позашкільної освіти зі швидкісним (більше 30 Мбіт/с) проводовим або безпроводовим доступом до мережі Інтернет,м. Севастополь,
2022,заклади позашкільної освіти зі швидкісним (більше 30 Мбіт/с) проводовим або безпроводовим доступом до мережі Інтернет,Україна,61.2
2022,заклади позашкільної освіти зі швидкісним (більше 30 Мбіт/с) проводовим або безпроводовим доступом до мережі Інтернет,Автономна Республіка Крим,
2022,заклади позашкільної освіти зі швидкісним (більше 30 Мбіт/с) проводовим або безпроводовим доступом до мережі Інтернет,Вінницька,61.4
2022,заклади позашкільної освіти зі швидкісним (більше 30 Мбіт/с) проводовим або безпроводовим доступом до мережі Інтернет,Волинська,65.71
2022,заклади позашкільної освіти зі швидкісним (більше 30 Мбіт/с) проводовим або безпроводовим доступом до мережі Інтернет,Дніпропетровська,50.94
2022,заклади позашкільної освіти зі швидкісним (більше 30 Мбіт/с) проводовим або безпроводовим доступом до мережі Інтернет,Донецька,61.11
2022,заклади позашкільної освіти зі швидкісним (більше 30 Мбіт/с) проводовим або безпроводовим доступом до мережі Інтернет,Житомирська,47.5
2022,заклади позашкільної освіти зі швидкісним (більше 30 Мбіт/с) проводовим або безпроводовим доступом до мережі Інтернет,Закарпатська,46.15
2022,заклади позашкільної освіти зі швидкісним (більше 30 Мбіт/с) проводовим або безпроводовим доступом до мережі Інтернет,Запорізька,67.86
2022,заклади позашкільної освіти зі швидкісним (більше 30 Мбіт/с) проводовим або безпроводовим доступом до мережі Інтернет,Івано-Франківська,60.0
2022,заклади позашкільної освіти зі швидкісним (більше 30 Мбіт/с) проводовим або безпроводовим доступом до мережі Інтернет,Київська,77.22
2022,заклади позашкільної освіти зі швидкісним (більше 30 Мбіт/с) проводовим або безпроводовим доступом до мережі Інтернет,Кіровоградська,60.0
2022,заклади позашкільної освіти зі швидкісним (більше 30 Мбіт/с) проводовим або безпроводовим доступом до мережі Інтернет,Луганська,56.52
2022,заклади позашкільної освіти зі швидкісним (більше 30 Мбіт/с) проводовим або безпроводовим доступом до мережі Інтернет,Львівська,54.93
2022,заклади позашкільної освіти зі швидкісним (більше 30 Мбіт/с) проводовим або безпроводовим доступом до мережі Інтернет,Миколаївська,51.43
2022,заклади позашкільної освіти зі швидкісним (більше 30 Мбіт/с) проводовим або безпроводовим доступом до мережі Інтернет,Одеська,65.63
2022,заклади позашкільної освіти зі швидкісним (більше 30 Мбіт/с) проводовим або безпроводовим доступом до мережі Інтернет,Полтавська,74.55
2022,заклади позашкільної освіти зі швидкісним (більше 30 Мбіт/с) проводовим або безпроводовим доступом до мережі Інтернет,Рівненська,45.71
2022,заклади позашкільної освіти зі швидкісним (більше 30 Мбіт/с) проводовим або безпроводовим доступом до мережі Інтернет,Сумська,61.9
2022,заклади позашкільної освіти зі швидкісним (більше 30 Мбіт/с) проводовим або безпроводовим доступом до мережі Інтернет,Тернопільська,66.67
2022,заклади позашкільної освіти зі швидкісним (більше 30 Мбіт/с) проводовим або безпроводовим доступом до мережі Інтернет,Харківська,68.18
2022,заклади позашкільної освіти зі швидкісним (більше 30 Мбіт/с) проводовим або безпроводовим доступом до мережі Інтернет,Херсонська,50.0
2022,заклади позашкільної освіти зі швидкісним (більше 30 Мбіт/с) проводовим або безпроводовим доступом до мережі Інтернет,Хмельницька,60.98
2022,заклади позашкільної освіти зі швидкісним (більше 30 Мбіт/с) проводовим або безпроводовим доступом до мережі Інтернет,Черкаська,85.71
2022,заклади позашкільної освіти зі швидкісним (більше 30 Мбіт/с) проводовим або безпроводовим доступом до мережі Інтернет,Чернівецька,77.78
2022,заклади позашкільної освіти зі швидкісним (більше 30 Мбіт/с) проводовим або безпроводовим доступом до мережі Інтернет,Чернігівська,36.96
2022,заклади позашкільної освіти зі швидкісним (більше 30 Мбіт/с) проводовим або безпроводовим доступом до мережі Інтернет,м. Київ,66.67
2022,заклади позашкільної освіти зі швидкісним (більше 30 Мбіт/с) проводовим або безпроводовим доступом до мережі Інтернет,м. Севастополь,
2023,заклади позашкільної освіти зі швидкісним (більше 30 Мбіт/с) проводовим або безпроводовим доступом до мережі Інтернет,Україна,65.7
2023,заклади позашкільної освіти зі швидкісним (більше 30 Мбіт/с) проводовим або безпроводовим доступом до мережі Інтернет,Автономна Республіка Крим,
2023,заклади позашкільної освіти зі швидкісним (більше 30 Мбіт/с) проводовим або безпроводовим доступом до мережі Інтернет,Вінницька,77.55
2023,заклади позашкільної освіти зі швидкісним (більше 30 Мбіт/с) проводовим або безпроводовим доступом до мережі Інтернет,Волинська,75.76
2023,заклади позашкільної освіти зі швидкісним (більше 30 Мбіт/с) проводовим або безпроводовим доступом до мережі Інтернет,Дніпропетровська,54.9
2023,заклади позашкільної освіти зі швидкісним (більше 30 Мбіт/с) проводовим або безпроводовим доступом до мережі Інтернет,Донецька,33.33
2023,заклади позашкільної освіти зі швидкісним (більше 30 Мбіт/с) проводовим або безпроводовим доступом до мережі Інтернет,Житомирська,73.91
2023,заклади позашкільної освіти зі швидкісним (більше 30 Мбіт/с) проводовим або безпроводовим доступом до мережі Інтернет,Закарпатська,68.18
2023,заклади позашкільної освіти зі швидкісним (більше 30 Мбіт/с) проводовим або безпроводовим доступом до мережі Інтернет,Запорізька,53.85
2023,заклади позашкільної освіти зі швидкісним (більше 30 Мбіт/с) проводовим або безпроводовим доступом до мережі Інтернет,Івано-Франківська,80.39
2023,заклади позашкільної освіти зі швидкісним (більше 30 Мбіт/с) проводовим або безпроводовим доступом до мережі Інтернет,Київська,71.43
2023,заклади позашкільної освіти зі швидкісним (більше 30 Мбіт/с) проводовим або безпроводовим доступом до мережі Інтернет,Кіровоградська,72.84
2023,заклади позашкільної освіти зі швидкісним (більше 30 Мбіт/с) проводовим або безпроводовим доступом до мережі Інтернет,Луганська,0.0
2023,заклади позашкільної освіти зі швидкісним (більше 30 Мбіт/с) проводовим або безпроводовим доступом до мережі Інтернет,Львівська,66.18
2023,заклади позашкільної освіти зі швидкісним (більше 30 Мбіт/с) проводовим або безпроводовим доступом до мережі Інтернет,Миколаївська,62.16
2023,заклади позашкільної освіти зі швидкісним (більше 30 Мбіт/с) проводовим або безпроводовим доступом до мережі Інтернет,Одеська,67.74
2023,заклади позашкільної освіти зі швидкісним (більше 30 Мбіт/с) проводовим або безпроводовим доступом до мережі Інтернет,Полтавська,82.76
2023,заклади позашкільної освіти зі швидкісним (більше 30 Мбіт/с) проводовим або безпроводовим доступом до мережі Інтернет,Рівненська,67.24
2023,заклади позашкільної освіти зі швидкісним (більше 30 Мбіт/с) проводовим або безпроводовим доступом до мережі Інтернет,Сумська,65.28
2023,заклади позашкільної освіти зі швидкісним (більше 30 Мбіт/с) проводовим або безпроводовим доступом до мережі Інтернет,Тернопільська,75.0
2023,заклади позашкільної освіти зі швидкісним (більше 30 Мбіт/с) проводовим або безпроводовим доступом до мережі Інтернет,Харківська,63.33
2023,заклади позашкільної освіти зі швидкісним (більше 30 Мбіт/с) проводовим або безпроводовим доступом до мережі Інтернет,Херсонська,12.12
2023,заклади позашкільної освіти зі швидкісним (більше 30 Мбіт/с) проводовим або безпроводовим доступом до мережі Інтернет,Хмельницька,71.79
2023,заклади позашкільної освіти зі швидкісним (більше 30 Мбіт/с) проводовим або безпроводовим доступом до мережі Інтернет,Черкаська,90.48
2023,заклади позашкільної освіти зі швидкісним (більше 30 Мбіт/с) проводовим або безпроводовим доступом до мережі Інтернет,Чернівецька,66.67
2023,заклади позашкільної освіти зі швидкісним (більше 30 Мбіт/с) проводовим або безпроводовим доступом до мережі Інтернет,Чернігівська,56.41
2023,заклади позашкільної освіти зі швидкісним (більше 30 Мбіт/с) проводовим або безпроводовим доступом до мережі Інтернет,м. Київ,74.42
2023,заклади позашкільної освіти зі швидкісним (більше 30 Мбіт/с) проводовим або безпроводовим доступом до мережі Інтернет,м. Севастополь,
2024,заклади позашкільної освіти зі швидкісним (більше 30 Мбіт/с) проводовим або безпроводовим доступом до мережі Інтернет,Україна,68.43
2024,заклади позашкільної освіти зі швидкісним (більше 30 Мбіт/с) проводовим або безпроводовим доступом до мережі Інтернет,Автономна Республіка Крим,
2024,заклади позашкільної освіти зі швидкісним (більше 30 Мбіт/с) проводовим або безпроводовим доступом до мережі Інтернет,Вінницька,82.98
2024,заклади позашкільної освіти зі швидкісним (більше 30 Мбіт/с) проводовим або безпроводовим доступом до мережі Інтернет,Волинська,75.76
2024,заклади позашкільної освіти зі швидкісним (більше 30 Мбіт/с) проводовим або безпроводовим доступом до мережі Інтернет,Дніпропетровська,57.43
2024,заклади позашкільної освіти зі швидкісним (більше 30 Мбіт/с) проводовим або безпроводовим доступом до мережі Інтернет,Донецька,29.73
2024,заклади позашкільної освіти зі швидкісним (більше 30 Мбіт/с) проводовим або безпроводовим доступом до мережі Інтернет,Житомирська,72.92
2024,заклади позашкільної освіти зі швидкісним (більше 30 Мбіт/с) проводовим або безпроводовим доступом до мережі Інтернет,Закарпатська,80.95
2024,заклади позашкільної освіти зі швидкісним (більше 30 Мбіт/с) проводовим або безпроводовим доступом до мережі Інтернет,Запорізька,45.24
2024,заклади позашкільної освіти зі швидкісним (більше 30 Мбіт/с) проводовим або безпроводовим доступом до мережі Інтернет,Івано-Франківська,68.09
2024,заклади позашкільної освіти зі швидкісним (більше 30 Мбіт/с) проводовим або безпроводовим доступом до мережі Інтернет,Київська,71.28
2024,заклади позашкільної освіти зі швидкісним (більше 30 Мбіт/с) проводовим або безпроводовим доступом до мережі Інтернет,Кіровоградська,74.32
2024,заклади позашкільної освіти зі швидкісним (більше 30 Мбіт/с) проводовим або безпроводовим доступом до мережі Інтернет,Луганська,0.0
2024,заклади позашкільної освіти зі швидкісним (більше 30 Мбіт/с) проводовим або безпроводовим доступом до мережі Інтернет,Львівська,73.53
2024,заклади позашкільної освіти зі швидкісним (більше 30 Мбіт/с) проводовим або безпроводовим доступом до мережі Інтернет,Миколаївська,66.67
2024,заклади позашкільної освіти зі швидкісним (більше 30 Мбіт/с) проводовим або безпроводовим доступом до мережі Інтернет,Одеська,67.21
2024,заклади позашкільної освіти зі швидкісним (більше 30 Мбіт/с) проводовим або безпроводовим доступом до мережі Інтернет,Полтавська,82.69
2024,заклади позашкільної освіти зі швидкісним (більше 30 Мбіт/с) проводовим або безпроводовим доступом до мережі Інтернет,Рівненська,67.65
2024,заклади позашкільної освіти зі швидкісним (більше 30 Мбіт/с) проводовим або безпроводовим доступом до мережі Інтернет,Сумська,77.97
2024,заклади позашкільної освіти зі швидкісним (більше 30 Мбіт/с) проводовим або безпроводовим доступом до мережі Інтернет,Тернопільська,77.78
2024,заклади позашкільної освіти зі швидкісним (більше 30 Мбіт/с) проводовим або безпроводовим доступом до мережі Інтернет,Харківська,71.67
2024,заклади позашкільної освіти зі швидкісним (більше 30 Мбіт/с) проводовим або безпроводовим доступом до мережі Інтернет,Херсонська,20.83
2024,заклади позашкільної освіти зі швидкісним (більше 30 Мбіт/с) проводовим або безпроводовим доступом до мережі Інтернет,Хмельницька,69.05
2024,заклади позашкільної освіти зі швидкісним (більше 30 Мбіт/с) проводовим або безпроводовим доступом до мережі Інтернет,Черкаська,90.48
2024,заклади позашкільної освіти зі швидкісним (більше 30 Мбіт/с) проводовим або безпроводовим доступом до мережі Інтернет,Чернівецька,79.17
2024,заклади позашкільної освіти зі швидкісним (більше 30 Мбіт/с) проводовим або безпроводовим доступом до мережі Інтернет,Чернігівська,59.46
2024,заклади позашкільної освіти зі швидкісним (більше 30 Мбіт/с) проводовим або безпроводовим доступом до мережі Інтернет,м. Київ,79.55
2024,заклади позашкільної освіти зі швидкісним (більше 30 Мбіт/с) проводовим або безпроводовим доступом до мережі Інтернет,м. Севастополь,
2025,заклади позашкільної освіти зі швидкісним (більше 30 Мбіт/с) проводовим або безпроводовим доступом до мережі Інтернет,Україна,71.08
2025,заклади позашкільної освіти зі швидкісним (більше 30 Мбіт/с) проводовим або безпроводовим доступом до мережі Інтернет,Автономна Республіка Крим,
2025,заклади позашкільної освіти зі швидкісним (більше 30 Мбіт/с) проводовим або безпроводовим доступом до мережі Інтернет,Вінницька,85.11
2025,заклади позашкільної освіти зі швидкісним (більше 30 Мбіт/с) проводовим або безпроводовим доступом до мережі Інтернет,Волинська,69.7
2025,заклади позашкільної освіти зі швидкісним (більше 30 Мбіт/с) проводовим або безпроводовим доступом до мережі Інтернет,Дніпропетровська,64.95
2025,заклади позашкільної освіти зі швидкісним (більше 30 Мбіт/с) проводовим або безпроводовим доступом до мережі Інтернет,Донецька,29.41
2025,заклади позашкільної освіти зі швидкісним (більше 30 Мбіт/с) проводовим або безпроводовим доступом до мережі Інтернет,Житомирська,70.0
2025,заклади позашкільної освіти зі швидкісним (більше 30 Мбіт/с) проводовим або безпроводовим доступом до мережі Інтернет,Закарпатська,90.0
2025,заклади позашкільної освіти зі швидкісним (більше 30 Мбіт/с) проводовим або безпроводовим доступом до мережі Інтернет,Запорізька,66.67
2025,заклади позашкільної освіти зі швидкісним (більше 30 Мбіт/с) проводовим або безпроводовим доступом до мережі Інтернет,Івано-Франківська,78.72
2025,заклади позашкільної освіти зі швидкісним (більше 30 Мбіт/с) проводовим або безпроводовим доступом до мережі Інтернет,Київська,73.68
2025,заклади позашкільної освіти зі швидкісним (більше 30 Мбіт/с) проводовим або безпроводовим доступом до мережі Інтернет,Кіровоградська,77.33
2025,заклади позашкільної освіти зі швидкісним (більше 30 Мбіт/с) проводовим або безпроводовим доступом до мережі Інтернет,Луганська,0.0
2025,заклади позашкільної освіти зі швидкісним (більше 30 Мбіт/с) проводовим або безпроводовим доступом до мережі Інтернет,Львівська,66.18
2025,заклади позашкільної освіти зі швидкісним (більше 30 Мбіт/с) проводовим або безпроводовим доступом до мережі Інтернет,Миколаївська,72.22
2025,заклади позашкільної освіти зі швидкісним (більше 30 Мбіт/с) проводовим або безпроводовим доступом до мережі Інтернет,Одеська,70.0
2025,заклади позашкільної освіти зі швидкісним (більше 30 Мбіт/с) проводовим або безпроводовим доступом до мережі Інтернет,Полтавська,81.63
2025,заклади позашкільної освіти зі швидкісним (більше 30 Мбіт/с) проводовим або безпроводовим доступом до мережі Інтернет,Рівненська,71.43
2025,заклади позашкільної освіти зі швидкісним (більше 30 Мбіт/с) проводовим або безпроводовим доступом до мережі Інтернет,Сумська,81.03
2025,заклади позашкільної освіти зі швидкісним (більше 30 Мбіт/с) проводовим або безпроводовим доступом до мережі Інтернет,Тернопільська,77.78
2025,заклади позашкільної освіти зі швидкісним (більше 30 Мбіт/с) проводовим або безпроводовим доступом до мережі Інтернет,Харківська,66.67
2025,заклади позашкільної освіти зі швидкісним (більше 30 Мбіт/с) проводовим або безпроводовим доступом до мережі Інтернет,Херсонська,20.0
2025,заклади позашкільної освіти зі швидкісним (більше 30 Мбіт/с) проводовим або безпроводовим доступом до мережі Інтернет,Хмельницька,82.93
2025,заклади позашкільної освіти зі швидкісним (більше 30 Мбіт/с) проводовим або безпроводовим доступом до мережі Інтернет,Черкаська,95.24
2025,заклади позашкільної освіти зі швидкісним (більше 30 Мбіт/с) проводовим або безпроводовим доступом до мережі Інтернет,Чернівецька,73.91
2025,заклади позашкільної освіти зі швидкісним (більше 30 Мбіт/с) проводовим або безпроводовим доступом до мережі Інтернет,Чернігівська,62.86
2025,заклади позашкільної освіти зі швидкісним (більше 30 Мбіт/с) проводовим або безпроводовим доступом до мережі Інтернет,м. Київ,69.77
2025,заклади позашкільної освіти зі швидкісним (більше 30 Мбіт/с) проводовим або безпроводовим доступом до мережі Інтернет,м. Севастополь,
