Year,Value
2015,
2016,0.111074
2017,0.487161
2018,0.747558
2019,1.095830
2020,1.720922
2021,2.237647
2022,0.624392
2023,1.091939
2024,0.954000
